filenames,binids
tc0175_A03_S02,3
tc0167_A01_S01,1
tc0387_A03_S01,3
tc0548_A04_S04,4
tc0723_A03_S02,5
tc0504_A04_S01,4
tc0227_A02_S04,4
tc0533_A01_S04,1
tc0660_A05_S04,5
tc0266_A04_S02,4
tc0212_A02_S02,2
tc0678_A02_S04,3
tc0265_A05_S03,5
tc0294_A04_S03,4
tc0083_A02_S02,2
tc0594_A02_S02,2
tc0487_A04_S04,5
tc0267_A04_S03,4
tc0170_A02_S01,2
tc0220_A05_S02,5
tc0173_A03_S02,3
tc0591_A04_S02,4
tc0284_A04_S02,4
tc0166_A03_S01,3
tc0335_A03_S02,3
tc0328_A05_S03,5
tc0201_A02_S03,3
tc0438_A02_S03,3
tc0078_A05_S02,5
tc0510_A02_S02,1
tc0602_A03_S02,3
tc0234_A02_S01,3
tc0001_A03_S01,3
tc0709_A02_S02,2
tc0718_A05_S01,5
tc0573_A03_S01,3
tc0161_A05_S05,5
tc0486_A03_S02,3
tc0196_A02_S02,3
tc0294_A01_S04,1
tc0328_A01_S01,1
tc0201_A02_S04,3
tc0459_A04_S01,4
tc0359_A04_S02,4
tc0171_A03_S03,3
tc0156_A01_S01,1
tc0565_A01_S02,1
tc0203_A01_S02,1
tc0581_A05_S01,4
tc0522_A01_S04,2
tc0234_A01_S03,2
tc0530_A01_S01,1
tc0352_A01_S03,1
tc0475_A01_S01,1
tc0530_A01_S04,2
tc0334_A02_S03,2
tc0565_A04_S01,4
tc0430_A05_S02,5
tc0145_A03_S03,3
tc0265_A04_S04,4
tc0232_A03_S03,3
tc0324_A03_S03,3
tc0365_A01_S03,2
tc0220_A01_S03,1
tc0541_A03_S02,5
tc0563_A04_S04,4
tc0390_A04_S02,4
tc0222_A02_S01,2
tc0590_A05_S03,5
tc0688_A04_S02,4
tc0130_A01_S01,1
tc0604_A02_S02,4
tc0439_A05_S03,5
tc0001_A05_S03,5
tc0361_A05_S04,5
tc0459_A04_S03,4
tc0159_A03_S03,3
tc0176_A04_S04,4
tc0265_A03_S03,3
tc0325_A04_S02,4
tc0218_A04_S01,4
tc0590_A01_S03,1
tc0287_A03_S02,5
tc0217_A01_S02,1
tc0352_A02_S01,2
tc0713_A03_S01,3
tc0657_A01_S01,1
tc0566_A01_S01,1
tc0084_A06_S01,5
tc0214_A04_S01,
tc0438_A04_S03,5
tc0495_A03_S02,3
tc0709_A01_S04,2
tc0160_A04_S01,3
tc0578_A02_S01,1
tc0629_A03_S02,3
tc0025_A04_S07,5
tc0133_A01_S04,1
tc0527_A01_S01,1
tc0724_A02_S04,3
tc0156_A02_S01,2
tc0704_A02_S04,3
tc0334_A01_S03,1
tc0143_A04_S02,4
tc0581_A06_S01,5
tc0566_A03_S03,3
tc0416_A05_S01,5
tc0564_A05_S01,4
tc0203_A02_S01,2
tc0608_A02_S03,2
tc0469_A01_S07,2
tc0484_A03_S01,2
tc0147_A04_S02,4
tc0627_A03_S02,3
tc0498_A02_S01,1
tc0140_A02_S03,2
tc0178_A03_S04,3
tc0190_A03_S03,3
tc0324_A01_S03,1
tc0091_A05_S03,5
tc0509_A03_S01,3
tc0694_A05_S03,5
tc0545_A05_S02,5
tc0153_A04_S02,4
tc0591_A01_S01,1
tc0570_A02_S01,2
tc0703_A02_S03,4
tc0132_A05_S02,5
tc0294_A05_S02,5
tc0473_A02_S01,1
tc0381_A02_S03,2
tc0324_A03_S02,3
tc0610_A01_S02,1
tc0329_A02_S03,2
tc0188_A02_S04,3
tc0714_A01_S01,1
tc0065_A01_S02,1
tc0700_A01_S03,1
tc0174_A04_S03,4
tc0527_A02_S03,2
tc0548_A04_S05,5
tc0273_A01_S02,1
tc0504_A02_S01,1
tc0351_A03_S01,2
tc0090_A04_S02,5
tc0361_A03_S02,3
tc0138_A03_S03,3
tc0365_A03_S01,4
tc0300_A02_S02,2
tc0215_A02_S04,3
tc0151_A03_S03,4
tc0622_A02_S03,2
tc0431_A01_S01,1
tc0714_A02_S03,2
tc0063_A01_S02,1
tc0230_A05_S01,5
tc0704_A05_S01,5
tc0141_A01_S03,1
tc0662_A04_S03,3
tc0132_A01_S02,1
tc0001_A04_S03,4
tc0512_A02_S01,1
tc0001_A01_S02,1
tc0173_A04_S01,3
tc0180_A01_S02,1
tc0399_A03_S02,3
tc0630_A01_S04,1
tc0707_A01_S01,1
tc0230_A04_S04,5
tc0131_A06_S03,5
tc0722_A02_S03,2
tc0025_A03_S02,2
tc0197_A01_S05,2
tc0567_A05_S01,4
tc0331_A05_S02,5
tc0088_A01_S03,1
tc0694_A01_S01,1
tc0625_A03_S04,3
tc0392_A05_S01,5
tc0567_A04_S01,3
tc0136_A03_S03,3
tc0161_A05_S03,5
tc0491_A03_S02,3
tc0267_A04_S01,3
tc0162_A05_S04,5
tc0453_A01_S01,1
tc0163_A01_S02,1
tc0402_A03_S03,3
tc0593_A01_S03,2
tc0527_A02_S02,2
tc0583_A03_S01,3
tc0168_A02_S01,1
tc0498_A04_S01,3
tc0660_A04_S02,4
tc0268_A02_S01,2
tc0169_A03_S03,2
tc0713_A03_S02,3
tc0365_A02_S01,3
tc0573_A02_S03,2
tc0583_A05_S03,5
tc0677_A03_S01,3
tc0273_A02_S04,2
tc0394_A01_S02,1
tc0259_A05_S01,5
tc0438_A01_S03,2
tc0172_A02_S01,2
tc0622_A03_S05,3
tc0526_A02_S01,2
tc0329_A04_S03,4
tc0139_A02_S04,2
tc0266_A03_S02,3
tc0533_A04_S01,4
tc0660_A01_S02,1
tc0529_A02_S02,3
tc0217_A05_S01,5
tc0161_A05_S04,5
tc0323_A01_S02,1
tc0083_A02_S01,2
tc0453_A03_S02,4
tc0134_A02_S04,3
tc0230_A05_S02,5
tc0476_A01_S03,1
tc0071_A04_S04,5
tc0458_A02_S05,4
tc0692_A01_S01,1
tc0182_A04_S01,4
tc0722_A04_S03,4
tc0527_A03_S02,3
tc0506_A01_S03,2
tc0039_A02_S03,4
tc0704_A02_S02,2
tc0295_A01_S04,1
tc0473_A01_S03,1
tc0583_A03_S04,
tc0582_A02_S01,2
tc0727_A04_S03,4
tc0323_A05_S01,5
tc0653_A02_S04,2
tc0080_A02_S01,2
tc0648_A03_S02,3
tc0034_A03_S01,2
tc0593_A01_S02,1
tc0178_A05_S03,5
tc0416_A04_S01,4
tc0172_A01_S03,1
tc0681_A05_S04,5
tc0691_A03_S01,3
tc0232_A04_S02,5
tc0499_A01_S01,1
tc0051_A04_S04,4
tc0584_A04_S02,4
tc0284_A03_S03,3
tc0625_A02_S01,2
tc0531_A01_S02,1
tc0188_A04_S02,4
tc0188_A01_S02,1
tc0584_A05_S03,5
tc0187_A03_S01,3
tc0063_A02_S01,2
tc0177_A04_S03,4
tc0185_A05_S02,5
tc0127_A05_S03,5
tc0218_A03_S07,4
tc0343_A01_S01,1
tc0532_A05_S03,5
tc0440_A03_S01,3
tc0651_A01_S04,2
tc0416_A02_S03,3
tc0458_A01_S07,2
tc0588_A02_S01,2
tc0137_A05_S04,5
tc0656_A04_S03,4
tc0173_A02_S01,1
tc0512_A02_S02,2
tc0037_A05_S03,5
tc0200_A03_S01,3
tc0350_A03_S01,3
tc0025_A04_S03,4
tc0578_A01_S01,1
tc0491_A02_S01,2
tc0073_A05_S02,5
tc0583_A01_S03,1
tc0186_A01_S01,1
tc0651_A04_S01,
tc0259_A02_S04,2
tc0723_A01_S03,2
tc0487_A03_S02,3
tc0678_A02_S03,2
tc0120_A04_S01,4
tc0300_A03_S03,4
tc0677_A05_S03,5
tc0472_A01_S02,1
tc0334_A05_S01,4
tc0222_A01_S02,1
tc0494_A01_S02,1
tc0388_A04_S02,4
tc0326_A02_S02,2
tc0222_A01_S04,1
tc0588_A05_S03,5
tc0501_A03_S03,5
tc0173_A05_S05,5
tc0504_A04_S06,5
tc0565_A03_S02,3
tc0506_A02_S03,4
tc0702_A04_S02,4
tc0450_A03_S03,5
tc0125_A01_S01,1
tc0486_A04_S04,5
tc0469_A01_S03,1
tc0063_A02_S02,2
tc0171_A01_S01,1
tc0078_A02_S02,2
tc0528_A05_S01,5
tc0162_A04_S02,4
tc0521_A04_S02,4
tc0170_A05_S01,5
tc0259_A01_S01,1
tc0664_A02_S04,2
tc0182_A05_S02,5
tc0328_A05_S02,5
tc0296_A03_S01,3
tc0509_A04_S01,4
tc0164_A05_S01,5
tc0279_A01_S04,1
tc0688_A03_S03,3
tc0600_A03_S01,4
tc0215_A02_S02,2
tc0496_A02_S02,3
tc0233_A01_S04,1
tc0623_A05_S02,5
tc0473_A01_S01,1
tc0569_A04_S02,4
tc0175_A02_S03,2
tc0162_A01_S02,1
tc0629_A06_S02,5
tc0169_A06_S05,5
tc0140_A03_S03,3
tc0476_A03_S04,5
tc0171_A01_S03,1
tc0054_A02_S01,2
tc0410_A02_S03,3
tc0589_A01_S01,1
tc0586_A01_S01,1
tc0719_A01_S03,1
tc0576_A05_S04,5
tc0258_A03_S02,3
tc0088_A05_S01,5
tc0650_A04_S04,4
tc0078_A03_S02,3
tc0469_A01_S04,1
tc0142_A03_S02,3
tc0476_A02_S08,4
tc0080_A01_S02,1
tc0707_A05_S02,5
tc0659_A02_S01,1
tc0573_A01_S03,1
tc0143_A01_S02,1
tc0421_A04_S02,5
tc0491_A04_S02,4
tc0391_A01_S03,1
tc0140_A03_S05,4
tc0694_A03_S01,3
tc0661_A04_S03,4
tc0218_A03_S03,3
tc0389_A02_S03,3
tc0351_A04_S01,3
tc0604_A01_S03,3
tc0450_A01_S04,1
tc0079_A03_S02,3
tc0415_A02_S03,2
tc0563_A01_S01,1
tc0563_A03_S01,3
tc0271_A04_S03,4
tc0053_A02_S03,2
tc0191_A01_S01,1
tc0271_A04_S01,3
tc0590_A01_S01,1
tc0381_A01_S01,1
tc0585_A01_S01,1
tc0664_A04_S03,4
tc0603_A03_S02,3
tc0232_A02_S05,2
tc0059_A05_S01,4
tc0584_A03_S01,3
tc0269_A01_S02,1
tc0605_A03_S02,
tc0564_A05_S02,5
tc0584_A02_S03,2
tc0335_A05_S02,5
tc0232_A01_S01,1
tc0131_A04_S02,3
tc0131_A01_S01,1
tc0629_A05_S03,4
tc0218_A01_S01,1
tc0393_A01_S02,1
tc0677_A03_S03,3
tc0323_A04_S01,3
tc0142_A01_S03,1
tc0138_A03_S01,3
tc0300_A03_S02,
tc0409_A01_S04,2
tc0562_A02_S01,2
tc0533_A05_S04,5
tc0218_A02_S01,1
tc0217_A05_S02,5
tc0725_A02_S03,2
tc0054_A04_S01,
tc0665_A03_S03,3
tc0148_A04_S03,4
tc0459_A02_S05,2
tc0120_A02_S02,2
tc0409_A02_S03,2
tc0329_A04_S01,4
tc0290_A02_S05,2
tc0602_A04_S04,5
tc0532_A02_S04,3
tc0187_A04_S03,4
tc0130_A02_S01,1
tc0197_A05_S04,5
tc0501_A02_S01,2
tc0285_A03_S03,
tc0197_A01_S04,2
tc0007_A02_S04,3
tc0174_A02_S01,2
tc0658_A05_S04,5
tc0195_A05_S02,5
tc0084_A02_S01,1
tc0070_A02_S03,2
tc0570_A01_S03,2
tc0239_A01_S03,2
tc0386_A01_S01,1
tc0530_A03_S04,4
tc0663_A02_S01,1
tc0330_A02_S01,2
tc0607_A02_S05,3
tc0653_A04_S01,4
tc0152_A02_S02,2
tc0203_A05_S02,5
tc0302_A02_S03,3
tc0653_A05_S01,5
tc0152_A04_S03,4
tc0497_A05_S02,5
tc0610_A03_S04,3
tc0707_A01_S02,1
tc0526_A03_S01,3
tc0528_A02_S03,2
tc0144_A05_S01,5
tc0682_A03_S01,2
tc0711_A03_S01,4
tc0593_A01_S01,1
tc0259_A04_S04,4
tc0220_A03_S06,4
tc0530_A01_S03,1
tc0197_A04_S01,4
tc0436_A01_S01,1
tc0176_A04_S03,4
tc0130_A02_S03,2
tc0716_A01_S02,1
tc0071_A02_S03,2
tc0679_A03_S03,3
tc0250_A02_S02,2
tc0141_A05_S03,5
tc0528_A04_S04,4
tc0582_A03_S02,4
tc0461_A01_S05,2
tc0203_A04_S01,4
tc0007_A02_S06,4
tc0702_A04_S03,5
tc0051_A05_S02,5
tc0132_A02_S01,1
tc0332_A04_S03,5
tc0488_A02_S01,1
tc0440_A04_S01,4
tc0247_A05_S03,5
tc0715_A03_S02,5
tc0335_A04_S03,4
tc0718_A02_S01,2
tc0159_A02_S02,2
tc0704_A04_S01,4
tc0588_A02_S02,2
tc0136_A01_S03,1
tc0573_A02_S02,2
tc0212_A04_S01,
tc0361_A01_S03,1
tc0389_A03_S03,4
tc0065_A01_S04,2
tc0529_A03_S01,4
tc0295_A02_S04,3
tc0159_A04_S03,4
tc0222_A03_S02,3
tc0509_A04_S02,4
tc0688_A01_S04,1
tc0294_A04_S01,4
tc0077_A05_S05,5
tc0259_A03_S03,3
tc0160_A01_S01,1
tc0327_A02_S01,1
tc0333_A01_S03,1
tc0422_A01_S01,1
tc0089_A05_S01,5
tc0222_A03_S06,4
tc0422_A03_S02,3
tc0654_A02_S01,2
tc0142_A02_S02,2
tc0626_A01_S01,1
tc0680_A02_S01,1
tc0603_A03_S01,3
tc0230_A01_S01,1
tc0610_A02_S03,2
tc0594_A03_S02,3
tc0144_A04_S04,4
tc0294_A05_S01,5
tc0275_A02_S03,2
tc0563_A01_S02,1
tc0660_A01_S03,1
tc0143_A01_S03,1
tc0077_A05_S02,5
tc0053_A05_S01,5
tc0166_A04_S01,4
tc0529_A01_S04,2
tc0622_A04_S01,4
tc0566_A04_S02,4
tc0182_A03_S01,3
tc0247_A03_S05,3
tc0089_A03_S02,3
tc0295_A05_S02,5
tc0331_A03_S01,2
tc0335_A05_S04,5
tc0055_A01_S03,2
tc0187_A04_S05,4
tc0655_A04_S03,4
tc0140_A01_S02,1
tc0196_A01_S02,1
tc0184_A05_S01,5
tc0361_A02_S01,2
tc0551_A04_S03,4
tc0358_A02_S02,2
tc0322_A03_S01,3
tc0137_A02_S03,2
tc0065_A01_S03,2
tc0072_A01_S02,1
tc0530_A02_S04,3
tc0155_A04_S02,4
tc0715_A02_S05,3
tc0589_A03_S02,3
tc0592_A03_S01,3
tc0168_A04_S02,3
tc0167_A05_S04,5
tc0399_A01_S02,1
tc0258_A05_S05,5
tc0079_A05_S02,5
tc0690_A04_S02,4
tc0390_A05_S01,5
tc0454_A03_S04,4
tc0061_A02_S01,2
tc0180_A01_S01,1
tc0172_A05_S03,5
tc0653_A05_S03,5
tc0565_A01_S01,1
tc0713_A03_S04,3
tc0074_A03_S03,3
tc0715_A02_S04,3
tc0601_A01_S03,1
tc0190_A05_S02,5
tc0604_A01_S02,2
tc0054_A01_S02,1
tc0439_A01_S01,1
tc0173_A01_S02,1
tc0421_A05_S01,5
tc0215_A02_S05,3
tc0564_A03_S01,3
tc0234_A01_S01,1
tc0522_A02_S02,2
tc0673_A05_S01,5
tc0184_A05_S02,5
tc0294_A01_S01,1
tc0545_A01_S01,1
tc0578_A06_S01,5
tc0051_A04_S02,4
tc0688_A04_S04,4
tc0529_A04_S02,5
tc0409_A05_S03,5
tc0649_A04_S04,4
tc0727_A03_S04,3
tc0497_A01_S03,1
tc0627_A01_S03,1
tc0654_A01_S02,1
tc0578_A03_S02,3
tc0648_A05_S03,5
tc0679_A02_S02,2
tc0525_A03_S01,2
tc0690_A05_S03,5
tc0120_A01_S01,1
tc0352_A05_S01,4
tc0607_A01_S01,1
tc0172_A04_S03,4
tc0533_A03_S03,3
tc0718_A04_S01,4
tc0181_A03_S04,2
tc0485_A03_S02,4
tc0709_A04_S01,4
tc0359_A01_S01,1
tc0181_A03_S05,3
tc0163_A01_S01,1
tc0131_A06_S02,5
tc0441_A05_S01,4
tc0171_A03_S01,3
tc0566_A03_S01,3
tc0071_A01_S02,1
tc0569_A02_S01,1
tc0275_A05_S04,5
tc0600_A02_S03,3
tc0145_A05_S03,5
tc0607_A03_S02,3
tc0533_A04_S03,4
tc0692_A03_S02,3
tc0196_A05_S02,5
tc0296_A02_S04,2
tc0164_A02_S04,3
tc0296_A03_S02,3
tc0495_A03_S01,2
tc0655_A05_S03,5
tc0265_A01_S01,1
tc0078_A01_S01,1
tc0407_A04_S01,3
tc0174_A01_S01,1
tc0591_A01_S03,1
tc0651_A05_S03,5
tc0299_A03_S04,5
tc0358_A02_S04,3
tc0173_A01_S01,1
tc0593_A01_S04,2
tc0201_A01_S02,1
tc0510_A02_S04,2
tc0512_A06_S01,3
tc0664_A03_S03,3
tc0350_A05_S01,4
tc0077_A05_S01,4
tc0250_A05_S04,5
tc0179_A05_S05,5
tc0189_A05_S03,5
tc0712_A02_S03,2
tc0072_A05_S01,4
tc0331_A02_S03,2
tc0651_A05_S02,5
tc0660_A05_S03,5
tc0588_A03_S04,
tc0706_A03_S02,3
tc0039_A01_S04,2
tc0485_A04_S02,5
tc0359_A02_S02,2
tc0343_A02_S03,2
tc0436_A04_S01,4
tc0162_A01_S01,1
tc0652_A01_S02,1
tc0582_A04_S02,5
tc0179_A01_S02,1
tc0644_A05_S02,5
tc0551_A04_S05,4
tc0146_A05_S02,5
tc0562_A01_S03,1
tc0390_A02_S02,2
tc0086_A02_S03,3
tc0186_A01_S03,1
tc0690_A03_S01,3
tc0266_A03_S03,3
tc0076_A05_S02,5
tc0147_A02_S04,2
tc0512_A08_S01,5
tc0500_A03_S03,5
tc0441_A01_S01,1
tc0187_A01_S04,1
tc0657_A03_S03,3
tc0525_A05_S02,5
tc0500_A03_S02,4
tc0589_A04_S04,5
tc0607_A01_S04,1
tc0727_A03_S02,3
tc0627_A03_S01,3
tc0593_A02_S02,3
tc0429_A03_S02,4
tc0540_A01_S01,1
tc0285_A03_S01,3
tc0184_A01_S01,1
tc0688_A05_S02,5
tc0353_A04_S01,4
tc0429_A02_S01,2
tc0497_A05_S03,5
tc0271_A04_S04,4
tc0548_A01_S02,1
tc0516_A03_S01,3
tc0186_A04_S03,4
tc0389_A05_S02,5
tc0658_A02_S05,2
tc0217_A03_S03,3
tc0144_A04_S03,4
tc0331_A03_S02,3
tc0169_A02_S04,1
tc0147_A05_S02,5
tc0701_A03_S04,5
tc0233_A03_S03,3
tc0186_A02_S01,2
tc0268_A02_S03,2
tc0166_A02_S02,2
tc0696_A05_S01,5
tc0037_A01_S02,1
tc0168_A03_S03,3
tc0473_A02_S04,2
tc0563_A05_S02,5
tc0053_A02_S01,2
tc0156_A05_S03,5
tc0694_A04_S02,4
tc0509_A04_S03,4
tc0164_A02_S02,2
tc0679_A04_S02,4
tc0391_A02_S02,2
tc0326_A05_S01,5
tc0247_A02_S02,2
tc0293_A01_S05,2
tc0233_A05_S02,5
tc0086_A03_S02,3
tc0217_A01_S05,2
tc0191_A02_S03,2
tc0247_A02_S03,2
tc0531_A03_S04,3
tc0297_A03_S03,3
tc0472_A03_S01,4
tc0300_A04_S04,5
tc0626_A05_S02,5
tc0649_A01_S03,1
tc0132_A03_S02,3
tc0292_A02_S05,4
tc0007_A01_S02,1
tc0691_A01_S02,1
tc0694_A01_S03,1
tc0174_A04_S02,4
tc0149_A03_S01,3
tc0327_A04_S01,
tc0493_A04_S04,4
tc0513_A06_S02,5
tc0214_A05_S04,5
tc0520_A01_S04,2
tc0610_A02_S02,1
tc0086_A05_S03,5
tc0116_A02_S02,2
tc0499_A03_S03,
tc0681_A05_S02,5
tc0080_A04_S04,5
tc0039_A03_S03,5
tc0441_A05_S02,5
tc0034_A03_S04,3
tc0628_A02_S01,2
tc0177_A03_S03,3
tc0522_A03_S01,3
tc0161_A01_S02,1
tc0504_A03_S07,4
tc0159_A04_S02,4
tc0709_A05_S03,5
tc0387_A02_S03,2
tc0656_A05_S02,5
tc0269_A01_S01,1
tc0566_A05_S01,5
tc0230_A04_S02,4
tc0526_A02_S03,2
tc0587_A03_S03,3
tc0334_A05_S04,5
tc0134_A05_S03,5
tc0201_A03_S01,3
tc0652_A05_S02,5
tc0501_A01_S03,2
tc0329_A03_S02,3
tc0051_A01_S01,1
tc0453_A01_S03,1
tc0440_A02_S01,2
tc0516_A05_S03,5
tc0583_A03_S03,3
tc0191_A03_S04,3
tc0198_A05_S02,5
tc0565_A05_S03,5
tc0295_A02_S01,2
tc0146_A02_S01,2
tc0678_A02_S02,2
tc0077_A02_S01,1
tc0551_A04_S01,3
tc0620_A03_S01,3
tc0707_A02_S03,3
tc0090_A01_S01,1
tc0250_A03_S03,3
tc0496_A03_S01,4
tc0295_A05_S01,5
tc0148_A01_S02,1
tc0188_A01_S01,1
tc0533_A02_S04,3
tc0682_A03_S03,3
tc0294_A01_S03,1
tc0551_A05_S02,5
tc0086_A04_S02,4
tc0438_A02_S01,2
tc0025_A04_S06,5
tc0239_A01_S02,1
tc0116_A05_S02,5
tc0091_A03_S01,3
tc0525_A02_S02,2
tc0267_A01_S01,1
tc0545_A05_S01,5
tc0688_A02_S01,2
tc0157_A04_S01,
tc0570_A03_S01,3
tc0629_A04_S02,
tc0335_A01_S02,1
tc0078_A03_S03,4
tc0145_A03_S04,3
tc0186_A05_S03,5
tc0652_A05_S03,5
tc0436_A04_S02,4
tc0152_A02_S01,2
tc0086_A01_S01,1
tc0268_A03_S03,3
tc0438_A05_S01,5
tc0679_A02_S03,2
tc0250_A01_S01,1
tc0580_A02_S02,2
tc0169_A02_S01,1
tc0588_A04_S02,4
tc0087_A05_S02,5
tc0233_A04_S03,4
tc0172_A03_S02,3
tc0393_A04_S02,4
tc0130_A05_S04,5
tc0580_A01_S03,1
tc0151_A01_S01,1
tc0653_A01_S02,1
tc0187_A01_S02,1
tc0250_A04_S01,4
tc0055_A01_S01,1
tc0333_A02_S01,2
tc0297_A02_S02,2
tc0037_A03_S03,3
tc0586_A01_S02,1
tc0083_A04_S03,4
tc0177_A03_S02,3
tc0155_A03_S04,3
tc0007_A03_S04,5
tc0034_A05_S04,5
tc0388_A05_S01,5
tc0073_A03_S03,3
tc0561_A02_S02,2
tc0139_A03_S03,3
tc0150_A05_S03,5
tc0331_A04_S03,4
tc0719_A03_S01,3
tc0247_A03_S04,3
tc0001_A02_S02,2
tc0494_A04_S02,4
tc0184_A03_S04,3
tc0454_A03_S06,5
tc0167_A05_S05,5
tc0362_A03_S01,2
tc0513_A05_S04,4
tc0065_A02_S01,3
tc0047_A01_S03,1
tc0504_A03_S03,3
tc0136_A03_S01,2
tc0200_A01_S01,1
tc0702_A05_S02,5
tc0385_A04_S04,4
tc0201_A01_S01,1
tc0713_A01_S04,1
tc0397_A03_S01,3
tc0027_A03_S03,5
tc0664_A05_S03,5
tc0302_A02_S01,2
tc0521_A05_S01,5
tc0180_A04_S05,4
tc0576_A05_S02,5
tc0690_A04_S03,4
tc0326_A02_S03,2
tc0127_A02_S01,2
tc0051_A02_S02,2
tc0565_A01_S03,1
tc0220_A03_S03,3
tc0180_A03_S02,3
tc0472_A02_S01,3
tc0051_A02_S01,2
tc0258_A01_S02,1
tc0322_A04_S01,4
tc0181_A05_S01,4
tc0133_A02_S03,2
tc0259_A05_S04,5
tc0130_A05_S02,5
tc0195_A04_S01,4
tc0215_A03_S04,5
tc0388_A03_S02,3
tc0055_A03_S03,5
tc0576_A02_S02,2
tc0220_A04_S03,4
tc0155_A03_S02,3
tc0439_A05_S01,5
tc0430_A01_S02,1
tc0271_A03_S03,3
tc0416_A04_S03,5
tc0181_A03_S01,2
tc0058_A04_S01,4
tc0279_A01_S02,1
tc0153_A02_S02,2
tc0385_A01_S03,1
tc0247_A02_S01,1
tc0145_A02_S01,2
tc0001_A04_S01,4
tc0323_A02_S03,2
tc0653_A03_S05,4
tc0630_A03_S03,3
tc0295_A04_S03,5
tc0402_A01_S02,1
tc0698_A03_S02,3
tc0476_A02_S01,2
tc0071_A02_S02,2
tc0048_A04_S02,4
tc0650_A01_S02,1
tc0585_A02_S01,2
tc0465_A01_S03,1
tc0407_A01_S02,1
tc0700_A03_S03,
tc0198_A05_S01,5
tc0082_A03_S02,5
tc0233_A03_S04,3
tc0584_A01_S03,1
tc0275_A03_S04,4
tc0475_A02_S02,3
tc0275_A01_S03,1
tc0233_A04_S01,3
tc0522_A03_S02,
tc0198_A02_S03,2
tc0659_A02_S02,2
tc0074_A02_S03,2
tc0322_A01_S03,1
tc0362_A03_S02,3
tc0296_A05_S03,5
tc0259_A04_S02,4
tc0140_A04_S02,4
tc0164_A01_S04,2
tc0410_A01_S03,1
tc0048_A03_S04,3
tc0495_A01_S01,1
tc0450_A01_S03,1
tc0454_A01_S02,1
tc0521_A03_S04,
tc0469_A01_S01,1
tc0723_A03_S01,5
tc0266_A03_S04,3
tc0548_A05_S02,5
tc0360_A05_S01,5
tc0422_A02_S01,2
tc0175_A02_S01,2
tc0622_A03_S03,3
tc0565_A02_S01,2
tc0132_A01_S03,1
tc0458_A01_S03,1
tc0526_A01_S04,1
tc0362_A02_S03,2
tc0607_A01_S03,1
tc0087_A01_S03,1
tc0402_A05_S01,4
tc0177_A01_S02,1
tc0305_A04_S02,4
tc0296_A04_S04,4
tc0147_A03_S03,3
tc0458_A01_S01,1
tc0137_A05_S02,5
tc0137_A04_S01,3
tc0269_A04_S01,4
tc0644_A02_S01,2
tc0656_A03_S01,3
tc0275_A02_S06,3
tc0662_A01_S03,1
tc0648_A03_S03,3
tc0184_A05_S04,5
tc0072_A04_S03,4
tc0171_A04_S02,4
tc0551_A03_S03,3
tc0299_A01_S03,2
tc0661_A01_S03,1
tc0389_A02_S02,2
tc0175_A05_S03,5
tc0472_A01_S06,2
tc0134_A01_S03,1
tc0724_A03_S02,4
tc0421_A02_S02,2
tc0030_A02_S01,1
tc0037_A05_S02,5
tc0116_A04_S02,4
tc0563_A02_S02,2
tc0596_A01_S04,2
tc0710_A02_S02,3
tc0688_A05_S01,5
tc0273_A04_S06,5
tc0573_A03_S04,3
tc0692_A02_S01,2
tc0402_A05_S03,5
tc0198_A01_S01,1
tc0392_A04_S02,4
tc0161_A02_S03,2
tc0086_A01_S03,1
tc0491_A04_S01,4
tc0130_A03_S03,3
tc0069_A05_S03,5
tc0525_A05_S03,5
tc0142_A04_S04,4
tc0608_A02_S02,2
tc0547_A02_S01,2
tc0713_A04_S04,5
tc0296_A05_S02,5
tc0287_A01_S03,2
tc0650_A04_S02,4
tc0299_A01_S01,1
tc0600_A01_S01,1
tc0070_A04_S04,3
tc0266_A03_S01,2
tc0187_A02_S02,2
tc0649_A05_S01,5
tc0137_A03_S01,2
tc0187_A05_S04,5
tc0498_A02_S03,2
tc0358_A03_S02,
tc0173_A03_S03,3
tc0176_A01_S04,1
tc0059_A06_S04,5
tc0076_A04_S01,4
tc0660_A05_S01,5
tc0522_A04_S01,4
tc0297_A01_S04,1
tc0390_A05_S03,5
tc0501_A02_S04,3
tc0061_A02_S03,3
tc0186_A04_S05,5
tc0699_A01_S02,2
tc0444_A02_S01,2
tc0222_A04_S02,5
tc0072_A03_S03,3
tc0531_A05_S02,5
tc0127_A03_S01,3
tc0030_A03_S04,4
tc0587_A05_S03,5
tc0030_A02_S02,2
tc0673_A02_S04,2
tc0130_A05_S03,5
tc0073_A02_S04,2
tc0664_A02_S01,1
tc0037_A04_S02,4
tc0715_A03_S04,5
tc0626_A02_S02,2
tc0576_A05_S01,5
tc0167_A02_S02,2
tc0133_A05_S04,5
tc0504_A04_S05,5
tc0591_A02_S01,2
tc0271_A03_S01,2
tc0330_A05_S01,5
tc0160_A04_S03,3
tc0217_A04_S02,4
tc0393_A05_S02,5
tc0527_A05_S03,5
tc0630_A02_S03,2
tc0360_A04_S02,5
tc0391_A05_S01,4
tc0294_A04_S02,4
tc0296_A01_S03,1
tc0077_A04_S01,3
tc0030_A02_S06,3
tc0682_A05_S01,4
tc0657_A01_S04,2
tc0391_A05_S03,5
tc0076_A04_S03,5
tc0077_A01_S01,1
tc0266_A02_S03,2
tc0691_A04_S01,4
tc0628_A01_S02,1
tc0409_A02_S04,3
tc0269_A02_S01,2
tc0453_A02_S02,3
tc0665_A01_S02,1
tc0512_A08_S02,5
tc0147_A03_S02,3
tc0053_A04_S04,4
tc0220_A01_S04,1
tc0548_A03_S03,3
tc0188_A01_S05,2
tc0362_A04_S03,4
tc0190_A02_S02,2
tc0516_A03_S02,3
tc0469_A03_S02,5
tc0047_A02_S03,2
tc0025_A02_S03,1
tc0275_A01_S01,1
tc0438_A04_S01,4
tc0149_A01_S02,1
tc0360_A01_S02,1
tc0516_A01_S02,1
tc0362_A05_S02,5
tc0626_A03_S04,3
tc0055_A03_S01,4
tc0430_A02_S03,3
tc0168_A04_S04,4
tc0169_A06_S03,5
tc0679_A02_S04,2
tc0700_A05_S01,5
tc0074_A02_S02,2
tc0163_A02_S04,3
tc0189_A05_S02,5
tc0200_A01_S02,1
tc0151_A02_S02,2
tc0564_A03_S03,
tc0725_A04_S03,4
tc0302_A05_S03,5
tc0353_A05_S03,5
tc0185_A03_S03,4
tc0531_A05_S01,5
tc0682_A01_S01,1
tc0195_A01_S02,1
tc0173_A02_S03,2
tc0512_A04_S01,2
tc0034_A04_S04,4
tc0054_A03_S02,3
tc0473_A05_S03,5
tc0167_A03_S03,3
tc0078_A01_S02,1
tc0127_A01_S02,1
tc0723_A01_S01,1
tc0302_A01_S01,1
tc0652_A01_S01,1
tc0173_A01_S03,1
tc0091_A04_S02,4
tc0656_A04_S01,
tc0392_A02_S01,2
tc0058_A03_S03,3
tc0644_A03_S01,3
tc0187_A02_S01,2
tc0526_A04_S01,4
tc0699_A03_S01,4
tc0090_A05_S02,5
tc0326_A02_S01,2
tc0527_A01_S03,1
tc0323_A03_S02,3
tc0323_A02_S01,2
tc0164_A05_S02,5
tc0149_A03_S03,3
tc0487_A04_S01,4
tc0047_A04_S01,4
tc0663_A04_S01,3
tc0334_A01_S01,1
tc0302_A03_S02,3
tc0087_A03_S02,3
tc0127_A03_S03,4
tc0386_A03_S02,3
tc0630_A05_S04,5
tc0063_A03_S02,3
tc0141_A01_S01,1
tc0247_A03_S01,2
tc0673_A02_S02,2
tc0690_A01_S01,1
tc0198_A03_S03,4
tc0176_A03_S03,3
tc0694_A02_S02,2
tc0189_A04_S04,4
tc0126_A02_S03,2
tc0137_A01_S01,1
tc0436_A03_S01,3
tc0454_A02_S02,2
tc0133_A03_S02,3
tc0700_A05_S02,5
tc0665_A03_S02,3
tc0137_A04_S05,4
tc0351_A03_S03,3
tc0148_A04_S01,
tc0472_A03_S04,5
tc0169_A06_S01,4
tc0458_A03_S04,5
tc0499_A05_S01,5
tc0493_A02_S01,1
tc0422_A01_S03,1
tc0587_A03_S02,3
tc0147_A02_S03,2
tc0458_A02_S01,3
tc0079_A05_S01,5
tc0353_A02_S04,2
tc0658_A02_S01,1
tc0059_A05_S02,4
tc0573_A04_S03,4
tc0714_A02_S02,2
tc0126_A01_S01,1
tc0630_A04_S02,4
tc0191_A05_S04,5
tc0547_A03_S04,5
tc0173_A03_S04,3
tc0088_A03_S02,3
tc0360_A01_S01,1
tc0600_A01_S02,1
tc0653_A03_S04,3
tc0475_A01_S05,2
tc0591_A03_S01,3
tc0325_A03_S02,3
tc0222_A02_S02,2
tc0725_A02_S02,2
tc0196_A04_S03,5
tc0039_A03_S02,5
tc0649_A02_S01,2
tc0583_A01_S02,1
tc0679_A02_S01,1
tc0227_A01_S02,1
tc0330_A03_S03,4
tc0070_A02_S02,1
tc0152_A03_S03,
tc0202_A02_S02,2
tc0201_A02_S02,2
tc0708_A01_S02,1
tc0271_A02_S01,2
tc0174_A05_S03,5
tc0586_A05_S02,5
tc0641_A01_S02,2
tc0149_A01_S01,1
tc0185_A02_S02,2
tc0698_A02_S04,3
tc0055_A02_S01,2
tc0335_A02_S01,2
tc0071_A03_S01,3
tc0293_A03_S01,5
tc0059_A06_S01,5
tc0566_A01_S02,1
tc0173_A05_S03,5
tc0171_A04_S01,4
tc0528_A05_S02,5
tc0629_A05_S02,4
tc0594_A02_S03,2
tc0533_A01_S02,1
tc0326_A03_S04,4
tc0497_A04_S03,4
tc0630_A05_S01,5
tc0714_A05_S01,5
tc0172_A04_S02,4
tc0151_A04_S01,4
tc0711_A03_S04,5
tc0300_A02_S06,3
tc0659_A03_S01,4
tc0125_A01_S03,2
tc0525_A04_S01,3
tc0071_A04_S02,4
tc0176_A02_S03,2
tc0727_A01_S01,1
tc0322_A05_S03,5
tc0324_A05_S04,5
tc0509_A03_S03,3
tc0358_A02_S01,2
tc0678_A05_S02,5
tc0191_A02_S01,2
tc0126_A01_S02,1
tc0150_A01_S01,1
tc0030_A01_S01,1
tc0441_A05_S03,5
tc0230_A01_S05,2
tc0583_A04_S03,4
tc0666_A03_S03,3
tc0688_A02_S03,2
tc0147_A05_S03,5
tc0302_A01_S05,2
tc0727_A01_S02,1
tc0487_A02_S01,2
tc0220_A03_S04,3
tc0139_A03_S04,4
tc0580_A05_S01,5
tc0563_A03_S03,3
tc0630_A02_S04,3
tc0506_A01_S02,1
tc0713_A01_S02,1
tc0692_A05_S02,5
tc0493_A04_S03,4
tc0169_A03_S02,2
tc0086_A04_S03,4
tc0135_A03_S03,4
tc0626_A04_S02,4
tc0715_A02_S08,4
tc0594_A02_S01,2
tc0155_A03_S03,3
tc0232_A03_S04,4
tc0365_A02_S02,3
tc0410_A05_S01,5
tc0284_A03_S01,2
tc0245_A01_S01,1
tc0179_A05_S02,5
tc0217_A02_S01,2
tc0454_A03_S01,
tc0158_A05_S02,5
tc0218_A03_S02,3
tc0690_A03_S03,3
tc0239_A03_S02,5
tc0439_A03_S03,3
tc0047_A05_S03,5
tc0509_A05_S02,5
tc0530_A03_S01,3
tc0475_A02_S01,2
tc0441_A04_S01,
tc0322_A03_S02,3
tc0163_A02_S03,2
tc0143_A01_S01,1
tc0154_A04_S03,4
tc0001_A01_S03,1
tc0174_A02_S02,2
tc0653_A05_S02,5
tc0623_A02_S01,2
tc0359_A01_S02,1
tc0497_A04_S04,4
tc0627_A01_S02,1
tc0527_A03_S01,3
tc0487_A05_S03,5
tc0608_A04_S03,5
tc0162_A05_S01,5
tc0180_A02_S01,2
tc0397_A03_S02,4
tc0001_A05_S02,5
tc0487_A04_S03,4
tc0179_A01_S03,1
tc0716_A04_S01,4
tc0459_A04_S04,5
tc0058_A02_S01,2
tc0333_A01_S02,1
tc0182_A01_S01,1
tc0580_A03_S02,4
tc0520_A02_S01,2
tc0259_A01_S02,1
tc0498_A06_S01,4
tc0220_A02_S01,2
tc0161_A05_S02,5
tc0259_A01_S03,1
tc0467_A01_S05,2
tc0297_A03_S04,4
tc0176_A02_S02,2
tc0663_A04_S02,3
tc0090_A02_S01,2
tc0585_A02_S02,2
tc0173_A02_S02,2
tc0139_A01_S03,1
tc0195_A01_S01,1
tc0570_A05_S01,5
tc0475_A03_S02,5
tc0267_A04_S02,4
tc0090_A03_S02,3
tc0522_A02_S03,3
tc0588_A04_S01,4
tc0234_A03_S02,4
tc0070_A06_S03,5
tc0059_A06_S03,5
tc0386_A04_S03,4
tc0509_A02_S01,2
tc0521_A05_S03,5
tc0284_A04_S01,
tc0325_A04_S01,3
tc0135_A04_S01,4
tc0626_A05_S04,5
tc0179_A02_S01,1
tc0438_A03_S02,3
tc0390_A01_S03,2
tc0269_A03_S01,3
tc0657_A02_S01,2
tc0215_A01_S05,2
tc0438_A04_S02,4
tc0152_A05_S03,5
tc0696_A03_S01,3
tc0591_A04_S01,4
tc0271_A04_S05,4
tc0653_A04_S02,4
tc0698_A04_S05,5
tc0140_A02_S04,2
tc0629_A02_S04,2
tc0179_A04_S01,3
tc0358_A03_S03,4
tc0724_A01_S01,1
tc0646_A05_S02,5
tc0039_A03_S04,5
tc0296_A04_S02,4
tc0625_A01_S04,1
tc0487_A01_S05,2
tc0548_A05_S04,5
tc0679_A05_S01,5
tc0654_A03_S01,3
tc0191_A05_S02,5
tc0250_A02_S01,1
tc0381_A03_S02,3
tc0439_A02_S03,2
tc0564_A02_S03,3
tc0498_A02_S02,1
tc0473_A05_S02,5
tc0148_A02_S01,2
tc0551_A02_S03,2
tc0135_A05_S03,5
tc0343_A03_S02,3
tc0127_A05_S02,5
tc0178_A01_S01,1
tc0151_A03_S02,3
tc0271_A03_S04,3
tc0409_A04_S02,4
tc0436_A04_S03,4
tc0169_A06_S04,5
tc0653_A03_S02,3
tc0660_A02_S03,3
tc0250_A03_S02,3
tc0603_A04_S05,5
tc0292_A02_S01,2
tc0175_A01_S03,1
tc0389_A02_S01,2
tc0324_A01_S04,1
tc0440_A01_S03,1
tc0440_A01_S01,1
tc0330_A03_S02,3
tc0179_A03_S03,3
tc0218_A02_S04,2
tc0409_A04_S01,4
tc0137_A03_S04,3
tc0551_A04_S02,4
tc0566_A04_S01,4
tc0472_A02_S02,3
tc0530_A01_S02,1
tc0570_A01_S02,1
tc0627_A04_S01,4
tc0655_A04_S01,3
tc0157_A05_S01,4
tc0073_A04_S04,4
tc0334_A04_S02,
tc0716_A04_S03,4
tc0137_A04_S06,4
tc0576_A04_S02,4
tc0651_A03_S02,3
tc0722_A01_S01,1
tc0142_A04_S03,4
tc0430_A04_S01,4
tc0701_A03_S02,4
tc0161_A01_S03,1
tc0212_A03_S03,3
tc0698_A04_S02,4
tc0059_A02_S02,1
tc0250_A02_S04,2
tc0030_A02_S03,2
tc0582_A01_S03,2
tc0525_A01_S02,1
tc0708_A02_S03,3
tc0623_A03_S03,3
tc0061_A03_S02,4
tc0232_A04_S01,4
tc0661_A01_S01,1
tc0065_A01_S01,1
tc0654_A05_S04,5
tc0080_A01_S03,1
tc0072_A03_S02,3
tc0071_A04_S03,4
tc0533_A05_S01,5
tc0444_A05_S03,5
tc0120_A02_S01,2
tc0583_A02_S03,2
tc0292_A01_S03,1
tc0716_A01_S01,1
tc0191_A05_S03,5
tc0305_A02_S02,2
tc0058_A03_S01,3
tc0657_A05_S02,5
tc0495_A05_S02,5
tc0582_A05_S02,5
tc0709_A03_S02,3
tc0528_A05_S03,5
tc0409_A05_S01,5
tc0415_A03_S01,3
tc0562_A04_S02,4
tc0453_A02_S08,4
tc0189_A01_S03,1
tc0592_A02_S03,2
tc0453_A02_S05,3
tc0526_A01_S06,2
tc0453_A02_S03,3
tc0215_A01_S04,1
tc0664_A03_S01,3
tc0660_A01_S01,1
tc0608_A03_S03,3
tc0181_A04_S02,3
tc0061_A04_S02,5
tc0682_A01_S03,1
tc0487_A03_S01,3
tc0392_A05_S03,5
tc0593_A02_S04,4
tc0197_A05_S01,4
tc0465_A03_S01,4
tc0048_A02_S02,2
tc0063_A04_S02,4
tc0179_A03_S04,3
tc0139_A04_S04,5
tc0722_A03_S04,4
tc0141_A04_S02,4
tc0197_A01_S01,1
tc0078_A04_S01,4
tc0333_A03_S02,3
tc0146_A05_S01,5
tc0602_A04_S02,4
tc0215_A01_S02,1
tc0386_A03_S01,3
tc0496_A02_S05,4
tc0437_A01_S01,1
tc0007_A01_S05,2
tc0390_A01_S02,1
tc0532_A05_S02,5
tc0258_A02_S01,2
tc0185_A04_S01,4
tc0087_A03_S01,3
tc0421_A05_S02,5
tc0197_A01_S02,1
tc0120_A03_S04,4
tc0491_A01_S02,1
tc0187_A05_S01,5
tc0284_A02_S01,1
tc0722_A02_S01,2
tc0215_A01_S03,1
tc0663_A02_S02,1
tc0529_A03_S04,5
tc0294_A02_S02,2
tc0001_A03_S03,3
tc0430_A03_S01,4
tc0677_A02_S02,2
tc0461_A01_S02,1
tc0688_A03_S02,3
tc0386_A05_S02,5
tc0135_A05_S01,5
tc0053_A02_S02,2
tc0149_A01_S03,1
tc0159_A02_S01,2
tc0644_A01_S02,1
tc0608_A01_S01,1
tc0476_A02_S07,4
tc0353_A05_S04,5
tc0612_A02_S03,2
tc0623_A01_S01,1
tc0047_A02_S01,2
tc0704_A05_S03,5
tc0324_A02_S04,3
tc0176_A05_S03,5
tc0162_A04_S04,4
tc0422_A02_S02,2
tc0499_A02_S04,3
tc0600_A03_S04,5
tc0232_A03_S05,4
tc0136_A03_S02,3
tc0439_A02_S01,2
tc0662_A02_S02,2
tc0562_A01_S02,1
tc0214_A02_S01,1
tc0048_A05_S04,5
tc0528_A02_S05,3
tc0604_A03_S01,5
tc0077_A05_S04,5
tc0584_A05_S02,5
tc0528_A01_S01,1
tc0054_A03_S03,3
tc0510_A04_S02,5
tc0431_A02_S02,2
tc0661_A03_S04,
tc0516_A04_S01,
tc0610_A04_S01,3
tc0506_A01_S04,2
tc0512_A02_S03,2
tc0201_A02_S01,2
tc0199_A03_S03,
tc0703_A01_S02,1
tc0039_A01_S02,1
tc0362_A05_S01,5
tc0458_A02_S03,3
tc0159_A05_S02,5
tc0138_A04_S03,4
tc0454_A03_S05,5
tc0273_A01_S01,1
tc0175_A05_S01,5
tc0158_A02_S01,2
tc0567_A01_S01,1
tc0381_A03_S01,3
tc0476_A03_S03,5
tc0533_A03_S01,3
tc0267_A02_S01,2
tc0352_A05_S02,5
tc0564_A04_S02,4
tc0441_A04_S02,4
tc0673_A02_S03,2
tc0589_A04_S03,5
tc0718_A01_S01,1
tc0215_A03_S07,5
tc0529_A02_S04,3
tc0583_A02_S02,2
tc0198_A03_S01,3
tc0653_A01_S01,1
tc0601_A05_S01,5
tc0421_A03_S01,3
tc0711_A01_S03,2
tc0643_A02_S02,2
tc0324_A01_S02,1
tc0149_A04_S01,
tc0722_A04_S01,4
tc0054_A04_S02,4
tc0727_A03_S03,3
tc0137_A02_S04,2
tc0294_A03_S04,4
tc0145_A03_S02,3
tc0140_A04_S01,4
tc0078_A05_S01,5
tc0037_A02_S01,2
tc0361_A01_S02,1
tc0155_A01_S02,1
tc0550_A05_S02,5
tc0628_A05_S01,5
tc0610_A02_S01,1
tc0588_A01_S03,1
tc0444_A04_S02,4
tc0704_A05_S02,5
tc0130_A04_S02,4
tc0133_A03_S03,3
tc0266_A05_S02,5
tc0190_A04_S04,4
tc0656_A04_S02,4
tc0688_A04_S01,3
tc0001_A03_S02,3
tc0051_A04_S05,5
tc0476_A01_S05,2
tc0070_A05_S02,4
tc0664_A05_S02,5
tc0025_A02_S04,2
tc0053_A02_S05,3
tc0361_A04_S01,4
tc0136_A01_S01,1
tc0488_A03_S06,3
tc0326_A02_S04,2
tc0494_A03_S01,3
tc0352_A04_S03,4
tc0708_A01_S01,1
tc0245_A06_S01,5
tc0072_A02_S03,2
tc0655_A05_S02,4
tc0153_A02_S03,3
tc0132_A04_S03,4
tc0175_A04_S05,4
tc0390_A04_S01,4
tc0203_A01_S03,1
tc0526_A01_S01,1
tc0058_A01_S01,1
tc0268_A01_S03,1
tc0130_A03_S01,3
tc0172_A05_S01,5
tc0726_A04_S02,5
tc0130_A03_S02,3
tc0429_A05_S01,5
tc0025_A04_S02,4
tc0333_A03_S03,4
tc0709_A01_S02,1
tc0069_A04_S02,4
tc0203_A02_S02,2
tc0139_A03_S01,3
tc0487_A03_S03,4
tc0051_A04_S03,4
tc0148_A02_S03,2
tc0476_A03_S05,5
tc0530_A05_S01,5
tc0195_A04_S03,4
tc0146_A02_S03,2
tc0179_A05_S03,5
tc0696_A01_S02,1
tc0133_A04_S02,4
tc0333_A03_S01,3
tc0299_A03_S03,5
tc0698_A03_S01,3
tc0146_A03_S03,3
tc0195_A02_S02,2
tc0473_A05_S01,5
tc0724_A03_S01,3
tc0651_A01_S02,1
tc0501_A03_S04,5
tc0712_A02_S01,2
tc0323_A04_S02,4
tc0458_A01_S02,1
tc0139_A02_S02,2
tc0284_A05_S04,5
tc0139_A02_S03,2
tc0054_A05_S01,4
tc0265_A04_S01,
tc0160_A06_S03,5
tc0181_A06_S01,5
tc0296_A04_S01,4
tc0716_A05_S02,5
tc0410_A01_S01,1
tc0302_A02_S02,2
tc0077_A04_S03,4
tc0186_A03_S01,3
tc0136_A05_S04,5
tc0215_A03_S06,5
tc0500_A02_S06,4
tc0551_A04_S04,4
tc0187_A04_S04,4
tc0607_A04_S02,4
tc0393_A01_S03,1
tc0137_A03_S03,3
tc0692_A04_S02,4
tc0450_A02_S03,3
tc0440_A05_S01,5
tc0551_A02_S02,2
tc0273_A02_S01,1
tc0147_A04_S04,4
tc0187_A03_S02,3
tc0573_A03_S02,3
tc0181_A05_S03,4
tc0126_A02_S02,2
tc0626_A04_S01,4
tc0156_A04_S04,4
tc0488_A04_S03,4
tc0677_A05_S01,4
tc0247_A04_S03,4
tc0245_A01_S02,2
tc0450_A01_S06,2
tc0073_A04_S05,5
tc0658_A05_S01,5
tc0177_A03_S05,3
tc0055_A03_S02,5
tc0657_A04_S01,4
tc0328_A01_S03,1
tc0562_A04_S01,4
tc0602_A02_S03,2
tc0212_A03_S02,3
tc0140_A02_S01,1
tc0220_A03_S05,3
tc0607_A02_S03,2
tc0724_A04_S02,5
tc0387_A02_S01,2
tc0391_A01_S04,2
tc0230_A04_S01,4
tc0450_A01_S05,2
tc0562_A02_S02,2
tc0279_A02_S03,2
tc0082_A01_S03,2
tc0158_A04_S04,4
tc0152_A03_S01,3
tc0177_A04_S02,4
tc0646_A03_S02,3
tc0569_A03_S02,3
tc0127_A02_S03,3
tc0185_A04_S02,4
tc0214_A03_S01,2
tc0548_A02_S03,2
tc0629_A03_S01,2
tc0678_A01_S04,1
tc0459_A02_S01,1
tc0126_A04_S01,4
tc0058_A02_S03,2
tc0287_A01_S02,1
tc0359_A03_S03,3
tc0230_A03_S02,3
tc0039_A03_S01,4
tc0162_A03_S02,3
tc0700_A02_S04,3
tc0151_A02_S03,3
tc0630_A01_S01,1
tc0418_A04_S01,4
tc0135_A01_S01,1
tc0188_A01_S04,1
tc0285_A01_S04,2
tc0454_A02_S04,3
tc0440_A01_S04,2
tc0458_A03_S02,5
tc0587_A01_S01,1
tc0548_A01_S04,1
tc0191_A04_S01,4
tc0196_A04_S01,4
tc0714_A02_S04,2
tc0441_A05_S04,5
tc0168_A04_S01,3
tc0588_A03_S03,3
tc0199_A04_S03,5
tc0431_A05_S01,5
tc0136_A05_S03,5
tc0692_A01_S02,1
tc0461_A02_S05,4
tc0333_A05_S01,5
tc0350_A03_S02,3
tc0164_A01_S01,1
tc0394_A04_S02,4
tc0415_A03_S02,3
tc0649_A04_S03,4
tc0486_A04_S01,4
tc0652_A02_S03,2
tc0155_A02_S04,2
tc0048_A04_S01,4
tc0711_A03_S03,5
tc0350_A04_S01,4
tc0144_A03_S02,3
tc0393_A03_S02,3
tc0171_A05_S01,5
tc0180_A01_S04,1
tc0088_A04_S01,4
tc0189_A03_S01,3
tc0484_A07_S01,5
tc0135_A03_S02,3
tc0584_A05_S01,5
tc0072_A04_S04,4
tc0132_A05_S01,5
tc0707_A02_S01,2
tc0007_A01_S03,1
tc0620_A02_S01,1
tc0088_A01_S01,1
tc0034_A04_S02,4
tc0520_A05_S03,5
tc0722_A03_S03,3
tc0416_A03_S01,3
tc0297_A02_S01,2
tc0596_A01_S01,1
tc0706_A04_S03,5
tc0134_A03_S01,3
tc0185_A01_S02,1
tc0198_A01_S02,1
tc0167_A02_S03,2
tc0149_A05_S03,5
tc0136_A02_S02,2
tc0343_A05_S03,5
tc0722_A05_S02,5
tc0590_A03_S03,3
tc0602_A02_S02,2
tc0007_A02_S01,2
tc0643_A01_S04,2
tc0359_A05_S02,5
tc0691_A04_S02,4
tc0699_A03_S03,5
tc0594_A04_S01,4
tc0299_A02_S01,2
tc0292_A03_S03,5
tc0588_A03_S02,3
tc0265_A05_S01,5
tc0465_A02_S02,3
tc0297_A02_S03,2
tc0212_A04_S03,4
tc0048_A01_S02,1
tc0650_A01_S01,1
tc0053_A02_S04,2
tc0131_A02_S02,1
tc0630_A01_S02,1
tc0658_A03_S02,3
tc0186_A05_S01,5
tc0715_A01_S01,1
tc0365_A01_S04,2
tc0726_A04_S01,4
tc0658_A02_S02,1
tc0648_A05_S04,5
tc0385_A05_S01,5
tc0335_A02_S02,2
tc0271_A05_S01,5
tc0700_A04_S02,4
tc0407_A04_S02,4
tc0620_A02_S05,2
tc0326_A01_S01,1
tc0188_A02_S03,2
tc0172_A03_S04,4
tc0703_A01_S01,1
tc0550_A04_S04,4
tc0035_A01_S02,1
tc0328_A03_S04,3
tc0140_A02_S05,2
tc0360_A03_S01,3
tc0664_A03_S04,3
tc0352_A01_S01,1
tc0171_A02_S01,2
tc0161_A04_S02,4
tc0230_A02_S03,2
tc0651_A01_S01,1
tc0622_A04_S03,4
tc0566_A01_S03,1
tc0576_A03_S01,3
tc0186_A05_S02,5
tc0166_A03_S02,3
tc0247_A05_S01,5
tc0688_A01_S01,1
tc0126_A01_S03,1
tc0437_A02_S01,2
tc0591_A02_S04,3
tc0592_A01_S01,1
tc0136_A02_S01,2
tc0648_A01_S02,1
tc0407_A04_S04,4
tc0053_A03_S03,3
tc0326_A05_S03,5
tc0035_A02_S01,1
tc0293_A03_S03,5
tc0136_A02_S03,2
tc0232_A02_S04,2
tc0680_A04_S02,4
tc0593_A02_S03,4
tc0531_A01_S03,1
tc0140_A03_S01,3
tc0076_A01_S01,1
tc0392_A03_S02,3
tc0158_A04_S02,4
tc0467_A03_S05,5
tc0169_A02_S06,2
tc0610_A03_S03,2
tc0351_A05_S04,5
tc0458_A01_S04,1
tc0688_A01_S03,1
tc0585_A02_S04,3
tc0504_A03_S02,3
tc0156_A02_S05,3
tc0145_A01_S01,1
tc0290_A03_S03,4
tc0569_A05_S01,4
tc0623_A05_S01,5
tc0273_A01_S04,1
tc0677_A02_S03,2
tc0472_A03_S05,5
tc0499_A03_S02,3
tc0131_A03_S01,2
tc0712_A01_S02,1
tc0707_A05_S01,5
tc0429_A02_S02,3
tc0275_A04_S03,4
tc0431_A04_S03,5
tc0399_A02_S01,2
tc0279_A02_S02,2
tc0146_A02_S02,2
tc0138_A05_S04,5
tc0714_A01_S02,1
tc0656_A01_S02,1
tc0665_A04_S01,3
tc0200_A05_S01,5
tc0510_A03_S03,4
tc0335_A01_S04,1
tc0440_A02_S02,2
tc0643_A04_S01,4
tc0186_A04_S01,4
tc0500_A02_S02,2
tc0087_A04_S02,4
tc0458_A03_S05,5
tc0035_A03_S03,3
tc0716_A03_S01,3
tc0083_A05_S03,5
tc0163_A05_S01,5
tc0528_A03_S04,3
tc0581_A01_S01,1
tc0125_A02_S02,3
tc0459_A02_S03,2
tc0620_A02_S04,2
tc0510_A02_S03,1
tc0145_A05_S02,5
tc0444_A04_S01,4
tc0148_A02_S02,2
tc0504_A03_S05,3
tc0181_A01_S01,1
tc0077_A01_S03,1
tc0138_A02_S03,2
tc0145_A05_S04,5
tc0053_A05_S02,5
tc0234_A02_S02,3
tc0649_A02_S04,2
tc0532_A02_S03,2
tc0659_A02_S03,3
tc0641_A03_S01,5
tc0146_A01_S04,1
tc0660_A03_S03,4
tc0352_A04_S02,4
tc0661_A05_S02,5
tc0658_A03_S03,3
tc0486_A03_S01,2
tc0333_A01_S01,1
tc0258_A01_S03,1
tc0217_A03_S04,4
tc0157_A01_S01,1
tc0187_A03_S03,3
tc0476_A03_S01,4
tc0234_A03_S03,5
tc0285_A01_S01,1
tc0584_A01_S01,1
tc0271_A01_S01,1
tc0353_A02_S03,2
tc0493_A05_S02,5
tc0677_A04_S02,4
tc0629_A04_S01,3
tc0389_A03_S01,3
tc0279_A05_S02,5
tc0531_A02_S03,2
tc0055_A02_S05,4
tc0141_A04_S01,3
tc0694_A02_S01,2
tc0610_A03_S01,2
tc0230_A01_S04,1
tc0550_A01_S03,1
tc0711_A02_S01,2
tc0160_A03_S01,2
tc0500_A02_S03,3
tc0166_A01_S03,2
tc0178_A05_S01,5
tc0407_A01_S01,1
tc0439_A03_S01,3
tc0090_A02_S02,2
tc0573_A05_S02,5
tc0350_A05_S02,5
tc0335_A01_S01,1
tc0071_A04_S01,3
tc0139_A04_S01,4
tc0296_A02_S02,2
tc0202_A01_S02,1
tc0712_A03_S02,3
tc0527_A03_S03,3
tc0610_A06_S02,5
tc0627_A05_S01,5
tc0699_A03_S02,5
tc0188_A03_S04,4
tc0125_A03_S01,4
tc0153_A02_S01,2
tc0063_A04_S01,4
tc0407_A01_S03,1
tc0469_A02_S02,3
tc0073_A01_S02,1
tc0074_A03_S04,4
tc0700_A02_S03,2
tc0142_A05_S02,5
tc0333_A04_S01,4
tc0203_A03_S02,3
tc0353_A03_S03,3
tc0131_A06_S01,4
tc0164_A05_S03,5
tc0265_A02_S01,1
tc0217_A01_S03,1
tc0718_A04_S02,4
tc0678_A04_S03,5
tc0302_A04_S01,4
tc0415_A04_S01,4
tc0200_A05_S02,5
tc0199_A03_S04,4
tc0051_A03_S02,3
tc0458_A02_S06,4
tc0402_A02_S01,2
tc0335_A04_S02,4
tc0658_A04_S03,4
tc0268_A02_S02,2
tc0612_A03_S02,3
tc0680_A05_S02,5
tc0570_A05_S02,5
tc0513_A02_S01,1
tc0179_A02_S02,2
tc0296_A05_S01,5
tc0130_A04_S01,3
tc0172_A02_S03,2
tc0125_A03_S05,5
tc0530_A03_S03,4
tc0714_A04_S02,4
tc0137_A03_S02,3
tc0504_A02_S04,2
tc0550_A03_S02,3
tc0562_A03_S04,
tc0140_A05_S01,5
tc0410_A03_S01,3
tc0646_A03_S01,2
tc0140_A01_S01,1
tc0322_A02_S04,3
tc0530_A02_S03,3
tc0168_A03_S02,3
tc0475_A02_S06,4
tc0180_A04_S04,4
tc0142_A01_S01,1
tc0696_A02_S02,2
tc0333_A05_S03,5
tc0416_A03_S02,3
tc0565_A02_S02,2
tc0295_A01_S05,2
tc0150_A02_S02,2
tc0353_A01_S02,1
tc0331_A02_S02,2
tc0145_A04_S03,4
tc0039_A01_S05,2
tc0620_A02_S03,2
tc0625_A05_S02,5
tc0063_A05_S01,5
tc0166_A04_S02,4
tc0166_A05_S02,5
tc0573_A04_S01,4
tc0649_A03_S02,3
tc0487_A01_S04,1
tc0051_A03_S01,3
tc0259_A02_S03,2
tc0626_A01_S02,1
tc0532_A03_S04,4
tc0079_A01_S03,1
tc0197_A05_S02,5
tc0453_A03_S03,5
tc0459_A02_S04,2
tc0493_A04_S02,
tc0136_A04_S03,4
tc0506_A02_S01,3
tc0602_A02_S01,1
tc0528_A02_S04,2
tc0475_A01_S04,2
tc0156_A03_S04,3
tc0220_A03_S01,3
tc0581_A04_S01,3
tc0469_A02_S08,4
tc0409_A03_S04,4
tc0125_A03_S03,4
tc0714_A03_S03,3
tc0088_A01_S02,1
tc0359_A01_S03,1
tc0444_A01_S04,2
tc0174_A04_S04,4
tc0300_A02_S03,2
tc0332_A01_S02,1
tc0547_A01_S02,2
tc0177_A05_S03,5
tc0677_A01_S04,2
tc0381_A02_S02,2
tc0630_A01_S03,1
tc0504_A02_S02,1
tc0082_A02_S01,3
tc0504_A04_S02,4
tc0178_A01_S03,1
tc0628_A04_S01,4
tc0467_A01_S03,1
tc0715_A02_S06,3
tc0409_A01_S02,1
tc0690_A02_S01,2
tc0547_A03_S03,5
tc0127_A05_S01,5
tc0696_A01_S01,1
tc0087_A02_S01,2
tc0592_A05_S02,5
tc0167_A01_S02,1
tc0061_A01_S04,2
tc0179_A05_S04,5
tc0174_A02_S03,2
tc0069_A03_S02,3
tc0034_A05_S01,4
tc0083_A01_S02,1
tc0725_A05_S02,5
tc0576_A01_S03,1
tc0073_A04_S02,4
tc0279_A01_S01,1
tc0629_A01_S01,1
tc0714_A02_S01,2
tc0680_A01_S02,1
tc0525_A04_S03,4
tc0331_A04_S04,4
tc0585_A04_S03,4
tc0148_A05_S01,5
tc0169_A05_S04,4
tc0694_A02_S03,2
tc0654_A04_S02,4
tc0459_A04_S06,5
tc0174_A05_S04,5
tc0362_A04_S01,4
tc0218_A03_S06,4
tc0707_A04_S02,5
tc0331_A05_S01,4
tc0706_A01_S01,1
tc0275_A01_S04,1
tc0171_A01_S02,1
tc0710_A03_S01,4
tc0203_A01_S01,1
tc0726_A05_S01,5
tc0532_A01_S03,1
tc0151_A03_S01,3
tc0397_A01_S01,1
tc0521_A03_S03,3
tc0628_A01_S01,1
tc0386_A03_S03,4
tc0591_A05_S02,5
tc0563_A04_S02,4
tc0334_A05_S02,5
tc0191_A01_S03,1
tc0520_A01_S02,1
tc0116_A01_S01,1
tc0153_A01_S03,1
tc0239_A01_S04,3
tc0233_A05_S04,5
tc0429_A01_S02,1
tc0152_A05_S02,5
tc0698_A04_S04,4
tc0660_A04_S03,4
tc0532_A01_S04,1
tc0169_A04_S02,3
tc0472_A02_S03,3
tc0550_A04_S01,4
tc0292_A02_S03,3
tc0719_A05_S01,5
tc0581_A02_S01,1
tc0622_A03_S02,3
tc0051_A01_S02,1
tc0266_A05_S01,5
tc0510_A02_S01,1
tc0239_A03_S03,5
tc0091_A04_S01,4
tc0580_A04_S02,4
tc0132_A02_S04,2
tc0440_A05_S02,5
tc0070_A05_S01,4
tc0279_A03_S03,3
tc0232_A02_S01,1
tc0545_A03_S03,4
tc0325_A05_S03,5
tc0628_A01_S03,1
tc0718_A03_S03,3
tc0086_A01_S02,1
tc0054_A01_S03,1
tc0230_A03_S04,4
tc0658_A04_S02,4
tc0201_A04_S01,5
tc0149_A04_S02,4
tc0440_A03_S03,
tc0643_A01_S02,1
tc0528_A04_S02,4
tc0573_A05_S01,5
tc0663_A03_S02,2
tc0497_A01_S01,1
tc0059_A03_S01,1
tc0493_A01_S01,1
tc0161_A03_S04,3
tc0532_A01_S02,1
tc0465_A02_S04,4
tc0381_A05_S02,5
tc0388_A01_S03,1
tc0472_A03_S03,5
tc0222_A03_S05,4
tc0154_A04_S02,4
tc0143_A03_S01,3
tc0626_A03_S03,3
tc0715_A02_S02,2
tc0030_A01_S02,1
tc0151_A04_S02,4
tc0151_A02_S01,2
tc0582_A02_S02,2
tc0583_A02_S01,2
tc0673_A03_S01,3
tc0143_A05_S04,5
tc0394_A02_S04,3
tc0656_A05_S03,5
tc0136_A01_S02,1
tc0135_A02_S03,2
tc0562_A05_S03,5
tc0465_A03_S04,5
tc0198_A02_S02,2
tc0548_A03_S01,3
tc0089_A02_S03,3
tc0605_A02_S02,2
tc0702_A01_S01,1
tc0666_A01_S01,1
tc0467_A02_S08,4
tc0199_A03_S01,3
tc0134_A03_S03,
tc0545_A04_S02,4
tc0070_A01_S01,1
tc0063_A02_S03,2
tc0588_A05_S02,5
tc0569_A06_S01,5
tc0531_A04_S01,4
tc0673_A04_S02,4
tc0528_A02_S02,2
tc0352_A05_S04,5
tc0154_A02_S03,2
tc0620_A01_S01,1
tc0662_A05_S04,5
tc0416_A05_S02,5
tc0541_A03_S01,4
tc0294_A01_S02,1
tc0176_A03_S01,3
tc0259_A02_S02,2
tc0409_A03_S03,4
tc0271_A02_S02,2
tc0722_A04_S02,4
tc0622_A01_S01,1
tc0441_A04_S03,4
tc0387_A02_S04,2
tc0326_A03_S01,3
tc0187_A01_S01,1
tc0176_A01_S03,1
tc0188_A03_S03,3
tc0475_A02_S04,3
tc0525_A01_S01,1
tc0174_A03_S02,3
tc0545_A04_S03,5
tc0650_A05_S03,5
tc0582_A03_S01,3
tc0212_A05_S04,5
tc0072_A05_S05,5
tc0163_A04_S01,4
tc0708_A03_S01,3
tc0161_A03_S01,2
tc0268_A03_S02,3
tc0300_A02_S01,1
tc0130_A05_S01,5
tc0284_A02_S03,2
tc0351_A04_S02,4
tc0197_A03_S02,
tc0302_A01_S03,1
tc0601_A04_S02,4
tc0279_A04_S03,4
tc0385_A03_S01,3
tc0182_A01_S03,1
tc0592_A03_S03,3
tc0182_A02_S02,2
tc0162_A03_S01,2
tc0273_A02_S02,2
tc0644_A04_S02,4
tc0494_A01_S03,1
tc0588_A04_S03,4
tc0134_A02_S03,2
tc0661_A01_S04,2
tc0170_A03_S02,3
tc0141_A02_S03,2
tc0719_A02_S01,2
tc0716_A01_S03,1
tc0436_A03_S03,3
tc0089_A02_S02,2
tc0323_A05_S02,5
tc0071_A05_S02,5
tc0054_A03_S01,2
tc0698_A02_S01,2
tc0551_A03_S01,2
tc0600_A02_S04,4
tc0487_A04_S02,4
tc0712_A05_S02,5
tc0564_A01_S03,1
tc0358_A04_S01,4
tc0078_A02_S03,3
tc0386_A01_S05,2
tc0580_A01_S01,1
tc0649_A02_S03,2
tc0454_A03_S07,5
tc0708_A03_S03,4
tc0690_A02_S02,2
tc0495_A01_S02,1
tc0350_A03_S03,
tc0327_A02_S03,2
tc0155_A02_S03,2
tc0287_A02_S02,3
tc0353_A05_S02,5
tc0660_A03_S02,3
tc0090_A01_S02,1
tc0182_A02_S04,2
tc0497_A02_S01,2
tc0641_A02_S01,3
tc0116_A03_S01,3
tc0620_A03_S04,4
tc0168_A01_S02,1
tc0190_A01_S01,1
tc0084_A02_S02,2
tc0576_A02_S01,2
tc0488_A05_S02,5
tc0660_A01_S06,2
tc0234_A01_S02,1
tc0150_A04_S04,4
tc0087_A05_S03,5
tc0359_A05_S04,5
tc0158_A02_S02,2
tc0149_A02_S03,2
tc0190_A01_S03,1
tc0053_A05_S03,5
tc0080_A03_S01,3
tc0331_A02_S01,1
tc0168_A05_S01,4
tc0531_A04_S02,4
tc0295_A03_S02,4
tc0078_A05_S03,5
tc0157_A04_S02,4
tc0037_A05_S01,5
tc0387_A01_S01,1
tc0147_A02_S01,2
tc0407_A02_S02,2
tc0179_A02_S03,2
tc0630_A04_S01,4
tc0431_A03_S02,3
tc0410_A03_S02,3
tc0725_A01_S02,1
tc0461_A01_S01,1
tc0692_A02_S02,2
tc0148_A01_S01,1
tc0140_A04_S03,5
tc0070_A01_S02,1
tc0422_A04_S02,4
tc0410_A05_S02,5
tc0069_A04_S03,4
tc0391_A05_S02,5
tc0491_A05_S03,5
tc0188_A01_S03,1
tc0001_A05_S01,5
tc0513_A02_S04,2
tc0292_A03_S02,4
tc0402_A02_S03,2
tc0592_A03_S02,3
tc0386_A05_S03,5
tc0331_A03_S03,3
tc0711_A01_S02,1
tc0120_A03_S03,3
tc0548_A05_S03,5
tc0070_A04_S03,3
tc0657_A04_S02,4
tc0091_A02_S02,2
tc0332_A02_S01,2
tc0233_A01_S02,1
tc0273_A03_S01,3
tc0134_A01_S01,1
tc0152_A01_S04,2
tc0655_A01_S02,1
tc0387_A02_S02,2
tc0587_A02_S02,2
tc0203_A05_S04,5
tc0332_A05_S02,5
tc0155_A04_S03,4
tc0643_A02_S01,2
tc0133_A01_S02,1
tc0144_A05_S02,5
tc0608_A03_S04,4
tc0390_A02_S01,2
tc0296_A04_S05,5
tc0620_A01_S02,1
tc0266_A01_S01,1
tc0522_A05_S01,5
tc0220_A04_S02,4
tc0387_A03_S02,3
tc0622_A02_S04,2
tc0265_A02_S02,2
tc0584_A01_S02,1
tc0335_A02_S04,3
tc0144_A01_S02,1
tc0326_A05_S02,5
tc0328_A04_S01,4
tc0065_A02_S04,4
tc0157_A03_S03,3
tc0496_A03_S03,5
tc0444_A01_S02,1
tc0664_A01_S01,1
tc0415_A01_S01,1
tc0130_A01_S03,1
tc0444_A05_S02,5
tc0704_A01_S02,1
tc0047_A05_S04,5
tc0709_A04_S02,4
tc0608_A05_S01,5
tc0713_A05_S01,5
tc0722_A01_S02,1
tc0402_A05_S04,5
tc0512_A10_S01,5
tc0077_A02_S02,2
tc0065_A02_S03,4
tc0713_A03_S03,3
tc0138_A05_S03,5
tc0073_A05_S01,5
tc0719_A01_S01,1
tc0550_A01_S01,1
tc0162_A02_S02,2
tc0440_A04_S02,4
tc0407_A03_S01,3
tc0162_A05_S02,5
tc0680_A03_S03,3
tc0497_A03_S03,3
tc0700_A01_S02,1
tc0132_A03_S03,3
tc0186_A04_S02,4
tc0562_A01_S01,1
tc0177_A02_S03,2
tc0495_A04_S02,3
tc0648_A04_S01,3
tc0160_A06_S01,4
tc0325_A01_S03,1
tc0144_A03_S01,2
tc0079_A04_S03,5
tc0136_A04_S01,3
tc0133_A04_S03,4
tc0332_A05_S01,5
tc0494_A03_S03,3
tc0512_A04_S02,3
tc0138_A02_S02,2
tc0329_A02_S02,2
tc0722_A03_S01,3
tc0297_A04_S02,4
tc0608_A01_S03,1
tc0069_A05_S04,5
tc0331_A04_S02,4
tc0541_A01_S02,1
tc0074_A04_S01,4
tc0513_A03_S02,2
tc0545_A03_S01,3
tc0186_A03_S02,3
tc0651_A04_S02,4
tc0415_A02_S01,2
tc0169_A03_S01,2
tc0548_A05_S01,5
tc0259_A04_S01,4
tc0328_A04_S03,4
tc0175_A05_S02,5
tc0561_A02_S03,2
tc0126_A02_S01,2
tc0188_A03_S02,3
tc0453_A01_S02,1
tc0576_A01_S04,1
tc0551_A05_S04,5
tc0202_A03_S03,3
tc0486_A02_S03,2
tc0484_A07_S02,5
tc0592_A05_S01,5
tc0487_A02_S04,3
tc0610_A01_S01,1
tc0600_A02_S01,3
tc0390_A03_S01,3
tc0497_A01_S02,1
tc0677_A05_S04,5
tc0570_A04_S02,4
tc0295_A01_S03,1
tc0275_A04_S01,4
tc0157_A03_S01,3
tc0275_A02_S07,3
tc0650_A04_S03,4
tc0181_A04_S03,3
tc0627_A01_S01,1
tc0564_A04_S01,4
tc0159_A01_S01,1
tc0596_A02_S02,3
tc0027_A03_S02,4
tc0091_A02_S01,2
tc0135_A01_S02,1
tc0247_A05_S04,5
tc0582_A01_S02,1
tc0622_A04_S02,4
tc0184_A04_S01,3
tc0469_A02_S07,4
tc0154_A05_S04,5
tc0150_A03_S02,3
tc0666_A03_S02,3
tc0702_A02_S02,2
tc0297_A04_S01,4
tc0305_A05_S02,5
tc0399_A04_S01,3
tc0649_A03_S01,3
tc0416_A01_S03,1
tc0562_A02_S03,2
tc0148_A03_S01,3
tc0077_A01_S02,1
tc0048_A02_S01,1
tc0360_A01_S03,2
tc0290_A02_S01,1
tc0510_A02_S06,3
tc0605_A01_S01,1
tc0399_A05_S04,5
tc0548_A04_S01,4
tc0494_A02_S02,2
tc0590_A04_S01,
tc0072_A01_S01,1
tc0070_A03_S04,3
tc0189_A05_S04,5
tc0612_A01_S03,1
tc0521_A04_S01,4
tc0497_A03_S01,3
tc0166_A05_S01,5
tc0047_A02_S02,2
tc0140_A05_S02,5
tc0657_A02_S03,2
tc0467_A01_S01,1
tc0626_A05_S03,5
tc0025_A03_S01,2
tc0134_A02_S01,2
tc0532_A01_S01,1
tc0233_A04_S04,4
tc0459_A02_S06,2
tc0622_A03_S06,4
tc0196_A01_S03,1
tc0150_A02_S03,2
tc0625_A03_S01,3
tc0603_A02_S03,1
tc0493_A03_S03,3
tc0504_A02_S03,1
tc0073_A03_S02,3
tc0641_A01_S01,1
tc0202_A04_S01,4
tc0350_A05_S03,5
tc0565_A02_S03,3
tc0151_A05_S02,5
tc0662_A04_S01,3
tc0655_A01_S01,1
tc0724_A05_S01,5
tc0259_A01_S05,2
tc0222_A02_S03,3
tc0158_A01_S03,1
tc0392_A03_S03,3
tc0149_A03_S02,3
tc0627_A05_S03,5
tc0285_A01_S02,1
tc0048_A03_S02,3
tc0218_A04_S03,5
tc0585_A03_S01,3
tc0551_A03_S04,3
tc0698_A01_S04,1
tc0563_A04_S01,
tc0214_A03_S03,3
tc0654_A05_S03,5
tc0513_A03_S01,2
tc0334_A04_S03,4
tc0605_A03_S04,4
tc0706_A05_S01,5
tc0167_A04_S01,3
tc0156_A05_S04,5
tc0058_A05_S01,5
tc0410_A04_S01,4
tc0612_A03_S03,3
tc0484_A04_S02,3
tc0429_A04_S01,4
tc0402_A02_S02,2
tc0587_A01_S02,1
tc0293_A02_S01,3
tc0163_A02_S02,2
tc0153_A03_S02,3
tc0504_A02_S06,2
tc0628_A03_S03,
tc0267_A02_S02,2
tc0450_A02_S07,4
tc0258_A03_S01,3
tc0651_A04_S03,4
tc0387_A05_S03,5
tc0719_A02_S02,3
tc0353_A03_S04,3
tc0334_A04_S04,4
tc0486_A03_S04,4
tc0293_A02_S02,4
tc0716_A02_S02,2
tc0155_A02_S01,2
tc0522_A05_S03,5
tc0196_A05_S01,5
tc0388_A02_S02,2
tc0484_A02_S03,2
tc0714_A04_S03,4
tc0146_A04_S02,4
tc0132_A02_S02,2
tc0646_A04_S02,4
tc0234_A01_S04,2
tc0199_A02_S02,2
tc0047_A04_S02,4
tc0643_A03_S01,3
tc0453_A01_S04,1
tc0285_A03_S04,4
tc0678_A04_S02,4
tc0620_A05_S03,5
tc0142_A05_S01,5
tc0222_A04_S01,5
tc0576_A02_S03,2
tc0327_A03_S03,3
tc0203_A03_S01,3
tc0150_A02_S01,1
tc0305_A03_S01,3
tc0116_A03_S02,3
tc0626_A03_S01,3
tc0161_A02_S01,1
tc0203_A02_S03,2
tc0418_A02_S01,2
tc0273_A01_S03,1
tc0603_A02_S05,2
tc0450_A03_S02,4
tc0653_A03_S03,3
tc0030_A03_S01,3
tc0326_A04_S02,4
tc0294_A03_S02,3
tc0677_A01_S01,1
tc0153_A03_S01,3
tc0625_A02_S02,2
tc0065_A03_S01,5
tc0725_A02_S01,2
tc0142_A02_S04,2
tc0394_A01_S01,1
tc0186_A02_S04,3
tc0578_A04_S01,4
tc0138_A04_S01,
tc0300_A02_S05,3
tc0164_A03_S03,4
tc0051_A01_S04,1
tc0273_A04_S05,5
tc0410_A02_S02,2
tc0678_A01_S02,1
tc0153_A05_S02,5
tc0662_A03_S02,2
tc0441_A03_S04,3
tc0362_A02_S01,2
tc0184_A04_S03,4
tc0472_A01_S04,1
tc0709_A02_S01,2
tc0465_A01_S02,1
tc0531_A03_S03,3
tc0421_A04_S01,4
tc0585_A03_S02,3
tc0581_A03_S02,2
tc0495_A02_S02,2
tc0704_A02_S03,2
tc0437_A05_S01,5
tc0168_A04_S03,4
tc0540_A05_S02,5
tc0182_A01_S02,1
tc0682_A02_S01,2
tc0179_A03_S01,2
tc0576_A05_S03,5
tc0562_A03_S02,3
tc0359_A04_S01,
tc0580_A04_S01,4
tc0053_A01_S01,1
tc0586_A03_S02,3
tc0222_A03_S01,3
tc0146_A05_S04,5
tc0279_A04_S04,5
tc0646_A03_S03,3
tc0673_A05_S03,5
tc0496_A01_S02,1
tc0323_A02_S02,2
tc0343_A03_S03,3
tc0290_A02_S06,3
tc0628_A04_S04,5
tc0326_A01_S03,1
tc0586_A03_S03,3
tc0137_A05_S03,5
tc0329_A05_S01,5
tc0520_A05_S01,5
tc0176_A03_S02,3
tc0159_A02_S04,2
tc0410_A02_S01,2
tc0422_A01_S02,1
tc0506_A03_S01,4
tc0585_A04_S02,4
tc0182_A02_S03,2
tc0725_A05_S03,5
tc0156_A04_S01,4
tc0279_A03_S01,3
tc0628_A03_S02,3
tc0665_A05_S04,5
tc0501_A02_S05,4
tc0513_A02_S03,1
tc0293_A01_S06,3
tc0054_A05_S03,5
tc0200_A04_S01,4
tc0569_A03_S01,2
tc0650_A02_S04,2
tc0148_A05_S03,5
tc0655_A02_S01,1
tc0127_A02_S02,2
tc0714_A04_S01,4
tc0450_A02_S05,3
tc0712_A05_S01,5
tc0334_A02_S01,2
tc0493_A03_S02,3
tc0696_A02_S01,2
tc0358_A03_S01,3
tc0706_A01_S03,2
tc0527_A04_S02,4
tc0077_A03_S02,3
tc0287_A03_S01,5
tc0140_A02_S02,2
tc0176_A02_S01,2
tc0390_A01_S01,1
tc0142_A02_S01,2
tc0694_A03_S04,4
tc0651_A01_S03,1
tc0051_A02_S04,2
tc0513_A04_S01,3
tc0160_A06_S02,4
tc0214_A01_S02,1
tc0394_A05_S02,5
tc0590_A02_S03,2
tc0284_A05_S02,5
tc0161_A05_S01,4
tc0146_A02_S04,3
tc0381_A04_S01,4
tc0089_A03_S03,4
tc0692_A05_S03,5
tc0130_A04_S04,4
tc0590_A05_S02,5
tc0551_A01_S01,1
tc0120_A02_S03,2
tc0439_A03_S02,3
tc0150_A05_S04,5
tc0418_A03_S01,3
tc0650_A05_S04,5
tc0333_A02_S03,3
tc0630_A03_S02,3
tc0162_A03_S04,3
tc0073_A01_S01,1
tc0643_A01_S03,1
tc0696_A05_S03,5
tc0074_A04_S02,4
tc0055_A01_S02,1
tc0409_A01_S03,1
tc0716_A02_S01,2
tc0215_A03_S05,5
tc0212_A05_S01,4
tc0422_A03_S01,3
tc0296_A03_S04,4
tc0294_A03_S01,3
tc0649_A03_S03,3
tc0583_A03_S02,3
tc0134_A04_S02,4
tc0267_A05_S01,5
tc0083_A01_S03,1
tc0265_A05_S02,5
tc0073_A02_S03,2
tc0623_A01_S03,1
tc0152_A02_S03,3
tc0453_A02_S01,2
tc0171_A03_S04,4
tc0037_A01_S01,1
tc0622_A05_S03,5
tc0526_A01_S03,1
tc0138_A05_S02,5
tc0601_A04_S01,4
tc0439_A05_S02,5
tc0147_A01_S02,1
tc0707_A01_S03,1
tc0567_A05_S02,5
tc0178_A03_S03,3
tc0186_A02_S03,2
tc0694_A01_S02,1
tc0516_A02_S03,2
tc0190_A04_S03,4
tc0718_A03_S01,3
tc0644_A03_S02,3
tc0069_A01_S02,1
tc0088_A05_S03,5
tc0271_A05_S04,5
tc0516_A01_S01,1
tc0292_A03_S01,4
tc0259_A01_S04,1
tc0700_A04_S01,4
tc0706_A02_S02,2
tc0007_A03_S03,5
tc0545_A02_S03,2
tc0540_A05_S01,5
tc0702_A04_S01,4
tc0258_A04_S02,4
tc0407_A03_S02,3
tc0527_A02_S04,2
tc0212_A01_S03,1
tc0469_A01_S02,1
tc0335_A01_S03,1
tc0048_A03_S01,3
tc0465_A02_S03,3
tc0605_A02_S03,2
tc0389_A03_S02,3
tc0271_A01_S03,1
tc0230_A01_S02,1
tc0074_A01_S01,1
tc0218_A03_S04,3
tc0418_A05_S01,5
tc0561_A03_S04,3
tc0520_A05_S02,5
tc0162_A02_S04,2
tc0187_A05_S03,5
tc0169_A05_S03,4
tc0361_A03_S01,3
tc0628_A02_S02,2
tc0120_A03_S01,3
tc0343_A02_S02,2
tc0027_A01_S01,1
tc0234_A02_S03,4
tc0080_A02_S03,3
tc0181_A04_S04,4
tc0167_A03_S01,3
tc0561_A05_S02,5
tc0566_A01_S04,1
tc0144_A03_S03,3
tc0658_A05_S02,5
tc0061_A04_S01,4
tc0722_A03_S02,3
tc0185_A05_S01,5
tc0715_A03_S01,4
tc0601_A03_S02,3
tc0273_A03_S05,4
tc0325_A02_S02,2
tc0329_A02_S01,2
tc0156_A03_S03,3
tc0526_A01_S02,1
tc0610_A06_S01,5
tc0522_A01_S02,1
tc0533_A03_S02,3
tc0189_A02_S01,2
tc0054_A05_S02,5
tc0323_A01_S01,1
tc0625_A04_S02,4
tc0493_A02_S02,2
tc0279_A03_S02,3
tc0550_A04_S02,4
tc0688_A02_S02,2
tc0250_A02_S03,2
tc0152_A04_S02,4
tc0141_A05_S02,5
tc0387_A05_S04,5
tc0662_A03_S03,3
tc0305_A04_S01,4
tc0677_A01_S02,1
tc0051_A02_S05,3
tc0130_A04_S03,4
tc0137_A02_S02,2
tc0163_A05_S02,5
tc0438_A01_S01,1
tc0702_A05_S01,5
tc0530_A02_S02,2
tc0071_A01_S01,1
tc0146_A04_S03,4
tc0266_A01_S02,1
tc0516_A05_S02,5
tc0300_A04_S03,5
tc0387_A05_S01,4
tc0622_A01_S02,1
tc0234_A03_S01,4
tc0132_A02_S03,2
tc0510_A03_S02,3
tc0699_A02_S03,
tc0473_A03_S02,3
tc0331_A01_S01,1
tc0402_A04_S03,4
tc0421_A03_S02,3
tc0173_A04_S04,4
tc0467_A02_S02,2
tc0692_A02_S03,2
tc0504_A03_S06,3
tc0691_A01_S01,1
tc0493_A05_S03,5
tc0172_A02_S02,2
tc0061_A01_S03,1
tc0230_A02_S01,2
tc0680_A05_S03,5
tc0475_A01_S02,1
tc0074_A01_S02,1
tc0197_A01_S03,1
tc0608_A03_S02,3
tc0187_A05_S02,5
tc0077_A03_S03,3
tc0259_A03_S04,3
tc0329_A03_S01,3
tc0386_A01_S04,2
tc0051_A05_S03,5
tc0196_A03_S02,4
tc0389_A01_S03,1
tc0658_A04_S01,4
tc0498_A06_S03,5
tc0222_A01_S05,2
tc0625_A03_S03,3
tc0723_A02_S02,3
tc0665_A03_S01,2
tc0153_A05_S01,4
tc0305_A01_S01,1
tc0172_A05_S02,5
tc0465_A01_S01,1
tc0499_A02_S03,2
tc0548_A04_S02,4
tc0177_A05_S01,5
tc0516_A04_S03,4
tc0155_A05_S01,5
tc0296_A02_S05,3
tc0709_A05_S01,5
tc0150_A04_S02,4
tc0623_A04_S03,4
tc0173_A05_S04,5
tc0679_A04_S01,4
tc0331_A05_S04,5
tc0541_A02_S01,3
tc0439_A01_S03,1
tc0592_A02_S02,2
tc0682_A05_S04,5
tc0190_A05_S01,5
tc0681_A04_S01,3
tc0680_A01_S01,1
tc0654_A04_S01,
tc0078_A03_S01,3
tc0296_A04_S03,4
tc0199_A05_S01,5
tc0275_A03_S01,3
tc0569_A04_S01,3
tc0074_A02_S01,1
tc0030_A03_S02,3
tc0681_A03_S02,3
tc0495_A05_S01,4
tc0351_A01_S01,1
tc0215_A02_S06,3
tc0540_A01_S02,1
tc0218_A02_S02,1
tc0230_A04_S03,5
tc0152_A01_S01,1
tc0450_A03_S05,5
tc0700_A02_S02,2
tc0520_A04_S03,4
tc0394_A05_S01,5
tc0169_A02_S03,1
tc0422_A04_S04,4
tc0158_A05_S01,5
tc0610_A04_S02,3
tc0171_A05_S02,5
tc0707_A03_S01,3
tc0185_A01_S03,1
tc0273_A04_S04,5
tc0453_A02_S06,3
tc0116_A04_S03,4
tc0142_A03_S03,3
tc0586_A02_S03,2
tc0658_A01_S01,1
tc0491_A01_S03,1
tc0716_A05_S01,5
tc0269_A05_S02,5
tc0126_A05_S01,5
tc0487_A02_S03,3
tc0467_A01_S04,1
tc0652_A03_S01,3
tc0239_A02_S01,3
tc0533_A02_S02,2
tc0620_A03_S03,3
tc0527_A01_S02,1
tc0591_A05_S01,5
tc0387_A05_S02,5
tc0651_A02_S02,2
tc0174_A01_S04,1
tc0170_A04_S02,4
tc0190_A04_S02,4
tc0402_A05_S02,5
tc0590_A01_S02,1
tc0494_A03_S04,4
tc0258_A05_S03,5
tc0702_A01_S03,1
tc0167_A04_S02,4
tc0185_A02_S03,2
tc0698_A04_S03,4
tc0273_A04_S03,5
tc0678_A03_S04,4
tc0664_A02_S03,2
tc0429_A01_S01,1
tc0300_A04_S01,4
tc0564_A03_S02,3
tc0143_A02_S01,2
tc0628_A05_S02,5
tc0198_A02_S04,3
tc0025_A01_S01,1
tc0324_A04_S01,4
tc0600_A02_S05,4
tc0330_A04_S01,4
tc0698_A01_S03,1
tc0664_A05_S01,5
tc0664_A01_S03,1
tc0258_A05_S01,4
tc0199_A01_S03,1
tc0258_A05_S02,5
tc0410_A04_S02,4
tc0163_A01_S03,1
tc0580_A05_S02,5
tc0070_A04_S02,3
tc0059_A03_S02,2
tc0436_A05_S02,5
tc0664_A04_S04,5
tc0125_A01_S02,1
tc0139_A01_S02,1
tc0521_A02_S01,2
tc0164_A04_S02,4
tc0454_A01_S03,1
tc0388_A02_S03,3
tc0200_A03_S02,4
tc0168_A05_S04,5
tc0164_A04_S01,4
tc0491_A02_S02,2
tc0657_A01_S03,1
tc0473_A04_S02,4
tc0596_A03_S03,5
tc0513_A05_S03,4
tc0662_A04_S02,3
tc0551_A05_S03,5
tc0054_A05_S04,5
tc0069_A02_S04,3
tc0711_A02_S04,3
tc0196_A01_S04,2
tc0268_A01_S02,1
tc0610_A05_S03,4
tc0174_A04_S01,4
tc0708_A01_S03,1
tc0215_A01_S01,1
tc0039_A01_S03,1
tc0712_A05_S03,5
tc0290_A04_S01,5
tc0715_A02_S01,2
tc0699_A02_S02,3
tc0335_A03_S01,3
tc0198_A02_S01,2
tc0533_A04_S02,4
tc0591_A04_S03,5
tc0222_A03_S08,5
tc0484_A06_S01,4
tc0294_A02_S03,2
tc0650_A02_S05,2
tc0151_A04_S03,5
tc0178_A04_S02,4
tc0273_A02_S03,2
tc0461_A01_S04,2
tc0520_A01_S01,1
tc0601_A02_S02,2
tc0188_A02_S02,2
tc0652_A02_S01,2
tc0499_A02_S01,2
tc0682_A04_S02,4
tc0080_A01_S05,2
tc0601_A01_S02,1
tc0431_A01_S02,1
tc0453_A01_S06,2
tc0531_A02_S02,2
tc0528_A04_S01,4
tc0576_A01_S01,1
tc0506_A03_S03,5
tc0273_A04_S07,5
tc0150_A01_S03,1
tc0662_A02_S03,2
tc0469_A02_S04,3
tc0073_A02_S01,2
tc0154_A01_S02,1
tc0527_A02_S01,1
tc0325_A03_S01,3
tc0498_A06_S02,5
tc0488_A01_S01,1
tc0273_A02_S06,3
tc0708_A05_S02,5
tc0160_A05_S03,4
tc0167_A03_S02,3
tc0381_A03_S03,3
tc0593_A02_S01,3
tc0351_A02_S02,2
tc0726_A02_S01,2
tc0290_A02_S04,2
tc0054_A01_S01,1
tc0513_A04_S02,3
tc0651_A05_S01,5
tc0164_A01_S03,1
tc0662_A05_S06,5
tc0541_A03_S03,5
tc0172_A03_S01,3
tc0268_A04_S02,4
tc0679_A01_S02,1
tc0513_A06_S01,5
tc0584_A02_S02,2
tc0176_A05_S04,5
tc0440_A04_S03,4
tc0664_A03_S02,3
tc0157_A02_S01,2
tc0702_A02_S03,3
tc0169_A02_S02,1
tc0327_A05_S04,5
tc0458_A03_S03,5
tc0561_A05_S03,5
tc0650_A03_S01,3
tc0657_A03_S02,3
tc0076_A02_S01,2
tc0602_A05_S03,5
tc0656_A02_S02,2
tc0706_A05_S02,5
tc0654_A05_S02,5
tc0360_A05_S02,5
tc0074_A03_S02,3
tc0203_A05_S01,5
tc0133_A01_S03,1
tc0521_A01_S01,1
tc0152_A03_S02,3
tc0181_A06_S04,5
tc0245_A05_S01,5
tc0156_A02_S02,2
tc0663_A03_S03,3
tc0167_A05_S02,5
tc0174_A03_S03,3
tc0322_A04_S02,4
tc0185_A05_S03,5
tc0473_A03_S05,3
tc0522_A01_S01,1
tc0625_A02_S03,2
tc0178_A02_S03,2
tc0495_A04_S03,4
tc0175_A01_S02,1
tc0602_A01_S01,1
tc0441_A03_S01,2
tc0077_A02_S04,2
tc0626_A05_S01,4
tc0292_A02_S02,3
tc0293_A01_S02,1
tc0495_A02_S01,2
tc0250_A01_S02,1
tc0469_A02_S06,4
tc0564_A02_S01,2
tc0071_A02_S01,2
tc0279_A05_S01,5
tc0680_A04_S03,4
tc0203_A03_S04,3
tc0302_A03_S03,4
tc0437_A04_S01,4
tc0698_A05_S03,5
tc0160_A04_S02,3
tc0273_A02_S05,2
tc0496_A03_S02,5
tc0047_A03_S02,3
tc0196_A02_S03,3
tc0662_A05_S02,4
tc0151_A05_S01,5
tc0472_A01_S05,2
tc0142_A05_S03,5
tc0138_A02_S01,2
tc0359_A03_S02,3
tc0512_A01_S01,1
tc0086_A05_S02,5
tc0189_A02_S03,2
tc0120_A04_S03,5
tc0259_A03_S02,3
tc0703_A02_S02,3
tc0605_A04_S02,5
tc0358_A01_S01,1
tc0473_A04_S04,4
tc0499_A04_S03,4
tc0189_A01_S01,1
tc0063_A03_S01,3
tc0583_A04_S01,4
tc0170_A05_S03,5
tc0516_A02_S02,2
tc0353_A01_S01,1
tc0516_A04_S02,4
tc0391_A01_S01,1
tc0145_A02_S02,2
tc0227_A02_S01,2
tc0582_A05_S01,5
tc0144_A02_S03,2
tc0586_A05_S01,5
tc0719_A03_S02,4
tc0154_A03_S03,3
tc0034_A02_S03,2
tc0430_A01_S01,1
tc0725_A03_S02,3
tc0531_A01_S04,1
tc0656_A05_S01,4
tc0550_A05_S03,5
tc0510_A04_S01,5
tc0710_A03_S04,5
tc0551_A01_S03,1
tc0436_A05_S03,5
tc0234_A03_S04,5
tc0215_A02_S03,3
tc0469_A01_S05,2
tc0070_A05_S03,4
tc0069_A02_S03,2
tc0529_A03_S02,4
tc0600_A01_S05,2
tc0592_A04_S01,4
tc0564_A05_S03,5
tc0593_A02_S05,5
tc0418_A06_S01,5
tc0302_A04_S02,5
tc0137_A05_S01,5
tc0602_A05_S02,5
tc0273_A04_S02,4
tc0077_A05_S03,5
tc0488_A01_S02,1
tc0702_A03_S01,3
tc0186_A02_S02,2
tc0191_A01_S04,1
tc0361_A02_S03,3
tc0576_A02_S04,3
tc0484_A06_S02,5
tc0177_A01_S01,1
tc0137_A01_S04,1
tc0725_A03_S01,2
tc0072_A05_S02,5
tc0139_A03_S02,3
tc0180_A05_S03,5
tc0696_A05_S02,5
tc0273_A03_S02,3
tc0353_A03_S01,3
tc0061_A03_S01,3
tc0080_A03_S03,4
tc0162_A02_S03,2
tc0605_A01_S03,1
tc0706_A04_S01,4
tc0324_A01_S01,1
tc0294_A05_S04,5
tc0584_A03_S04,
tc0227_A03_S02,5
tc0392_A04_S01,4
tc0476_A01_S02,1
tc0522_A01_S03,1
tc0148_A04_S04,4
tc0269_A02_S03,3
tc0591_A02_S02,2
tc0222_A01_S01,1
tc0352_A01_S02,1
tc0522_A02_S04,3
tc0724_A02_S03,2
tc0290_A03_S05,4
tc0391_A05_S04,5
tc0654_A02_S03,2
tc0399_A05_S02,5
tc0326_A01_S02,1
tc0198_A04_S02,5
tc0169_A03_S04,3
tc0644_A05_S01,5
tc0151_A01_S02,1
tc0388_A03_S03,4
tc0324_A04_S03,4
tc0724_A01_S02,1
tc0660_A03_S01,3
tc0180_A04_S02,4
tc0620_A04_S02,4
tc0509_A01_S02,1
tc0607_A03_S03,4
tc0499_A02_S02,2
tc0145_A01_S02,1
tc0222_A03_S04,4
tc0716_A03_S03,3
tc0025_A04_S05,5
tc0580_A04_S03,5
tc0727_A02_S01,2
tc0528_A05_S04,5
tc0399_A03_S03,3
tc0131_A05_S03,4
tc0522_A03_S03,4
tc0332_A01_S03,2
tc0662_A04_S05,4
tc0030_A04_S02,5
tc0682_A01_S02,1
tc0719_A01_S02,1
tc0334_A03_S02,3
tc0385_A02_S02,2
tc0215_A02_S01,2
tc0612_A02_S02,2
tc0175_A04_S01,3
tc0392_A03_S01,3
tc0258_A05_S04,5
tc0529_A01_S01,1
tc0646_A02_S02,2
tc0180_A04_S03,4
tc0267_A05_S02,5
tc0350_A02_S04,2
tc0416_A02_S01,2
tc0352_A03_S02,3
tc0163_A04_S02,4
tc0526_A05_S01,5
tc0662_A05_S05,5
tc0197_A02_S01,2
tc0063_A01_S01,1
tc0164_A01_S02,1
tc0719_A04_S01,4
tc0501_A02_S02,2
tc0472_A01_S01,1
tc0149_A04_S03,4
tc0714_A03_S01,3
tc0343_A04_S02,4
tc0361_A01_S04,2
tc0258_A03_S03,3
tc0133_A05_S03,5
tc0328_A04_S02,4
tc0486_A03_S03,3
tc0386_A04_S02,4
tc0530_A02_S01,2
tc0058_A05_S03,5
tc0199_A02_S01,2
tc0500_A01_S02,1
tc0083_A03_S03,3
tc0132_A05_S03,5
tc0409_A03_S01,3
tc0143_A05_S03,5
tc0353_A01_S03,1
tc0722_A01_S03,1
tc0589_A04_S01,4
tc0548_A03_S02,3
tc0657_A02_S02,2
tc0069_A03_S03,3
tc0600_A02_S02,3
tc0285_A02_S03,3
tc0073_A03_S01,3
tc0120_A01_S02,1
tc0284_A05_S03,5
tc0059_A02_S01,1
tc0648_A02_S02,2
tc0681_A03_S01,2
tc0212_A01_S02,1
tc0430_A05_S01,5
tc0690_A03_S04,
tc0359_A02_S01,2
tc0001_A02_S01,2
tc0607_A01_S02,1
tc0431_A03_S03,3
tc0381_A05_S01,5
tc0186_A01_S04,1
tc0247_A01_S02,1
tc0162_A04_S01,4
tc0596_A01_S02,1
tc0589_A04_S02,5
tc0178_A04_S03,4
tc0701_A01_S03,2
tc0563_A02_S03,2
tc0726_A03_S01,3
tc0266_A02_S02,2
tc0175_A02_S02,2
tc0665_A04_S02,4
tc0158_A05_S03,5
tc0467_A03_S04,5
tc0047_A05_S01,5
tc0397_A04_S02,5
tc0493_A04_S01,3
tc0657_A05_S03,5
tc0590_A03_S02,3
tc0467_A03_S06,5
tc0550_A03_S01,3
tc0305_A05_S01,5
tc0160_A05_S02,4
tc0185_A01_S01,1
tc0386_A02_S03,3
tc0724_A04_S01,5
tc0285_A05_S01,5
tc0197_A04_S02,4
tc0399_A02_S03,2
tc0648_A03_S01,2
tc0707_A03_S03,4
tc0327_A03_S04,3
tc0327_A03_S02,3
tc0126_A04_S03,4
tc0086_A02_S02,2
tc0394_A02_S03,2
tc0604_A03_S02,5
tc0626_A05_S05,5
tc0510_A03_S04,4
tc0170_A02_S02,2
tc0698_A02_S02,2
tc0476_A01_S01,1
tc0526_A02_S04,2
tc0053_A04_S01,4
tc0116_A02_S01,2
tc0196_A01_S01,1
tc0681_A04_S02,4
tc0131_A05_S02,4
tc0561_A02_S01,2
tc0333_A05_S02,5
tc0353_A04_S04,4
tc0389_A01_S02,1
tc0488_A03_S02,2
tc0182_A05_S01,4
tc0712_A02_S02,2
tc0222_A03_S07,5
tc0450_A02_S04,3
tc0048_A05_S03,5
tc0385_A02_S04,2
tc0199_A04_S01,4
tc0090_A01_S03,2
tc0551_A02_S01,1
tc0160_A06_S04,5
tc0137_A02_S01,2
tc0581_A06_S02,5
tc0089_A04_S01,4
tc0602_A04_S01,4
tc0576_A04_S01,3
tc0450_A03_S04,5
tc0199_A03_S02,3
tc0134_A05_S01,5
tc0157_A04_S03,4
tc0120_A01_S03,1
tc0178_A02_S04,2
tc0082_A01_S02,1
tc0627_A05_S02,5
tc0725_A05_S01,4
tc0454_A01_S01,1
tc0034_A05_S05,5
tc0473_A02_S03,2
tc0160_A02_S02,2
tc0127_A04_S02,4
tc0726_A01_S01,1
tc0132_A04_S01,3
tc0233_A01_S01,1
tc0528_A03_S01,3
tc0189_A02_S02,2
tc0453_A01_S05,2
tc0039_A02_S01,3
tc0177_A02_S02,2
tc0499_A01_S02,1
tc0594_A01_S02,1
tc0332_A03_S03,3
tc0469_A03_S03,5
tc0290_A04_S02,5
tc0273_A03_S04,3
tc0159_A05_S01,4
tc0266_A04_S03,4
tc0147_A02_S02,2
tc0566_A02_S01,2
tc0082_A03_S03,5
tc0134_A03_S02,3
tc0247_A04_S02,4
tc0035_A05_S01,5
tc0652_A03_S02,3
tc0465_A02_S05,4
tc0623_A03_S01,3
tc0328_A03_S03,3
tc0173_A02_S04,2
tc0284_A05_S01,4
tc0199_A01_S04,2
tc0072_A03_S01,3
tc0682_A02_S03,2
tc0467_A02_S06,3
tc0352_A05_S03,5
tc0521_A01_S03,1
tc0134_A02_S02,2
tc0660_A01_S04,1
tc0585_A02_S03,2
tc0073_A02_S02,2
tc0421_A02_S01,2
tc0035_A04_S02,4
tc0300_A01_S02,1
tc0520_A04_S01,4
tc0678_A03_S01,3
tc0509_A05_S03,5
tc0703_A02_S04,4
tc0202_A04_S02,4
tc0191_A03_S03,3
tc0439_A02_S02,2
tc0259_A04_S03,4
tc0265_A04_S03,4
tc0415_A05_S01,5
tc0059_A06_S02,5
tc0185_A03_S02,3
tc0070_A03_S02,2
tc0655_A05_S04,5
tc0292_A02_S06,4
tc0178_A02_S01,1
tc0079_A02_S03,3
tc0184_A01_S02,1
tc0580_A02_S01,2
tc0475_A01_S03,1
tc0080_A02_S04,3
tc0475_A02_S05,4
tc0148_A04_S02,4
tc0335_A02_S03,2
tc0140_A03_S02,3
tc0271_A05_S02,5
tc0665_A02_S01,1
tc0459_A03_S02,3
tc0218_A04_S02,5
tc0586_A04_S03,4
tc0576_A04_S03,4
tc0661_A02_S02,2
tc0461_A02_S06,4
tc0268_A04_S03,4
tc0643_A04_S03,4
tc0154_A03_S01,3
tc0181_A02_S03,1
tc0605_A01_S02,1
tc0663_A05_S03,4
tc0250_A03_S04,4
tc0214_A04_S03,4
tc0061_A01_S02,1
tc0473_A02_S05,2
tc0644_A02_S02,2
tc0159_A01_S03,1
tc0070_A03_S01,2
tc0509_A02_S02,2
tc0150_A05_S01,4
tc0494_A04_S01,4
tc0531_A03_S01,3
tc0055_A02_S04,3
tc0714_A01_S03,1
tc0139_A05_S01,5
tc0603_A04_S02,4
tc0160_A03_S02,2
tc0302_A03_S04,4
tc0275_A02_S05,2
tc0643_A03_S03,3
tc0247_A01_S01,1
tc0141_A05_S04,5
tc0325_A01_S01,1
tc0573_A05_S04,5
tc0526_A03_S02,3
tc0663_A05_S02,4
tc0608_A02_S01,2
tc0509_A01_S03,1
tc0138_A03_S02,3
tc0063_A05_S02,5
tc0184_A01_S03,1
tc0711_A02_S05,4
tc0177_A03_S01,2
tc0174_A01_S03,1
tc0166_A02_S01,2
tc0725_A04_S02,4
tc0562_A05_S04,5
tc0181_A02_S02,1
tc0358_A05_S02,5
tc0025_A02_S01,1
tc0199_A01_S01,1
tc0292_A01_S02,1
tc0331_A01_S02,1
tc0488_A03_S07,4
tc0701_A03_S03,5
tc0444_A01_S01,1
tc0144_A04_S01,3
tc0491_A05_S04,5
tc0610_A05_S05,5
tc0177_A03_S04,3
tc0358_A05_S03,5
tc0055_A02_S03,3
tc0331_A02_S04,2
tc0070_A06_S02,5
tc0663_A05_S01,4
tc0035_A02_S02,2
tc0087_A02_S02,2
tc0076_A04_S02,4
tc0247_A03_S03,3
tc0696_A02_S03,3
tc0540_A04_S02,5
tc0641_A03_S02,5
tc0601_A04_S03,4
tc0545_A03_S02,3
tc0573_A03_S03,3
tc0700_A05_S03,5
tc0441_A01_S03,1
tc0189_A01_S02,1
tc0576_A01_S02,1
tc0083_A04_S02,4
tc0630_A04_S03,4
tc0073_A02_S05,3
tc0088_A02_S02,2
tc0416_A04_S02,4
tc0500_A03_S04,5
tc0663_A06_S02,5
tc0329_A01_S04,2
tc0646_A01_S02,1
tc0409_A05_S02,5
tc0391_A04_S02,4
tc0161_A04_S01,3
tc0034_A03_S02,3
tc0491_A03_S01,3
tc0069_A02_S01,2
tc0630_A05_S03,5
tc0164_A03_S02,3
tc0525_A03_S02,3
tc0322_A01_S02,1
tc0710_A02_S01,2
tc0495_A05_S04,5
tc0178_A02_S05,2
tc0716_A03_S02,3
tc0620_A03_S02,3
tc0141_A02_S01,2
tc0438_A03_S01,3
tc0627_A04_S02,4
tc0212_A04_S02,4
tc0139_A04_S03,4
tc0488_A05_S03,5
tc0146_A03_S01,3
tc0472_A02_S04,3
tc0467_A02_S05,3
tc0450_A03_S06,5
tc0149_A05_S01,5
tc0150_A05_S05,5
tc0172_A01_S04,1
tc0666_A04_S02,4
tc0353_A02_S02,2
tc0394_A03_S02,3
tc0365_A02_S03,4
tc0723_A02_S01,3
tc0126_A03_S02,3
tc0171_A05_S03,5
tc0180_A05_S04,5
tc0545_A02_S02,2
tc0135_A02_S02,2
tc0704_A04_S02,4
tc0230_A03_S01,3
tc0137_A04_S03,4
tc0700_A03_S01,3
tc0087_A01_S01,1
tc0294_A02_S04,3
tc0581_A02_S02,2
tc0485_A02_S01,1
tc0487_A01_S03,1
tc0055_A03_S04,5
tc0089_A01_S02,1
tc0562_A05_S01,4
tc0232_A02_S03,2
tc0217_A05_S04,5
tc0495_A04_S01,3
tc0170_A01_S02,1
tc0247_A01_S03,1
tc0126_A04_S04,5
tc0603_A04_S03,5
tc0146_A01_S02,1
tc0155_A03_S01,3
tc0660_A02_S02,3
tc0681_A02_S02,2
tc0690_A02_S03,2
tc0191_A04_S02,4
tc0513_A05_S02,4
tc0488_A05_S01,5
tc0658_A02_S03,2
tc0438_A02_S02,2
tc0681_A01_S02,1
tc0353_A03_S02,3
tc0459_A03_S03,3
tc0302_A02_S04,3
tc0548_A03_S04,3
tc0386_A02_S02,2
tc0265_A03_S04,3
tc0494_A02_S01,2
tc0594_A03_S03,3
tc0079_A02_S01,2
tc0217_A04_S01,4
tc0450_A03_S01,4
tc0144_A04_S02,4
tc0091_A01_S02,1
tc0526_A04_S04,5
tc0592_A01_S02,1
tc0680_A03_S02,3
tc0386_A01_S02,1
tc0660_A05_S02,5
tc0343_A01_S02,1
tc0293_A01_S04,2
tc0472_A01_S07,2
tc0070_A05_S04,4
tc0182_A04_S02,4
tc0047_A01_S01,1
tc0709_A01_S03,1
tc0607_A05_S01,5
tc0453_A03_S06,5
tc0698_A03_S03,3
tc0458_A03_S01,4
tc0389_A04_S01,4
tc0300_A04_S02,4
tc0680_A04_S01,4
tc0529_A02_S03,3
tc0607_A03_S01,3
tc0362_A01_S03,1
tc0509_A03_S02,3
tc0156_A03_S02,3
tc0510_A04_S03,5
tc0488_A04_S02,4
tc0485_A03_S01,3
tc0592_A05_S03,5
tc0649_A02_S02,2
tc0220_A02_S02,2
tc0402_A01_S01,1
tc0550_A02_S03,2
tc0332_A02_S02,2
tc0680_A03_S01,3
tc0628_A02_S04,3
tc0059_A04_S02,3
tc0324_A02_S01,2
tc0673_A04_S01,4
tc0271_A01_S04,1
tc0499_A04_S01,4
tc0694_A05_S01,5
tc0710_A03_S03,5
tc0564_A01_S01,1
tc0265_A04_S02,4
tc0227_A01_S01,1
tc0473_A02_S02,2
tc0201_A05_S01,5
tc0526_A05_S03,5
tc0581_A04_S02,3
tc0155_A01_S04,1
tc0233_A02_S01,2
tc0714_A05_S02,5
tc0499_A04_S02,4
tc0585_A04_S01,4
tc0604_A01_S01,1
tc0587_A03_S01,2
tc0184_A02_S02,2
tc0623_A02_S02,2
tc0694_A05_S02,5
tc0133_A02_S04,3
tc0361_A05_S02,5
tc0603_A03_S03,3
tc0547_A03_S01,
tc0141_A02_S02,2
tc0322_A04_S03,4
tc0588_A01_S02,1
tc0578_A05_S01,4
tc0610_A05_S02,4
tc0509_A01_S04,2
tc0146_A01_S01,1
tc0497_A01_S04,1
tc0169_A06_S06,5
tc0573_A02_S01,1
tc0265_A01_S02,1
tc0682_A03_S02,3
tc0630_A02_S01,2
tc0083_A05_S01,5
tc0561_A04_S02,4
tc0590_A03_S01,3
tc0551_A02_S04,2
tc0701_A01_S01,1
tc0153_A04_S01,4
tc0133_A03_S01,3
tc0716_A05_S03,5
tc0214_A03_S04,3
tc0178_A04_S04,4
tc0185_A03_S01,3
tc0431_A02_S01,1
tc0690_A03_S02,3
tc0076_A03_S01,3
tc0521_A03_S01,3
tc0133_A02_S01,2
tc0181_A06_S02,5
tc0351_A04_S03,4
tc0387_A03_S03,3
tc0130_A01_S02,1
tc0690_A01_S03,1
tc0422_A04_S01,
tc0680_A02_S03,2
tc0625_A05_S04,5
tc0358_A02_S03,3
tc0268_A05_S02,5
tc0181_A02_S04,2
tc0704_A03_S01,3
tc0332_A03_S02,3
tc0607_A05_S03,5
tc0053_A04_S02,4
tc0212_A05_S02,5
tc0653_A02_S05,2
tc0590_A04_S04,4
tc0258_A01_S04,1
tc0453_A03_S05,5
tc0661_A02_S01,2
tc0678_A05_S03,5
tc0620_A05_S02,5
tc0258_A01_S01,1
tc0297_A05_S02,5
tc0567_A02_S01,2
tc0700_A01_S01,1
tc0051_A01_S03,1
tc0131_A05_S01,
tc0666_A01_S03,1
tc0467_A01_S06,2
tc0232_A02_S02,1
tc0473_A05_S04,5
tc0166_A05_S03,5
tc0295_A04_S01,4
tc0169_A05_S02,4
tc0531_A01_S01,1
tc0399_A01_S03,1
tc0070_A02_S01,1
tc0654_A03_S03,3
tc0510_A03_S01,3
tc0410_A03_S03,4
tc0450_A02_S01,2
tc0715_A03_S03,5
tc0682_A05_S02,5
tc0662_A01_S01,1
tc0569_A06_S02,5
tc0171_A01_S04,1
tc0719_A04_S03,5
tc0327_A04_S02,4
tc0065_A03_S02,5
tc0083_A05_S02,5
tc0069_A01_S01,1
tc0087_A04_S01,4
tc0078_A01_S03,1
tc0658_A02_S04,2
tc0297_A05_S01,5
tc0218_A02_S03,1
tc0169_A03_S05,3
tc0629_A06_S03,5
tc0343_A04_S04,4
tc0077_A02_S03,2
tc0358_A01_S02,1
tc0459_A04_S05,5
tc0476_A02_S06,3
tc0533_A05_S02,5
tc0327_A05_S02,5
tc0399_A05_S03,5
tc0724_A02_S02,2
tc0415_A04_S03,5
tc0402_A01_S03,1
tc0521_A02_S02,2
tc0444_A03_S01,3
tc0195_A05_S03,5
tc0678_A01_S03,1
tc0701_A02_S01,2
tc0299_A03_S01,4
tc0612_A03_S01,3
tc0200_A04_S02,4
tc0441_A01_S02,1
tc0159_A05_S04,5
tc0592_A04_S02,4
tc0583_A05_S02,5
tc0393_A05_S01,5
tc0706_A03_S01,3
tc0230_A01_S03,1
tc0169_A01_S02,1
tc0300_A01_S01,1
tc0644_A04_S01,4
tc0001_A01_S01,1
tc0175_A04_S02,4
tc0061_A01_S01,1
tc0491_A05_S02,5
tc0707_A03_S02,4
tc0487_A05_S01,5
tc0086_A04_S01,4
tc0220_A02_S03,2
tc0701_A02_S02,3
tc0657_A05_S01,4
tc0581_A03_S01,2
tc0713_A02_S02,2
tc0143_A03_S03,3
tc0603_A02_S04,2
tc0083_A03_S02,3
tc0073_A04_S03,4
tc0157_A01_S02,1
tc0655_A03_S01,2
tc0360_A03_S03,4
tc0391_A03_S01,3
tc0465_A03_S02,5
tc0444_A03_S03,4
tc0707_A02_S02,2
tc0586_A01_S03,1
tc0603_A04_S04,5
tc0305_A02_S01,2
tc0285_A03_S02,3
tc0155_A05_S02,5
tc0196_A02_S01,2
tc0130_A02_S04,2
tc0187_A02_S03,2
tc0082_A01_S01,1
tc0259_A05_S02,5
tc0158_A03_S03,3
tc0327_A03_S01,2
tc0415_A04_S02,4
tc0596_A02_S01,2
tc0266_A04_S01,
tc0047_A01_S02,1
tc0131_A03_S02,2
tc0494_A05_S02,5
tc0461_A03_S02,5
tc0653_A02_S03,2
tc0718_A05_S03,5
tc0190_A02_S03,2
tc0142_A04_S01,4
tc0655_A02_S02,2
tc0528_A04_S03,4
tc0141_A03_S02,3
tc0039_A02_S02,3
tc0526_A03_S04,4
tc0084_A05_S01,4
tc0711_A02_S02,3
tc0513_A02_S02,1
tc0077_A03_S01,3
tc0351_A01_S02,1
tc0582_A01_S01,1
tc0679_A04_S03,4
tc0584_A04_S03,4
tc0154_A05_S01,4
tc0694_A03_S02,3
tc0295_A01_S01,1
tc0444_A02_S03,3
tc0181_A05_S04,4
tc0297_A03_S01,3
tc0168_A01_S03,1
tc0504_A01_S01,1
tc0461_A01_S03,1
tc0587_A05_S01,5
tc0643_A03_S02,3
tc0712_A04_S01,4
tc0390_A05_S02,5
tc0564_A01_S02,1
tc0164_A03_S01,3
tc0184_A03_S02,3
tc0501_A01_S01,1
tc0608_A03_S01,3
tc0190_A03_S02,3
tc0200_A02_S02,3
tc0146_A04_S01,4
tc0725_A03_S03,3
tc0188_A03_S01,3
tc0163_A03_S01,3
tc0498_A04_S03,4
tc0177_A01_S03,1
tc0431_A05_S02,5
tc0116_A03_S03,3
tc0175_A01_S04,1
tc0692_A03_S01,3
tc0561_A04_S04,4
tc0088_A02_S03,3
tc0450_A01_S08,2
tc0197_A02_S03,3
tc0332_A04_S01,4
tc0527_A05_S02,5
tc0362_A02_S02,2
tc0698_A05_S02,5
tc0195_A01_S03,1
tc0296_A01_S01,1
tc0596_A01_S03,2
tc0156_A05_S01,5
tc0361_A04_S02,4
tc0652_A04_S02,4
tc0035_A05_S03,5
tc0220_A05_S01,5
tc0233_A03_S01,2
tc0601_A01_S01,1
tc0436_A02_S01,2
tc0189_A03_S02,3
tc0540_A04_S01,4
tc0202_A03_S01,2
tc0520_A02_S02,2
tc0154_A01_S03,1
tc0297_A01_S01,1
tc0453_A03_S01,4
tc0392_A01_S03,2
tc0325_A01_S02,1
tc0385_A02_S03,2
tc0133_A05_S02,5
tc0275_A03_S02,3
tc0074_A03_S01,3
tc0393_A04_S01,4
tc0496_A01_S01,1
tc0715_A01_S03,1
tc0343_A04_S03,4
tc0473_A01_S02,1
tc0164_A04_S03,4
tc0532_A05_S04,5
tc0486_A04_S02,5
tc0582_A02_S03,3
tc0437_A05_S02,5
tc0612_A04_S02,4
tc0386_A05_S01,5
tc0279_A04_S01,4
tc0203_A01_S04,1
tc0607_A02_S04,3
tc0156_A02_S04,2
tc0155_A04_S01,4
tc0088_A04_S02,4
tc0469_A03_S01,5
tc0431_A04_S02,4
tc0350_A04_S02,4
tc0250_A02_S05,2
tc0126_A03_S01,3
tc0719_A05_S02,5
tc0385_A01_S01,1
tc0058_A01_S02,1
tc0602_A03_S04,3
tc0168_A05_S03,5
tc0673_A01_S01,1
tc0359_A05_S01,4
tc0666_A05_S01,5
tc0680_A02_S02,2
tc0416_A03_S03,4
tc0512_A07_S01,4
tc0393_A03_S01,3
tc0199_A05_S02,5
tc0612_A03_S04,4
tc0212_A02_S03,2
tc0704_A03_S03,4
tc0362_A03_S04,3
tc0587_A04_S01,4
tc0078_A04_S02,4
tc0626_A02_S01,2
tc0035_A03_S02,3
tc0601_A03_S01,3
tc0576_A04_S04,4
tc0171_A03_S02,3
tc0365_A03_S04,5
tc0708_A05_S03,5
tc0185_A02_S01,2
tc0143_A05_S01,5
tc0162_A01_S03,1
tc0180_A03_S03,3
tc0521_A01_S02,1
tc0476_A02_S05,3
tc0682_A02_S02,2
tc0708_A03_S02,3
tc0529_A04_S01,5
tc0273_A04_S01,4
tc0138_A04_S02,4
tc0180_A03_S04,3
tc0650_A04_S01,4
tc0407_A05_S03,5
tc0059_A05_S03,4
tc0497_A04_S02,4
tc0688_A05_S04,5
tc0622_A03_S01,2
tc0365_A03_S02,4
tc0168_A05_S02,5
tc0365_A01_S01,1
tc0394_A03_S01,3
tc0294_A03_S03,3
tc0184_A05_S03,5
tc0070_A03_S03,2
tc0570_A03_S02,3
tc0532_A03_S03,3
tc0127_A04_S01,4
tc0410_A01_S02,1
tc0053_A01_S03,1
tc0713_A05_S02,5
tc0079_A02_S02,2
tc0250_A03_S01,3
tc0526_A03_S03,3
tc0287_A02_S03,4
tc0152_A04_S01,4
tc0562_A05_S02,5
tc0188_A02_S01,2
tc0089_A03_S01,3
tc0664_A02_S02,2
tc0353_A04_S02,4
tc0351_A03_S02,3
tc0250_A03_S05,4
tc0713_A04_S01,4
tc0610_A05_S01,4
tc0565_A04_S03,4
tc0718_A02_S03,2
tc0591_A02_S03,3
tc0150_A01_S02,1
tc0453_A03_S04,5
tc0589_A02_S01,1
tc0353_A04_S03,4
tc0173_A05_S02,5
tc0170_A04_S01,4
tc0589_A03_S04,4
tc0160_A02_S01,1
tc0532_A02_S01,2
tc0548_A01_S05,1
tc0656_A03_S02,3
tc0195_A05_S01,5
tc0530_A04_S03,5
tc0212_A01_S01,1
tc0147_A04_S01,4
tc0145_A02_S03,2
tc0649_A05_S02,5
tc0156_A04_S03,4
tc0656_A02_S03,2
tc0520_A03_S01,3
tc0691_A05_S01,5
tc0134_A04_S03,4
tc0506_A01_S01,1
tc0533_A03_S04,4
tc0666_A05_S02,5
tc0649_A05_S04,5
tc0327_A01_S01,1
tc0540_A01_S03,2
tc0127_A03_S02,3
tc0459_A02_S02,1
tc0158_A03_S01,3
tc0706_A03_S03,3
tc0385_A05_S02,5
tc0322_A02_S02,2
tc0054_A04_S03,4
tc0608_A05_S02,5
tc0475_A03_S03,5
tc0275_A04_S02,4
tc0681_A05_S01,4
tc0080_A05_S01,5
tc0390_A03_S02,3
tc0150_A03_S03,3
tc0662_A04_S04,4
tc0393_A04_S03,4
tc0589_A02_S02,2
tc0605_A02_S05,3
tc0173_A05_S01,4
tc0436_A02_S02,2
tc0629_A02_S01,1
tc0454_A01_S04,2
tc0271_A01_S02,1
tc0136_A04_S02,4
tc0153_A01_S02,1
tc0610_A06_S03,5
tc0180_A04_S01,4
tc0232_A03_S01,3
tc0385_A03_S03,3
tc0187_A04_S01,3
tc0250_A05_S01,4
tc0133_A04_S01,4
tc0139_A01_S01,1
tc0188_A04_S01,4
tc0491_A03_S03,
tc0415_A05_S02,5
tc0330_A04_S02,4
tc0079_A03_S01,3
tc0359_A03_S04,3
tc0540_A02_S02,2
tc0305_A01_S02,1
tc0458_A02_S04,3
tc0220_A02_S04,2
tc0190_A03_S01,3
tc0386_A02_S01,2
tc0444_A02_S02,2
tc0700_A04_S03,4
tc0167_A02_S01,2
tc0476_A03_S02,5
tc0292_A01_S06,2
tc0469_A02_S03,3
tc0725_A01_S01,1
tc0148_A03_S03,3
tc0465_A01_S04,2
tc0710_A03_S02,4
tc0708_A02_S02,2
tc0473_A04_S03,4
tc0696_A01_S04,2
tc0586_A03_S01,3
tc0153_A01_S01,1
tc0570_A02_S02,2
tc0584_A04_S01,4
tc0591_A01_S02,1
tc0715_A01_S02,1
tc0661_A04_S01,4
tc0682_A04_S01,4
tc0627_A02_S02,2
tc0588_A01_S01,1
tc0594_A01_S01,1
tc0499_A03_S01,3
tc0180_A01_S05,2
tc0565_A03_S01,3
tc0158_A01_S01,1
tc0654_A02_S02,2
tc0202_A04_S03,5
tc0438_A01_S02,1
tc0061_A05_S01,5
tc0184_A04_S02,4
tc0269_A01_S03,1
tc0007_A03_S05,5
tc0327_A02_S02,2
tc0381_A04_S02,4
tc0563_A04_S03,4
tc0391_A03_S02,3
tc0580_A02_S03,3
tc0189_A02_S04,3
tc0663_A01_S01,1
tc0324_A03_S01,3
tc0415_A02_S02,2
tc0495_A05_S03,5
tc0714_A05_S03,5
tc0166_A01_S02,1
tc0076_A03_S02,3
tc0295_A01_S02,1
tc0698_A01_S01,1
tc0172_A04_S04,5
tc0564_A05_S04,5
tc0127_A01_S03,1
tc0563_A02_S01,2
tc0125_A02_S01,2
tc0497_A05_S01,5
tc0160_A06_S06,5
tc0561_A05_S01,5
tc0540_A02_S01,2
tc0154_A01_S01,1
tc0087_A02_S03,3
tc0200_A01_S03,2
tc0132_A05_S04,5
tc0153_A05_S03,5
tc0268_A05_S01,5
tc0626_A03_S02,3
tc0702_A03_S02,3
tc0589_A03_S03,3
tc0152_A01_S02,1
tc0203_A05_S03,5
tc0545_A04_S01,4
tc0662_A03_S01,2
tc0387_A01_S02,1
tc0431_A03_S01,3
tc0715_A02_S07,
tc0527_A04_S03,5
tc0302_A01_S04,1
tc0548_A01_S01,1
tc0649_A03_S04,3
tc0648_A05_S01,4
tc0387_A04_S03,4
tc0268_A04_S01,4
tc0299_A03_S02,4
tc0157_A05_S03,5
tc0620_A04_S01,4
tc0654_A01_S03,1
tc0059_A02_S03,1
tc0500_A01_S01,1
tc0135_A03_S01,3
tc0326_A04_S03,4
tc0622_A02_S02,1
tc0245_A02_S01,3
tc0079_A01_S02,1
tc0436_A01_S02,1
tc0713_A01_S03,1
tc0275_A04_S04,5
tc0025_A04_S08,5
tc0548_A04_S03,4
tc0258_A02_S02,2
tc0600_A03_S03,5
tc0450_A02_S06,4
tc0188_A05_S02,5
tc0513_A01_S01,1
tc0397_A02_S02,3
tc0071_A03_S02,3
tc0302_A01_S02,1
tc0625_A04_S01,4
tc0035_A03_S01,2
tc0360_A04_S01,4
tc0177_A05_S02,5
tc0271_A05_S03,5
tc0353_A05_S01,5
tc0177_A04_S04,5
tc0550_A02_S04,2
tc0365_A01_S02,1
tc0285_A04_S01,4
tc0550_A05_S01,5
tc0700_A03_S02,3
tc0154_A02_S02,2
tc0048_A01_S01,1
tc0422_A02_S03,2
tc0322_A02_S03,2
tc0688_A04_S03,4
tc0390_A02_S03,3
tc0069_A04_S01,4
tc0137_A01_S03,1
tc0713_A04_S02,4
tc0334_A04_S01,3
tc0651_A03_S01,3
tc0654_A05_S01,4
tc0233_A04_S02,4
tc0247_A03_S02,3
tc0458_A01_S05,2
tc0048_A03_S03,3
tc0588_A02_S03,2
tc0181_A03_S03,2
tc0461_A02_S04,3
tc0188_A05_S04,5
tc0402_A03_S01,3
tc0147_A05_S01,5
tc0593_A03_S01,5
tc0521_A02_S03,2
tc0673_A01_S02,1
tc0673_A03_S04,4
tc0649_A04_S02,4
tc0136_A04_S04,4
tc0653_A03_S06,4
tc0284_A01_S02,1
tc0156_A01_S03,1
tc0197_A05_S03,5
tc0563_A01_S03,1
tc0458_A02_S02,3
tc0293_A01_S03,2
tc0580_A03_S01,3
tc0688_A05_S03,5
tc0666_A02_S02,2
tc0561_A01_S02,1
tc0157_A02_S03,2
tc0089_A04_S02,4
tc0133_A01_S01,1
tc0203_A04_S03,4
tc0678_A01_S01,1
tc0162_A03_S03,3
tc0648_A02_S01,2
tc0570_A05_S03,5
tc0352_A03_S03,3
tc0658_A01_S02,1
tc0605_A03_S01,3
tc0034_A04_S01,3
tc0603_A03_S04,4
tc0058_A01_S03,1
tc0292_A03_S04,5
tc0677_A04_S01,4
tc0169_A04_S05,4
tc0086_A02_S01,2
tc0271_A02_S03,2
tc0643_A01_S01,1
tc0070_A06_S04,5
tc0154_A05_S03,5
tc0039_A01_S06,3
tc0440_A05_S03,5
tc0679_A05_S02,5
tc0079_A03_S03,4
tc0059_A04_S01,3
tc0181_A04_S01,3
tc0430_A03_S02,4
tc0715_A02_S03,2
tc0564_A01_S04,2
tc0444_A05_S01,5
tc0711_A01_S01,1
tc0035_A01_S01,1
tc0148_A05_S02,5
tc0545_A01_S02,1
tc0175_A03_S03,3
tc0590_A04_S03,4
tc0650_A03_S03,3
tc0430_A01_S03,2
tc0662_A05_S03,5
tc0580_A01_S04,2
tc0173_A03_S01,2
tc0143_A04_S03,4
tc0436_A01_S03,1
tc0569_A05_S02,4
tc0180_A01_S03,1
tc0265_A02_S03,2
tc0027_A02_S03,4
tc0190_A05_S03,5
tc0702_A02_S01,2
tc0082_A02_S03,4
tc0718_A02_S02,2
tc0058_A04_S02,4
tc0007_A01_S01,1
tc0150_A04_S01,3
tc0154_A04_S01,
tc0528_A01_S02,1
tc0157_A02_S02,2
tc0596_A03_S01,4
tc0155_A04_S04,4
tc0333_A02_S02,2
tc0323_A03_S01,3
tc0275_A03_S03,3
tc0324_A02_S03,2
tc0158_A04_S03,4
tc0437_A04_S02,4
tc0178_A03_S02,3
tc0343_A05_S01,5
tc0161_A04_S03,4
tc0682_A03_S04,3
tc0144_A01_S01,1
tc0217_A03_S01,3
tc0168_A05_S05,5
tc0091_A03_S04,4
tc0362_A01_S02,1
tc0051_A03_S03,3
tc0605_A03_S03,4
tc0202_A03_S02,3
tc0521_A03_S02,3
tc0472_A02_S05,4
tc0587_A04_S02,4
tc0533_A01_S01,1
tc0714_A03_S04,4
tc0493_A01_S02,1
tc0663_A06_S03,5
tc0387_A04_S02,4
tc0525_A02_S03,2
tc0429_A02_S03,3
tc0284_A03_S02,3
tc0725_A05_S04,5
tc0582_A04_S01,4
tc0706_A01_S02,1
tc0069_A05_S01,5
tc0727_A05_S03,5
tc0385_A05_S04,5
tc0150_A03_S01,3
tc0394_A01_S03,1
tc0184_A02_S01,1
tc0135_A02_S01,2
tc0170_A03_S01,3
tc0080_A01_S04,1
tc0608_A04_S02,4
tc0402_A04_S01,
tc0583_A04_S02,4
tc0350_A05_S04,5
tc0703_A01_S03,2
tc0326_A03_S03,3
tc0532_A04_S01,4
tc0407_A05_S01,5
tc0150_A05_S02,5
tc0494_A05_S01,5
tc0141_A01_S02,1
tc0461_A02_S02,3
tc0488_A04_S01,4
tc0325_A04_S03,4
tc0169_A04_S03,3
tc0132_A01_S01,1
tc0547_A02_S02,3
tc0132_A04_S02,4
tc0565_A05_S02,5
tc0080_A04_S01,4
tc0169_A01_S01,1
tc0497_A05_S04,5
tc0590_A04_S02,4
tc0034_A02_S01,1
tc0190_A04_S01,
tc0233_A05_S01,5
tc0525_A04_S02,4
tc0496_A02_S03,3
tc0350_A02_S02,2
tc0135_A02_S04,3
tc0160_A01_S02,1
tc0643_A05_S01,5
tc0704_A04_S03,4
tc0630_A05_S02,5
tc0054_A02_S02,2
tc0120_A04_S02,4
tc0649_A01_S04,1
tc0328_A03_S01,2
tc0203_A04_S02,4
tc0421_A01_S03,2
tc0718_A03_S02,3
tc0649_A04_S01,4
tc0300_A02_S04,2
tc0578_A05_S02,5
tc0069_A02_S02,2
tc0084_A05_S02,5
tc0176_A02_S04,2
tc0025_A02_S02,1
tc0666_A03_S04,4
tc0168_A02_S02,2
tc0444_A01_S03,1
tc0169_A05_S01,4
tc0513_A06_S04,5
tc0328_A02_S02,2
tc0030_A03_S03,4
tc0322_A02_S01,2
tc0159_A02_S03,2
tc0385_A04_S02,4
tc0161_A04_S04,4
tc0250_A05_S03,5
tc0162_A03_S05,3
tc0292_A01_S01,1
tc0602_A02_S04,2
tc0678_A03_S03,3
tc0570_A04_S01,4
tc0297_A03_S02,3
tc0391_A04_S01,3
tc0214_A05_S03,5
tc0648_A04_S03,4
tc0488_A02_S03,2
tc0716_A04_S02,4
tc0437_A02_S02,3
tc0184_A02_S03,2
tc0144_A02_S01,1
tc0565_A04_S02,4
tc0174_A03_S01,3
tc0131_A02_S03,2
tc0061_A03_S03,4
tc0569_A01_S01,1
tc0673_A02_S01,1
tc0504_A02_S05,2
tc0656_A05_S04,5
tc0139_A04_S02,4
tc0565_A05_S01,5
tc0601_A02_S03,2
tc0450_A01_S01,1
tc0381_A05_S03,5
tc0397_A04_S01,5
tc0625_A05_S03,5
tc0154_A02_S01,2
tc0725_A01_S03,1
tc0409_A03_S02,3
tc0439_A01_S02,1
tc0527_A03_S05,4
tc0657_A05_S04,5
tc0181_A06_S03,5
tc0584_A02_S01,2
tc0701_A02_S04,4
tc0623_A04_S01,4
tc0459_A01_S01,1
tc0709_A05_S02,5
tc0167_A05_S01,4
tc0622_A02_S01,1
tc0365_A03_S03,5
tc0486_A04_S03,5
tc0290_A01_S01,1
tc0653_A02_S02,1
tc0528_A03_S02,3
tc0230_A03_S03,4
tc0626_A04_S03,4
tc0147_A01_S03,1
tc0573_A01_S02,1
tc0171_A05_S04,5
tc0594_A05_S02,5
tc0589_A03_S01,2
tc0174_A01_S02,1
tc0362_A04_S04,4
tc0232_A03_S02,3
tc0629_A06_S01,5
tc0629_A02_S03,2
tc0450_A02_S02,3
tc0156_A05_S02,5
tc0716_A01_S04,2
tc0268_A01_S01,1
tc0161_A03_S02,3
tc0176_A01_S01,1
tc0421_A03_S03,4
tc0178_A05_S02,5
tc0589_A02_S03,2
tc0072_A04_S01,3
tc0416_A02_S02,2
tc0175_A05_S04,5
tc0176_A05_S01,5
tc0570_A01_S01,1
tc0116_A05_S03,5
tc0139_A05_S02,5
tc0178_A04_S05,5
tc0233_A05_S03,5
tc0644_A01_S01,1
tc0191_A02_S02,2
tc0258_A04_S01,4
tc0167_A04_S03,4
tc0531_A03_S02,3
tc0325_A05_S04,5
tc0279_A04_S02,4
tc0202_A05_S01,5
tc0509_A01_S01,1
tc0541_A01_S01,1
tc0548_A02_S02,2
tc0504_A03_S01,2
tc0664_A04_S01,4
tc0450_A01_S02,1
tc0297_A02_S04,3
tc0459_A04_S02,4
tc0072_A01_S03,1
tc0037_A02_S02,2
tc0504_A04_S03,4
tc0501_A03_S01,4
tc0680_A05_S01,5
tc0704_A01_S01,1
tc0566_A03_S02,3
tc0715_A02_S09,4
tc0132_A04_S04,4
tc0055_A02_S02,2
tc0561_A04_S03,4
tc0083_A03_S01,3
tc0476_A02_S04,3
tc0359_A05_S03,5
tc0230_A02_S02,2
tc0643_A05_S02,5
tc0551_A05_S01,5
tc0610_A04_S03,3
tc0722_A02_S04,2
tc0296_A02_S01,2
tc0181_A02_S01,1
tc0358_A01_S04,2
tc0652_A04_S01,3
tc0331_A04_S01,3
tc0454_A02_S03,3
tc0648_A05_S02,5
tc0087_A05_S01,5
tc0648_A01_S03,1
tc0500_A02_S05,3
tc0421_A01_S02,1
tc0727_A02_S02,2
tc0201_A04_S02,5
tc0540_A03_S01,3
tc0189_A04_S01,4
tc0174_A05_S02,5
tc0195_A04_S02,4
tc0682_A04_S03,4
tc0625_A04_S03,4
tc0581_A05_S02,4
tc0529_A02_S01,2
tc0275_A02_S04,2
tc0007_A02_S03,3
tc0711_A03_S02,5
tc0659_A03_S02,5
tc0086_A03_S01,3
tc0713_A05_S03,5
tc0158_A04_S01,
tc0359_A03_S01,2
tc0407_A05_S02,5
tc0159_A01_S02,1
tc0233_A03_S02,3
tc0656_A01_S03,1
tc0154_A03_S02,3
tc0643_A05_S03,5
tc0723_A02_S04,4
tc0247_A04_S01,4
tc0175_A02_S04,2
tc0275_A05_S02,5
tc0500_A02_S01,2
tc0084_A01_S01,1
tc0714_A03_S02,3
tc0529_A01_S02,1
tc0185_A02_S04,3
tc0388_A02_S01,2
tc0516_A03_S03,3
tc0230_A02_S05,3
tc0702_A01_S02,1
tc0528_A02_S01,2
tc0145_A05_S01,4
tc0362_A03_S03,3
tc0279_A05_S03,5
tc0497_A02_S05,3
tc0290_A02_S02,1
tc0521_A04_S03,4
tc0279_A02_S01,2
tc0691_A02_S01,2
tc0191_A03_S02,3
tc0190_A02_S01,2
tc0658_A05_S03,5
tc0550_A02_S02,2
tc0467_A03_S03,5
tc0297_A01_S03,1
tc0351_A02_S01,1
tc0285_A04_S03,5
tc0332_A04_S02,4
tc0657_A03_S01,3
tc0265_A03_S01,2
tc0711_A02_S03,3
tc0484_A02_S01,1
tc0137_A04_S04,4
tc0195_A02_S01,2
tc0220_A01_S01,1
tc0058_A03_S02,3
tc0566_A02_S02,2
tc0191_A03_S01,3
tc0682_A05_S03,5
tc0725_A03_S04,3
tc0089_A01_S01,1
tc0605_A03_S05,4
tc0409_A01_S01,1
tc0230_A02_S04,3
tc0160_A02_S04,2
tc0267_A01_S02,1
tc0259_A02_S01,2
tc0167_A01_S04,1
tc0541_A02_S02,3
tc0157_A01_S03,1
tc0399_A02_S02,2
tc0329_A01_S02,1
tc0703_A03_S02,5
tc0662_A01_S02,1
tc0653_A03_S01,3
tc0726_A02_S02,3
tc0027_A02_S02,3
tc0586_A05_S03,5
tc0487_A05_S02,5
tc0027_A01_S04,2
tc0072_A04_S02,4
tc0493_A03_S01,2
tc0296_A01_S05,2
tc0184_A04_S04,4
tc0266_A05_S03,5
tc0187_A03_S04,3
tc0189_A03_S03,3
tc0692_A03_S03,3
tc0441_A02_S01,2
tc0174_A05_S01,5
tc0719_A04_S02,4
tc0608_A01_S02,1
tc0385_A05_S03,5
tc0431_A02_S03,2
tc0120_A05_S02,5
tc0332_A03_S01,3
tc0227_A02_S03,3
tc0657_A04_S03,4
tc0027_A02_S01,3
tc0061_A02_S02,3
tc0528_A01_S04,1
tc0696_A04_S01,4
tc0177_A04_S01,4
tc0322_A05_S02,5
tc0088_A03_S01,3
tc0469_A02_S05,4
tc0302_A05_S01,5
tc0488_A02_S02,1
tc0520_A03_S03,
tc0608_A05_S03,5
tc0527_A04_S01,4
tc0149_A04_S04,4
tc0034_A04_S03,4
tc0713_A02_S03,2
tc0072_A05_S03,5
tc0673_A03_S03,3
tc0327_A05_S03,5
tc0182_A04_S03,4
tc0322_A05_S01,5
tc0704_A02_S01,2
tc0172_A01_S01,1
tc0025_A03_S04,3
tc0079_A04_S01,4
tc0656_A02_S01,2
tc0048_A04_S03,4
tc0628_A03_S01,3
tc0510_A03_S05,4
tc0079_A04_S02,4
tc0176_A04_S01,3
tc0525_A04_S04,4
tc0120_A05_S01,5
tc0322_A03_S03,
tc0139_A02_S01,2
tc0607_A02_S02,2
tc0513_A03_S03,3
tc0525_A03_S03,3
tc0027_A03_S01,4
tc0034_A05_S02,5
tc0484_A03_S02,3
tc0467_A03_S02,4
tc0131_A02_S01,1
tc0173_A04_S02,4
tc0294_A02_S01,2
tc0454_A02_S05,3
tc0430_A02_S01,2
tc0169_A06_S02,5
tc0169_A04_S01,3
tc0155_A04_S05,5
tc0704_A01_S03,1
tc0533_A05_S03,5
tc0612_A04_S01,4
tc0158_A03_S02,3
tc0388_A05_S02,5
tc0491_A01_S01,1
tc0504_A03_S04,3
tc0392_A01_S02,1
tc0475_A03_S04,5
tc0181_A03_S02,2
tc0688_A03_S01,3
tc0679_A01_S01,1
tc0698_A04_S01,4
tc0196_A03_S01,3
tc0034_A01_S03,1
tc0723_A02_S03,4
tc0083_A02_S03,2
tc0496_A02_S01,2
tc0586_A04_S02,4
tc0220_A03_S02,3
tc0654_A03_S02,3
tc0035_A03_S04,3
tc0063_A05_S03,5
tc0601_A05_S02,5
tc0429_A05_S02,5
tc0142_A03_S01,3
tc0691_A02_S02,2
tc0677_A01_S03,1
tc0522_A04_S02,4
tc0580_A02_S04,3
tc0156_A01_S02,1
tc0438_A05_S02,5
tc0681_A02_S01,1
tc0608_A02_S04,3
tc0090_A04_S01,4
tc0622_A05_S04,5
tc0222_A02_S04,3
tc0053_A04_S03,4
tc0696_A04_S03,4
tc0180_A03_S01,3
tc0053_A04_S05,5
tc0027_A03_S04,5
tc0453_A01_S07,2
tc0091_A01_S01,1
tc0590_A02_S01,2
tc0727_A03_S01,2
tc0666_A01_S02,1
tc0039_A02_S04,4
tc0358_A01_S03,1
tc0551_A03_S02,3
tc0532_A03_S01,3
tc0607_A04_S03,5
tc0655_A05_S01,4
tc0516_A05_S01,4
tc0178_A03_S01,3
tc0069_A01_S04,1
tc0265_A03_S02,3
tc0393_A02_S01,2
tc0661_A05_S03,5
tc0330_A02_S02,2
tc0612_A01_S02,1
tc0358_A05_S01,5
tc0328_A03_S02,3
tc0629_A03_S03,3
tc0415_A01_S02,1
tc0650_A02_S02,1
tc0385_A04_S03,4
tc0227_A02_S02,3
tc0154_A05_S02,5
tc0422_A03_S03,3
tc0437_A01_S02,1
tc0387_A04_S01,4
tc0175_A04_S04,4
tc0202_A05_S02,5
tc0077_A04_S02,4
tc0201_A03_S03,4
tc0612_A05_S02,5
tc0070_A05_S05,5
tc0658_A03_S01,3
tc0665_A05_S02,5
tc0710_A01_S01,1
tc0527_A05_S01,5
tc0666_A02_S01,2
tc0217_A02_S02,2
tc0547_A03_S02,4
tc0522_A05_S02,5
tc0653_A02_S01,1
tc0159_A04_S01,4
tc0142_A04_S02,4
tc0327_A05_S01,4
tc0158_A01_S02,1
tc0350_A02_S01,1
tc0200_A02_S01,2
tc0131_A03_S03,3
tc0195_A02_S04,3
tc0499_A01_S03,1
tc0623_A04_S02,4
tc0232_A04_S04,5
tc0227_A03_S03,5
tc0328_A01_S02,1
tc0724_A02_S01,2
tc0160_A06_S05,5
tc0493_A05_S04,5
tc0073_A01_S04,1
tc0030_A03_S05,4
tc0711_A01_S04,2
tc0719_A02_S03,3
tc0727_A05_S02,5
tc0074_A05_S01,5
tc0673_A03_S02,3
tc0532_A05_S01,5
tc0072_A01_S04,1
tc0202_A01_S01,1
tc0273_A03_S03,3
tc0530_A03_S02,
tc0149_A05_S02,5
tc0608_A04_S01,4
tc0661_A01_S02,1
tc0269_A03_S02,3
tc0082_A03_S01,4
tc0660_A02_S01,2
tc0034_A05_S03,5
tc0392_A05_S02,5
tc0167_A01_S03,1
tc0218_A02_S06,2
tc0531_A04_S03,5
tc0422_A04_S03,4
tc0358_A04_S02,4
tc0361_A01_S01,1
tc0170_A01_S03,1
tc0450_A01_S07,2
tc0330_A01_S02,1
tc0723_A01_S02,1
tc0499_A05_S02,5
tc0152_A01_S03,1
tc0548_A03_S05,3
tc0285_A01_S03,1
tc0612_A02_S01,2
tc0677_A03_S04,4
tc0698_A05_S01,5
tc0678_A02_S01,2
tc0646_A02_S01,2
tc0133_A02_S02,2
tc0665_A05_S01,4
tc0202_A02_S01,2
tc0677_A03_S02,3
tc0138_A01_S03,1
tc0073_A04_S01,4
tc0389_A01_S01,1
tc0353_A02_S01,1
tc0484_A02_S02,2
tc0059_A04_S04,3
tc0585_A05_S01,5
tc0116_A04_S01,4
tc0727_A04_S04,4
tc0566_A05_S02,5
tc0178_A04_S01,4
tc0151_A01_S03,1
tc0388_A03_S01,3
tc0653_A04_S03,5
tc0516_A05_S04,5
tc0150_A02_S04,2
tc0622_A05_S02,5
tc0540_A03_S02,4
tc0186_A04_S04,4
tc0279_A01_S03,1
tc0651_A02_S01,2
tc0182_A05_S03,5
tc0184_A03_S03,3
tc0657_A01_S02,1
tc0145_A04_S01,4
tc0266_A02_S01,1
tc0083_A01_S01,1
tc0548_A01_S03,1
tc0176_A04_S05,4
tc0497_A03_S02,3
tc0293_A03_S02,5
tc0220_A05_S03,5
tc0500_A02_S04,3
tc0602_A03_S03,3
tc0171_A02_S03,2
tc0594_A04_S02,4
tc0531_A04_S04,5
tc0259_A03_S01,3
tc0007_A03_S01,4
tc0385_A01_S02,1
tc0465_A02_S01,3
tc0134_A05_S02,5
tc0526_A02_S02,2
tc0187_A02_S04,2
tc0287_A01_S01,1
tc0665_A05_S03,5
tc0133_A05_S05,5
tc0656_A03_S03,3
tc0174_A03_S04,3
tc0065_A02_S02,3
tc0268_A03_S01,3
tc0215_A03_S03,4
tc0497_A02_S02,2
tc0444_A03_S02,3
tc0612_A05_S03,5
tc0545_A02_S01,2
tc0180_A02_S04,2
tc0692_A04_S01,4
tc0601_A02_S01,2
tc0526_A02_S06,3
tc0284_A04_S03,4
tc0727_A01_S03,1
tc0394_A04_S01,4
tc0576_A03_S02,3
tc0391_A02_S01,2
tc0334_A02_S02,2
tc0157_A05_S04,5
tc0350_A01_S01,1
tc0168_A01_S01,1
tc0561_A01_S01,1
tc0076_A02_S02,2
tc0453_A02_S07,4
tc0147_A03_S01,3
tc0584_A03_S03,3
tc0625_A01_S03,1
tc0360_A02_S01,2
tc0399_A04_S03,4
tc0143_A04_S04,4
tc0650_A05_S02,5
tc0071_A05_S01,5
tc0497_A02_S04,3
tc0359_A04_S03,4
tc0662_A02_S01,1
tc0333_A04_S02,4
tc0491_A02_S03,2
tc0351_A05_S01,4
tc0079_A01_S01,1
tc0135_A04_S02,4
tc0173_A04_S03,4
tc0652_A05_S04,5
tc0187_A04_S02,4
tc0493_A05_S01,4
tc0218_A04_S04,5
tc0053_A03_S02,3
tc0591_A03_S02,4
tc0532_A04_S03,4
tc0573_A01_S01,1
tc0195_A02_S03,2
tc0421_A02_S03,3
tc0214_A05_S01,4
tc0089_A05_S02,5
tc0563_A05_S01,5
tc0047_A04_S03,4
tc0526_A04_S02,4
tc0610_A05_S04,4
tc0295_A04_S02,4
tc0594_A03_S01,3
tc0467_A02_S03,3
tc0214_A02_S02,2
tc0581_A05_S03,5
tc0548_A02_S04,2
tc0295_A02_S05,3
tc0182_A05_S04,5
tc0350_A01_S02,1
tc0712_A03_S03,3
tc0299_A01_S02,1
tc0141_A04_S03,4
tc0441_A02_S02,2
tc0698_A01_S02,1
tc0521_A05_S02,5
tc0091_A03_S03,3
tc0164_A02_S03,2
tc0116_A05_S01,5
tc0324_A04_S02,4
tc0157_A03_S02,3
tc0550_A02_S01,2
tc0048_A02_S04,2
tc0267_A03_S01,3
tc0215_A03_S01,4
tc0389_A04_S02,4
tc0623_A01_S02,1
tc0504_A04_S04,5
tc0361_A02_S02,2
tc0391_A01_S02,1
tc0541_A01_S03,2
tc0679_A03_S01,3
tc0166_A02_S03,3
tc0239_A01_S01,1
tc0393_A02_S03,2
tc0072_A02_S02,2
tc0292_A02_S04,3
tc0290_A03_S02,3
tc0269_A02_S02,2
tc0220_A04_S01,4
tc0547_A01_S01,1
tc0422_A05_S02,5
tc0198_A03_S02,3
tc0078_A02_S01,2
tc0324_A05_S02,5
tc0548_A02_S01,2
tc0299_A02_S03,3
tc0706_A04_S02,4
tc0441_A03_S03,3
tc0393_A02_S02,2
tc0622_A05_S01,5
tc0285_A04_S02,4
tc0506_A03_S04,5
tc0527_A03_S04,4
tc0692_A05_S01,5
tc0134_A01_S02,1
tc0486_A01_S01,1
tc0532_A03_S02,3
tc0561_A03_S03,3
tc0162_A04_S03,4
tc0155_A05_S03,5
tc0497_A01_S05,2
tc0394_A02_S02,2
tc0162_A05_S03,5
tc0030_A02_S05,3
tc0197_A03_S01,3
tc0666_A03_S01,3
tc0175_A03_S01,3
tc0531_A03_S05,4
tc0441_A03_S02,3
tc0699_A01_S01,1
tc0160_A05_S01,4
tc0182_A03_S02,3
tc0083_A04_S01,4
tc0201_A01_S03,2
tc0197_A02_S02,3
tc0076_A05_S01,5
tc0429_A03_S01,4
tc0629_A05_S01,4
tc0545_A01_S03,1
tc0214_A02_S03,2
tc0053_A01_S04,1
tc0326_A04_S01,4
tc0673_A05_S02,5
tc0328_A05_S01,5
tc0191_A04_S04,4
tc0198_A04_S01,4
tc0625_A01_S02,1
tc0652_A04_S03,4
tc0275_A02_S02,2
tc0297_A01_S02,1
tc0073_A01_S03,1
tc0053_A03_S01,3
tc0156_A04_S02,4
tc0710_A02_S03,3
tc0284_A02_S02,2
tc0143_A01_S04,1
tc0623_A03_S02,3
tc0218_A03_S01,3
tc0652_A05_S01,4
tc0690_A05_S01,5
tc0399_A04_S04,4
tc0090_A05_S01,5
tc0149_A02_S01,2
tc0168_A02_S03,2
tc0142_A02_S03,2
tc0080_A05_S03,5
tc0150_A04_S03,4
tc0179_A04_S03,4
tc0532_A02_S02,2
tc0080_A04_S02,4
tc0168_A03_S01,2
tc0343_A05_S02,5
tc0600_A03_S02,5
tc0163_A02_S01,2
tc0526_A05_S04,5
tc0290_A02_S03,2
tc0484_A04_S01,3
tc0305_A03_S02,4
tc0361_A05_S03,5
tc0218_A03_S05,4
tc0712_A04_S02,4
tc0169_A02_S05,2
tc0654_A01_S01,1
tc0146_A03_S02,3
tc0155_A02_S02,2
tc0172_A03_S03,3
tc0290_A03_S04,4
tc0416_A01_S01,1
tc0178_A01_S02,1
tc0179_A05_S01,4
tc0232_A04_S03,5
tc0587_A02_S01,2
tc0512_A06_S02,4
tc0330_A01_S01,1
tc0700_A02_S01,2
tc0626_A01_S04,1
tc0069_A01_S03,1
tc0147_A01_S01,1
tc0709_A03_S03,4
tc0533_A02_S01,2
tc0661_A03_S03,3
tc0650_A03_S02,3
tc0476_A01_S04,1
tc0130_A02_S02,2
tc0388_A05_S03,5
tc0722_A02_S02,2
tc0330_A04_S03,5
tc0643_A04_S02,4
tc0570_A03_S03,3
tc0650_A05_S01,5
tc0287_A02_S01,3
tc0573_A04_S02,4
tc0681_A01_S01,1
tc0708_A04_S01,4
tc0585_A05_S02,5
tc0351_A05_S02,5
tc0585_A01_S02,1
tc0585_A05_S03,5
tc0161_A02_S04,2
tc0596_A03_S02,5
tc0486_A02_S02,2
tc0608_A01_S04,1
tc0648_A04_S04,4
tc0035_A04_S03,4
tc0091_A05_S02,5
tc0469_A03_S04,5
tc0644_A04_S03,4
tc0135_A04_S03,4
tc0500_A03_S01,4
tc0290_A04_S03,5
tc0125_A03_S02,4
tc0212_A02_S01,2
tc0649_A01_S02,1
tc0422_A05_S01,5
tc0394_A04_S03,5
tc0324_A05_S03,5
tc0297_A05_S03,5
tc0162_A02_S01,1
tc0520_A04_S02,4
tc0089_A05_S03,5
tc0727_A04_S02,4
tc0587_A05_S02,5
tc0701_A01_S02,1
tc0203_A03_S03,3
tc0080_A05_S02,5
tc0722_A05_S01,5
tc0491_A02_S04,3
tc0620_A02_S02,2
tc0484_A05_S01,4
tc0569_A02_S02,2
tc0027_A01_S02,1
tc0391_A04_S03,4
tc0258_A01_S05,2
tc0496_A01_S03,2
tc0335_A04_S04,4
tc0399_A04_S02,4
tc0176_A05_S02,5
tc0034_A01_S02,1
tc0494_A02_S03,2
tc0467_A02_S07,4
tc0545_A02_S04,3
tc0475_A02_S03,3
tc0533_A01_S03,1
tc0600_A01_S03,1
tc0566_A04_S03,5
tc0461_A02_S01,2
tc0141_A03_S01,3
tc0027_A01_S03,2
tc0214_A05_S02,5
tc0476_A02_S02,2
tc0030_A02_S04,2
tc0625_A03_S02,3
tc0704_A01_S04,2
tc0143_A02_S02,2
tc0392_A02_S02,2
tc0681_A05_S03,5
tc0421_A01_S01,1
tc0156_A03_S01,3
tc0392_A01_S01,1
tc0601_A02_S04,3
tc0459_A03_S04,4
tc0217_A03_S02,3
tc0440_A01_S02,1
tc0453_A02_S04,3
tc0600_A01_S04,2
tc0329_A01_S03,1
tc0267_A05_S03,5
tc0387_A01_S03,1
tc0488_A03_S04,3
tc0473_A03_S01,3
tc0527_A02_S05,3
tc0526_A03_S05,4
tc0271_A03_S02,3
tc0678_A05_S01,5
tc0296_A01_S02,1
tc0271_A04_S02,4
tc0302_A05_S02,5
tc0217_A01_S01,1
tc0233_A01_S03,1
tc0461_A03_S04,5
tc0058_A05_S02,5
tc0393_A01_S01,1
tc0416_A01_S02,1
tc0501_A02_S03,3
tc0501_A01_S02,1
tc0709_A03_S01,3
tc0504_A04_S07,5
tc0602_A03_S01,3
tc0690_A04_S01,4
tc0607_A05_S02,5
tc0389_A05_S03,5
tc0467_A02_S01,2
tc0170_A02_S03,2
tc0476_A02_S09,4
tc0268_A05_S03,5
tc0295_A02_S03,3
tc0473_A03_S04,3
tc0602_A04_S03,4
tc0275_A05_S01,5
tc0578_A03_S01,2
tc0145_A01_S03,1
tc0596_A03_S04,5
tc0724_A03_S03,4
tc0467_A03_S01,4
tc0166_A01_S01,1
tc0143_A03_S02,3
tc0655_A04_S02,3
tc0116_A01_S02,1
tc0385_A04_S01,4
tc0072_A02_S01,2
tc0525_A05_S01,5
tc0025_A03_S03,3
tc0007_A03_S02,4
tc0691_A05_S02,5
tc0603_A04_S01,4
tc0650_A02_S03,2
tc0472_A02_S06,4
tc0136_A05_S02,5
tc0089_A02_S01,2
tc0156_A01_S04,1
tc0718_A01_S02,1
tc0189_A05_S01,5
tc0175_A01_S01,1
tc0530_A04_S01,4
tc0418_A01_S01,1
tc0656_A01_S01,1
tc0155_A01_S03,1
tc0091_A03_S02,3
tc0473_A04_S01,4
tc0677_A05_S02,5
tc0661_A04_S02,4
tc0494_A04_S03,5
tc0335_A05_S03,5
tc0047_A01_S04,1
tc0047_A05_S02,5
tc0573_A05_S03,5
tc0526_A02_S05,3
tc0080_A04_S03,4
tc0330_A03_S01,3
tc0180_A02_S03,2
tc0163_A04_S03,5
tc0566_A03_S04,4
tc0663_A03_S01,2
tc0269_A04_S02,4
tc0497_A02_S03,2
tc0059_A04_S03,3
tc0350_A02_S03,2
tc0381_A01_S02,1
tc0655_A02_S03,2
tc0388_A01_S02,1
tc0596_A02_S03,3
tc0149_A02_S02,2
tc0088_A03_S03,4
tc0296_A03_S03,3
tc0188_A05_S03,5
tc0275_A02_S01,1
tc0498_A04_S02,3
tc0696_A03_S02,3
tc0496_A02_S04,4
tc0247_A05_S02,5
tc0465_A01_S05,2
tc0506_A02_S02,3
tc0025_A03_S05,3
tc0564_A02_S02,2
tc0666_A04_S03,5
tc0171_A04_S03,4
tc0329_A04_S02,4
tc0300_A04_S05,5
tc0585_A01_S03,1
tc0630_A02_S02,2
tc0561_A03_S01,2
tc0472_A01_S03,1
tc0030_A04_S04,5
tc0084_A04_S02,4
tc0222_A01_S03,1
tc0080_A02_S02,2
tc0610_A03_S02,2
tc0131_A06_S04,5
tc0607_A02_S01,2
tc0037_A04_S01,4
tc0662_A03_S04,3
tc0160_A02_S03,2
tc0727_A05_S01,5
tc0069_A03_S04,4
tc0084_A03_S01,3
tc0053_A01_S02,1
tc0650_A03_S04,3
tc0090_A03_S01,3
tc0191_A04_S03,4
tc0146_A05_S03,5
tc0439_A04_S03,4
tc0526_A04_S03,4
tc0526_A01_S05,1
tc0250_A05_S02,5
tc0048_A05_S02,5
tc0170_A05_S02,5
tc0407_A04_S03,4
tc0665_A04_S03,4
tc0583_A01_S01,1
tc0327_A04_S03,4
tc0601_A05_S03,5
tc0525_A02_S01,1
tc0665_A01_S01,1
tc0245_A03_S01,3
tc0147_A04_S03,4
tc0082_A02_S02,3
tc0500_A01_S03,1
tc0161_A02_S02,2
tc0630_A03_S01,3
tc0578_A02_S02,2
tc0487_A01_S01,1
tc0625_A05_S01,5
tc0561_A04_S01,4
tc0628_A04_S03,4
tc0159_A03_S02,3
tc0681_A04_S03,4
tc0627_A03_S03,3
tc0402_A04_S02,4
tc0708_A04_S02,4
tc0329_A03_S04,4
tc0069_A03_S01,3
tc0176_A04_S02,4
tc0646_A04_S01,4
tc0199_A02_S03,3
tc0051_A04_S01,4
tc0034_A01_S01,1
tc0172_A04_S01,4
tc0607_A04_S01,4
tc0586_A02_S02,2
tc0275_A05_S03,5
tc0323_A05_S03,5
tc0030_A04_S01,5
tc0217_A01_S04,1
tc0135_A01_S04,2
tc0487_A02_S02,2
tc0602_A01_S03,1
tc0409_A02_S01,2
tc0170_A04_S03,4
tc0131_A04_S01,3
tc0292_A01_S04,2
tc0713_A02_S01,2
tc0663_A06_S01,5
tc0212_A03_S01,3
tc0596_A02_S04,4
tc0649_A05_S03,5
tc0454_A02_S01,2
tc0136_A05_S01,4
tc0710_A01_S02,1
tc0158_A02_S03,2
tc0159_A05_S03,5
tc0488_A03_S01,2
tc0707_A02_S04,3
tc0461_A03_S03,5
tc0655_A03_S02,3
tc0267_A03_S02,3
tc0620_A05_S01,5
tc0708_A02_S01,2
tc0702_A03_S03,4
tc0709_A02_S03,3
tc0494_A01_S01,1
tc0696_A03_S03,
tc0563_A05_S03,5
tc0649_A01_S01,1
tc0605_A04_S03,5
tc0605_A02_S04,3
tc0126_A02_S04,3
tc0499_A05_S03,5
tc0323_A04_S03,4
tc0522_A02_S01,2
tc0074_A04_S03,5
tc0410_A04_S03,5
tc0164_A02_S01,2
tc0167_A05_S03,5
tc0529_A01_S03,1
tc0076_A02_S03,2
tc0727_A04_S01,
tc0677_A02_S01,2
tc0047_A03_S03,3
tc0660_A01_S05,2
tc0171_A02_S04,3
tc0258_A02_S03,3
tc0461_A03_S01,4
tc0126_A05_S02,5
tc0602_A05_S01,5
tc0690_A01_S02,1
tc0090_A03_S03,4
tc0179_A04_S02,4
tc0437_A03_S01,3
tc0713_A01_S01,1
tc0239_A02_S02,4
tc0500_A03_S05,5
tc0513_A06_S03,5
tc0148_A01_S03,1
tc0284_A03_S04,3
tc0612_A05_S01,5
tc0509_A05_S01,5
tc0409_A02_S02,2
tc0146_A04_S04,4
tc0561_A01_S03,1
tc0430_A02_S02,3
tc0469_A01_S06,2
tc0054_A03_S04,3
tc0335_A04_S01,3
tc0285_A05_S02,5
tc0610_A04_S04,3
tc0037_A03_S02,3
tc0199_A01_S02,1
tc0529_A03_S03,4
tc0550_A03_S03,3
tc0655_A05_S05,5
tc0322_A01_S01,1
tc0454_A03_S02,4
tc0450_A02_S08,4
tc0007_A02_S02,3
tc0713_A04_S03,4
tc0325_A05_S02,5
tc0532_A04_S02,4
tc0070_A04_S01,3
tc0325_A05_S01,4
tc0488_A03_S03,3
tc0182_A03_S03,3
tc0218_A04_S05,5
tc0059_A03_S04,2
tc0214_A03_S02,3
tc0439_A04_S02,4
tc0334_A03_S01,3
tc0295_A03_S01,3
tc0155_A01_S01,1
tc0646_A01_S01,1
tc0144_A02_S02,2
tc0562_A03_S03,3
tc0567_A06_S01,5
tc0578_A03_S03,3
tc0233_A04_S05,4
tc0329_A03_S03,3
tc0605_A04_S01,5
tc0161_A01_S01,1
tc0327_A01_S02,1
tc0362_A01_S01,1
tc0458_A01_S06,2
tc0626_A01_S03,1
tc0516_A02_S01,2
tc0712_A01_S01,1
tc0486_A02_S01,1
tc0360_A02_S02,2
tc0326_A03_S02,3
tc0385_A03_S02,3
tc0325_A02_S03,2
tc0679_A03_S02,3
tc0652_A02_S02,2
tc0467_A01_S02,1
tc0279_A02_S04,3
tc0295_A02_S02,2
tc0217_A04_S03,4
tc0140_A03_S04,4
tc0048_A01_S03,1
tc0583_A05_S01,5
tc0590_A02_S02,2
tc0218_A02_S05,2
tc0195_A03_S01,3
tc0269_A05_S01,5
tc0025_A04_S04,4
tc0300_A03_S01,3
tc0604_A02_S01,3
tc0397_A02_S01,2
tc0153_A05_S04,5
tc0661_A03_S01,3
tc0399_A03_S01,2
tc0679_A05_S03,5
tc0335_A05_S01,5
tc0048_A02_S03,2
tc0329_A01_S01,1
tc0191_A01_S02,1
tc0607_A03_S04,4
tc0551_A01_S02,1
tc0628_A04_S02,4
tc0171_A02_S02,2
tc0084_A04_S01,3
tc0394_A02_S01,2
tc0087_A01_S02,1
tc0343_A04_S01,3
tc0431_A03_S04,4
tc0550_A01_S02,1
tc0182_A02_S01,2
tc0076_A01_S02,1
tc0025_A04_S01,3
tc0284_A01_S01,1
tc0662_A05_S01,4
tc0703_A03_S01,5
tc0285_A02_S01,2
tc0648_A01_S01,1
tc0533_A02_S03,2
tc0047_A03_S04,3
tc0160_A03_S03,3
tc0696_A04_S02,4
tc0488_A03_S05,3
tc0058_A04_S03,4
tc0439_A04_S01,4
tc0199_A04_S02,4
tc0189_A01_S04,1
tc0287_A01_S04,2
tc0072_A05_S04,5
tc0214_A04_S02,4
tc0352_A03_S01,3
tc0186_A01_S02,1
tc0641_A02_S02,4
tc0176_A01_S02,1
tc0137_A04_S02,4
tc0296_A01_S04,1
tc0195_A03_S02,3
tc0493_A02_S03,2
tc0494_A03_S02,3
tc0487_A01_S02,1
tc0681_A03_S03,3
tc0080_A03_S02,3
tc0163_A03_S03,4
tc0329_A05_S02,5
tc0137_A01_S02,1
tc0091_A02_S03,2
tc0273_A03_S06,4
tc0385_A02_S01,1
tc0528_A01_S03,1
tc0143_A04_S05,4
tc0660_A04_S01,4
tc0719_A01_S04,2
tc0176_A03_S04,3
tc0051_A02_S03,2
tc0603_A02_S02,1
tc0601_A03_S03,
tc0699_A02_S01,2
tc0664_A01_S02,1
tc0089_A01_S03,1
tc0132_A03_S01,3
tc0007_A01_S04,2
tc0566_A02_S03,2
tc0035_A05_S02,5
tc0170_A01_S01,1
tc0180_A05_S01,5
tc0334_A01_S02,1
tc0160_A01_S03,1
tc0399_A01_S01,1
tc0516_A01_S03,1
tc0163_A03_S02,3
tc0472_A03_S02,5
tc0297_A04_S03,5
tc0047_A03_S01,3
tc0299_A02_S04,4
tc0179_A01_S01,1
tc0331_A05_S03,5
tc0138_A01_S01,1
tc0389_A05_S01,5
tc0324_A02_S02,2
tc0142_A01_S02,1
tc0074_A02_S04,2
tc0086_A05_S01,5
tc0531_A02_S01,2
tc0295_A05_S03,5
tc0116_A01_S03,1
tc0152_A05_S01,5
tc0510_A02_S05,2
tc0074_A05_S02,5
tc0222_A03_S03,4
tc0186_A03_S03,3
tc0520_A01_S03,1
tc0651_A04_S04,4
tc0625_A01_S01,1
tc0169_A04_S04,3
tc0220_A05_S04,5
tc0159_A03_S01,3
tc0528_A03_S03,3
tc0566_A02_S04,3
tc0220_A01_S02,1
tc0267_A01_S03,2
tc0143_A05_S02,5
tc0135_A01_S03,1
tc0188_A04_S03,4
tc0334_A05_S03,5
tc0696_A01_S03,1
tc0146_A01_S03,1
tc0007_A02_S05,
tc0501_A03_S02,5
tc0269_A05_S03,5
tc0718_A05_S02,5
tc0175_A04_S03,4
tc0485_A02_S03,3
tc0292_A01_S05,2
tc0661_A05_S01,5
tc0678_A03_S02,3
tc0654_A04_S03,4
tc0088_A05_S02,5
tc0429_A01_S03,2
tc0388_A04_S01,4
tc0350_A02_S05,3
tc0343_A03_S01,2
tc0293_A01_S01,1
tc0629_A02_S02,1
tc0488_A05_S04,5
tc0703_A02_S01,3
tc0259_A03_S05,4
tc0275_A01_S02,1
tc0707_A04_S01,4
tc0178_A02_S02,2
tc0709_A01_S01,1
tc0145_A04_S02,4
tc0141_A05_S01,4
tc0287_A02_S04,4
tc0520_A02_S03,3
tc0328_A02_S01,2
tc0708_A05_S01,5
tc0658_A03_S04,3
tc0541_A02_S03,4
tc0285_A02_S02,2
tc0436_A05_S01,5
tc0563_A03_S02,3
tc0269_A04_S03,4
tc0530_A04_S02,5
tc0048_A05_S01,5
tc0266_A04_S04,4
tc0061_A05_S02,5
tc0393_A05_S03,5
tc0690_A05_S02,5
tc0212_A05_S03,5
tc0172_A02_S04,3
tc0034_A02_S02,2
tc0473_A03_S03,3
tc0293_A02_S03,4
tc0030_A01_S03,1
tc0161_A03_S03,3
tc0091_A05_S01,5
tc0180_A02_S02,2
tc0706_A02_S01,2
tc0233_A02_S03,2
tc0461_A02_S03,3
tc0594_A05_S01,5
tc0201_A03_S02,4
tc0325_A02_S01,2
tc0688_A01_S02,1
tc0725_A04_S01,4
tc0127_A01_S01,1
tc0191_A05_S01,5
tc0646_A05_S01,5
tc0646_A05_S03,5
tc0431_A04_S01,4
tc0035_A04_S01,4
tc0393_A03_S03,3
tc0701_A02_S03,3
tc0506_A03_S02,4
tc0362_A04_S02,4
tc0120_A03_S02,3
tc0039_A01_S01,1
tc0652_A01_S03,1
tc0170_A03_S03,3
tc0694_A03_S03,3
tc0399_A05_S01,4
tc0188_A05_S01,5
tc0343_A02_S01,1
tc0651_A02_S03,3
tc0497_A04_S01,4
tc0189_A04_S02,4
tc0037_A03_S01,2
tc0034_A03_S03,3
tc0302_A03_S01,3
tc0180_A05_S02,5
tc0217_A02_S03,3
tc0485_A04_S01,5
tc0351_A05_S03,5
tc0469_A01_S08,2
tc0352_A04_S01,
tc0566_A05_S03,5
tc0580_A01_S02,1
tc0586_A02_S01,2
tc0332_A01_S01,1
tc0088_A02_S01,2
tc0526_A05_S02,5
tc0148_A03_S02,3
tc0698_A02_S03,2
tc0362_A05_S03,5
tc0156_A02_S03,2
tc0665_A02_S02,2
tc0386_A04_S01,4
tc0691_A03_S02,3
tc0664_A04_S02,4
tc0694_A04_S01,4
tc0585_A03_S03,
tc0157_A05_S02,5
tc0299_A02_S02,3
tc0465_A03_S03,5
tc0214_A01_S01,1
tc0296_A02_S03,2
tc0069_A05_S02,5
tc0666_A04_S01,4
tc0491_A05_S01,4
tc0059_A03_S03,2
tc0588_A03_S01,3
tc0422_A04_S05,5
tc0573_A02_S04,2
tc0394_A03_S03,4
tc0722_A05_S03,5
tc0196_A04_S02,4
tc0177_A02_S01,1
tc0294_A05_S03,5
tc0073_A05_S03,5
tc0134_A04_S01,4
tc0622_A03_S04,3
tc0125_A02_S03,3
tc0388_A01_S01,1
tc0485_A02_S02,2
tc0217_A05_S03,5
tc0138_A05_S01,4
tc0520_A03_S02,3
tc0704_A03_S02,3
tc0627_A04_S03,4
tc0360_A03_S02,3
tc0125_A03_S04,5
tc0620_A04_S03,4
tc0626_A02_S03,2
tc0145_A03_S01,2
tc0227_A03_S01,4
tc0361_A05_S01,4
tc0087_A03_S03,4
tc0612_A01_S01,1
tc0602_A01_S02,1
tc0594_A05_S03,5
tc0459_A03_S01,3
tc0135_A05_S02,5
tc0245_A04_S01,4
tc0588_A05_S01,5
tc0467_A02_S04,3
tc0592_A02_S01,2
tc0143_A02_S03,2
tc0484_A01_S01,1
tc0623_A05_S03,5
tc0605_A02_S01,2
tc0138_A01_S02,1
tc0561_A03_S02,3
tc0001_A04_S02,4
tc0051_A05_S01,5
tc0386_A01_S03,1
tc0469_A02_S01,3
tc0454_A03_S03,4
tc0567_A03_S01,3
tc0070_A06_S01,5
tc0030_A04_S03,5
tc0058_A02_S02,2
tc0184_A03_S01,2
tc0584_A03_S02,3
tc0080_A01_S01,1
tc0550_A04_S03,4
tc0292_A03_S05,5
tc0402_A03_S02,3
tc0586_A04_S01,4
tc0190_A01_S02,1
tc0215_A03_S02,4
tc0701_A03_S01,4
tc0329_A04_S04,5
tc0172_A01_S02,1
tc0650_A02_S01,1
tc0352_A02_S03,2
tc0603_A02_S01,1
tc0239_A03_S01,4
tc0290_A03_S01,3
tc0187_A01_S03,1
tc0181_A05_S02,4
tc0179_A03_S02,3
tc0476_A02_S03,3
tc0233_A02_S02,2
tc0590_A05_S01,5
tc0540_A02_S03,3
tc0678_A04_S01,4
tc0712_A03_S01,3
tc0070_A01_S03,1
tc0627_A02_S01,2
tc0143_A04_S01,3
tc0305_A02_S03,3
tc0562_A03_S01,3
tc0661_A03_S02,3
tc0436_A03_S02,3
tc0407_A02_S01,2
tc0091_A01_S03,1
tc0126_A04_S02,4
tc0440_A03_S02,3
tc0648_A04_S02,
tc0381_A02_S01,2
tc0385_A02_S05,3
tc0324_A05_S01,5
tc0133_A05_S01,4
tc0440_A02_S03,3
tc0259_A05_S03,5
tc0352_A02_S02,2
tc0168_A04_S05,4
tc0475_A03_S01,4
tc0144_A05_S03,5
tc0189_A04_S03,4
tc0513_A05_S01,3
tc0628_A02_S03,2
