subgenre,binID,0,1,2,3,4,5,6,7,8,9,10,11,12,13,14,15,16,17,18,19,20,21,22,23,24,25,26,27,28,29,30,31,32,33,34,35,36,37,38,39,40,41,42,43,44,45,46,47,48,49,50,51,52,53,54,55,56,57,58,59,60,61,62,63,64,65,66,67,68,69
novela de tendencia subjetiva,0,0.024802522892196692,0.010749753301097984,0.007297802630037441,0.005163073750138427,0.028830856550572364,0.009471286673573057,0.00420432229606863,0.0021094945056117013,0.002922224811745146,0.032898675752075425,0.0175247113060785,0.10597254306383107,0.01657451577225089,0.027471553696859316,0.004987564979156713,0.006772672611983243,0.0044672232653298,0.024962866153509233,0.003052203510544261,0.040850267252780466,0.007212211844250458,0.005903435541602821,0.004436085480512645,0.006300994508086221,0.01546926081718976,0.0010695454775509327,0.03345727248887565,0.012452299965145313,0.0034902610597464245,0.021355627808151017,0.01074106529069428,0.00729227117553951,0.01667059651590779,0.0014629240189666633,0.0020274636108864206,0.008116394376382365,0.00497498005497446,0.006624063921635101,0.011780421264609355,0.012629610636560798,0.024027004824560553,0.004271986024433127,0.031163047405497912,0.0010950429237741,0.007563960999263817,0.051218926141707456,0.006075421264612738,0.009539178463530288,0.0031739297223539764,0.0196436761503378,0.022961032271780632,0.013338868202968816,0.016336339234139474,0.058540999069745456,0.0008200542116344573,0.0013462249420000795,0.006151392724294325,0.0120716565806617,0.017310854430692288,0.009056727180223665,0.019153326091001857,0.008738629069483295,0.000678406684308448,0.005529854376966455,0.010314350200530592,0.005617147007306037,0.011165858008234324,0.004249265756227783,0.016528129515864253,0.007155073898393765
novela de tendencia subjetiva,1,0.01971819578721985,0.01772800070678385,0.006962037284591398,0.0029046574743639927,0.027468997372270744,0.016292675285242808,0.009373852477574275,0.001564258861061756,0.004623459681962365,0.03227905027835034,0.019083105646381816,0.09400994788947556,0.02982134010895785,0.03313891660526725,0.011137311097839055,0.010656075859643803,0.006770670816918257,0.01761995269594638,0.005513340010489157,0.03378949597067375,0.0048299311744581085,0.007501816442091475,0.003935729242891268,0.007330462123111932,0.017286046893054872,0.002303515562970151,0.015420898446575676,0.013396068335133479,0.00173033340745455,0.01565712716304275,0.004167911816715761,0.008813171618867018,0.013105461307607213,0.001195635824688933,0.00041723087117419446,0.015632226090357505,0.017974753947993707,0.011510066364509663,0.006238402989999839,0.01736073243296631,0.025321291878747976,0.007465246285540978,0.020345302304266212,0.0005442012429325175,0.005432790144885596,0.05912904305259137,0.009544609189929474,0.01278409478471116,0.0061654004131792605,0.018339989719619032,0.014074654706082424,0.012510839837803503,0.008489486426858067,0.043211282344879996,0.002130280925739749,0.0006065736902109957,0.006346710353962654,0.0068349460782246955,0.0219226453015187,0.0021100421132801642,0.012722749936400466,0.01339882486451379,0.006148438695597305,0.01363874986800943,0.011456357984969544,0.005602771257143286,0.0052279861424037646,0.005622077233240937,0.021380161846077776,0.0147637095462152
novela de tendencia subjetiva,2,0.020098439272006795,0.010526661732374766,0.008085773038096739,0.0014687638993291841,0.029238382487786603,0.0068720092532210475,0.0027366135530366028,0.0010062793797022125,0.0034056735022403198,0.038478909044734486,0.015960186463291698,0.11150060516899461,0.03169278652551115,0.05070914197262277,0.01959445700873471,0.002946367180703645,0.010263322644170014,0.014771884778268863,0.0020338466525581665,0.02701380611809268,0.009026784842093903,0.009146801732808182,0.005008740821070676,0.0068827154582813375,0.010524236966170452,0.0027907401042380387,0.02694637064769983,0.018981633975144192,0.0037723835334674337,0.0116184538740632,0.006848563801308937,0.008692311792351701,0.008114950225736125,0.003870746927278496,0.0019368254114290819,0.010405200382234317,0.009567751990040221,0.009447779550254524,0.006671786230556262,0.028097208252885263,0.020788401054380203,0.010399004504037248,0.017467270518610734,0.00029212462276791606,0.009421507516673757,0.04770348171132747,0.0058586241742729014,0.008370850591124602,0.004889944942654261,0.013530726361019287,0.02782700433839799,0.01376516179723895,0.007996990044114615,0.04488929563538193,0.002035095196652457,0.0028515725717385295,0.0039195633444954235,0.005849358750245771,0.012056200649475678,0.004388997302635986,0.017333805285729073,0.010983425321966604,0.0026203222213596875,0.0039625784129275615,0.012278866888045043,0.008855051440758523,0.005465074091339665,0.0034996936836536466,0.0261665492649233,0.017333827280407634
novela de tendencia subjetiva,3,0.014607950621695509,0.012491316274452548,0.012596076491492227,0.000596442761613526,0.029822568795704607,0.006358637001990364,0.008055300017078063,0.0010353890438004585,0.0029154029189372675,0.0383170559946367,0.02041609195427941,0.09889408646618213,0.029719989966354162,0.029595925473727972,0.021488742339558987,0.0076358527839985625,0.008761393703106973,0.00778936968863089,0.0030322307141296095,0.012848970377206467,0.013433628952939732,0.008784336345728866,0.0020404303959579034,0.0065630504565938955,0.006690407702468655,0.003075654502961839,0.027918047324921685,0.011225537754968153,0.0006163643749411224,0.020089747447083327,0.005120625848346022,0.009649475726696404,0.013567424106743985,0.006533115130208148,0.0031228871716855234,0.018610436033874814,0.01443094284270705,0.010789854182181197,0.014212701540368645,0.009275158455490635,0.030146046679593974,0.0006892055053185343,0.019763208310421523,0.00011857205465973205,0.006153283616221181,0.0594263494611553,0.01317956052603069,0.006768680037564333,0.011731544308745902,0.019693773721722756,0.00723194596630746,0.01433047176289294,0.005247096685418704,0.05281632238519752,0.0022232329309033907,0.001516659044762627,0.013146165465424095,0.007531478717300008,0.011003218550767873,0.003855879844988563,0.013077670342474382,0.008741615395096117,0.0,0.004640187307831996,0.0424552996793576,0.005633097945410888,0.005586329221534452,0.003535259612879439,0.02344902165148897,0.012134310997399143
novela de tendencia subjetiva,4,0.023451163386291923,0.014448832725096714,0.012450941305843758,0.0014359305573161396,0.029261576028877686,0.009746711348308776,0.0036416536956605182,0.0037442415107277797,0.003939855476665492,0.04784605598122937,0.018893026469420333,0.09582085413273554,0.04146708662111236,0.02738680928614819,0.014487728625627415,0.0031755943837604677,0.0034820337155016313,0.01225589172173634,0.006155901164053907,0.009728527589438285,0.005398025833128501,0.005096011647847881,0.003307304491666377,0.011524849982010319,0.009892703803552779,0.0012989394197909874,0.02652253643511415,0.012476824157391658,0.002272331710850621,0.020608561551890434,0.011095794972369927,0.005891986849925119,0.006084509207999959,0.005614118296966256,0.0005778698813460106,0.013958986514549245,0.00910018761761438,0.010167544287201806,0.023804312113111153,0.023038750107543724,0.02346279894505331,0.003855484519150633,0.029443060785373995,0.00011991687945542871,0.009319181767347178,0.0641330435623821,0.006996009386133169,0.007542544096325924,0.0028241995528480307,0.016001499097219065,0.027235630620754684,0.007624244773268145,0.01401973322668919,0.04017057427222221,0.0056519706085836575,0.0015472434646577108,0.0027212049990083726,0.003294222022027353,0.0077044826944348,0.0024149199344307777,0.013252965540656914,0.009623979362039242,0.0022871687909981346,0.0067240681114599694,0.016394533347385883,0.009681168864669432,0.007250934345036462,0.005881415199768675,0.014949245368718063,0.02557332888197698
novela de tendencia subjetiva,5,0.01517551284156638,0.01437692972461419,0.012280881614346895,0.0020684400405978696,0.049766698729825136,0.011290563429359258,0.004011173845216342,0.000622033278299108,0.0037436157103443485,0.04052061374401536,0.021970591926943093,0.12173184672773214,0.03152282135853812,0.047181968872689474,0.0077222121942252695,0.012930047111095381,0.0054972350395915545,0.015663062578567376,0.005436938729110929,0.007171663016800185,0.007624218462381114,0.006966388488233769,0.004451926846083671,0.00659943881856869,0.014460454807304249,0.001461599797568437,0.029180670123547522,0.01005133177713689,0.006899840193106378,0.010963315642998378,0.008327061872785048,0.004601633704960545,0.007101451318588332,0.0029069057268914025,0.0009645696582452141,0.015654900524733503,0.007082749668634436,0.005740960442211449,0.0053961144534633776,0.010693248177093112,0.013566911410838182,0.0055199297821343606,0.03202478294160772,0.0003636031581818807,0.011529162621751519,0.04926148703330949,0.004202929801912651,0.009156022373753554,0.002177389138193152,0.017681641126200864,0.013194841301569287,0.014437460528023463,0.017865412245200323,0.04543289640414866,0.002796463841451115,0.00273284668259504,0.010608150956185886,0.008636542289749385,0.014169607665232021,0.004163351336125507,0.018632931225573208,0.008502273910349037,0.0032967981177069467,0.005850179013276707,0.01140840310257358,0.004326188198387688,0.005247406788220125,0.0005881648827084734,0.01890796110244406,0.02358345918400979
novela de tendencia subjetiva,6,0.01944348331396299,0.020690381833755104,0.015022032934018012,0.006532448509514725,0.02920686686660014,0.008238901092006787,0.0026639135507043506,0.0018894830868484281,0.0006174925492119553,0.039796798274951965,0.016671641811871994,0.10441064879156545,0.030164288048389994,0.03799848738360917,0.013513577593035588,0.007917969896879297,0.004480449981681784,0.01595499030819051,0.002446359822527835,0.009614374057327315,0.005420871522963339,0.020918803600585283,0.006864335335172138,0.004712684234467605,0.006174449756003822,0.0019176740527464364,0.02770876502499681,0.011441930784610447,0.00792341785577568,0.019361501374298516,0.004324227163998356,0.008524304325682325,0.007991564110333221,0.0032567321551832703,0.0005923417053223202,0.012854506507261202,0.014575189339214313,0.006222419527727884,0.00906457892933709,0.023667524514913368,0.01309444785869097,0.0017683866828254644,0.03019362956845094,0.0,0.011279572589617495,0.07020373238493094,0.009986857250968382,0.004078046970592405,0.0064140277492587714,0.01811686596103748,0.023750066112157475,0.012897600519296377,0.01850929869657045,0.03426779351248718,0.0023914272748753224,0.0015130389993339704,0.008700362044740815,0.0058973461727988286,0.010764999608363727,0.002589083023793285,0.01464078562221191,0.007956890923921548,0.006469831872366337,0.0035353469328505034,0.012573058234826266,0.009517270524639618,0.003594474611926836,0.002948260140303359,0.022309135601951344,0.017100443679812706
novela de tendencia subjetiva,7,0.010628283889448708,0.01702361006630677,0.014987166219268431,0.006479373224778574,0.04598209230333678,0.003202296158972759,0.0030166210305390207,0.0030328879020466207,0.011230929336537956,0.052531869517994906,0.012676542766179636,0.09796344939248529,0.037374245362946534,0.052566475389064976,0.018353142659036568,0.0032586822046785065,0.0018654128065289845,0.015222276676384013,0.004204591587959796,0.005091011819066446,0.006047791674900929,0.007160136178902129,0.005665809324183255,0.015109979163045432,0.010219059120443883,0.002046482010784698,0.02785794286894639,0.009747084452771832,0.005680419559747381,0.017656020416565485,0.004873091678932304,0.013933935835989397,0.010890278586416306,0.0012785150996257226,0.0008936597246370612,0.012888465193062176,0.01466707583462508,0.012369956478109113,0.008672064201109825,0.013133185376906623,0.012792734086972408,0.002810430225427719,0.0334813747732156,0.0003940442716385491,0.010252177137201203,0.05474265751168588,0.006314777826310373,0.004587276649578688,0.005774737890809657,0.026542334399960572,0.012031038772947429,0.017104042919427655,0.005362212907802118,0.018159766410501314,0.007268591172979645,0.005155497388339742,0.001049628388568139,0.00842236038018856,0.021451298826888024,0.00205094357067066,0.028244075754363367,0.008380255398035084,0.002343388674562085,0.0035363709077393985,0.011658270165875397,0.003283402380289962,0.00495805797728984,0.0028835547674118094,0.017315434077366753,0.022160879166771764
novela de tendencia subjetiva,8,0.009466300820314013,0.02288571693620558,0.01571003931766241,0.006395239094058883,0.03563464101298011,0.010203502376491745,0.0025064069143561156,0.0019998139863703925,0.003611347939393962,0.043182920264504224,0.018857199066133732,0.0982555427239033,0.029995966577276177,0.05344449178849489,0.012235833337579664,0.004774238864507351,0.008101552201088621,0.009767879693594644,0.0016361340335276546,0.010001299105442398,0.008906262233993678,0.010401614841810666,0.0025244545269824587,0.006336025968643653,0.007714508460284463,0.0011971163552129019,0.02903481163547776,0.006760976946589123,0.0038762113137581302,0.011230774987608385,0.0020630594914367796,0.0067706880127031965,0.006924233344608194,0.0014720711309539835,0.002420590088760339,0.011354637004926888,0.022975767401582862,0.010903597599910629,0.0067881513186149045,0.023818061035681404,0.023246247290463345,0.002547123799075037,0.0351679673653349,0.0025570279174903514,0.005049043368991889,0.06005459784585708,0.010585563371231543,0.003840688486124093,0.01652292123363916,0.02729917778138795,0.007421361081729144,0.008382991343343376,0.009441534883733917,0.029367390000509527,0.0004359573354573363,0.012203037820372017,0.008915672310968688,0.0037694536066587986,0.01232111421118976,0.005141493527500031,0.02165164443998239,0.005256428254048091,0.007245603070399159,0.0032372643577766574,0.016795011035209976,0.003422011972677227,0.007427673582062314,0.003308416620525626,0.023377107583387118,0.01938158509561397
novela de tendencia subjetiva,9,0.017143257912750103,0.014935194683306187,0.01591385577296649,0.00883976593239676,0.03557684092564393,0.0036128597205095357,0.00936844508960327,0.004240383480116969,0.0034732857217914166,0.04691322283123386,0.016031156876172337,0.11059285009736196,0.041103358730338505,0.016090270725547046,0.03227063974051027,0.005768976990993463,0.004092187634402132,0.017592839068233505,0.010398244956934241,0.01108324912716501,0.00961135948889646,0.004746799567572397,0.00462380533146587,0.014030886142374835,0.012627136253130332,0.003927189040085641,0.019723501051875442,0.011222678476908462,0.005211931520615556,0.013412682091120011,0.007781840294487603,0.006896780563528745,0.007149255202579769,0.002585335250936576,0.002058212071850215,0.016025472570888374,0.010425433250697308,0.005607182088841721,0.006752698831659141,0.0202360495822348,0.024377879877828745,0.001839284614809781,0.030196669545491217,0.0007674420715786135,0.008124859187790183,0.05350718288097006,0.0074112302796645,0.007112459792643054,0.0057819298057280024,0.01942573337578307,0.02612640189057786,0.014691159871944416,0.0020979133244594054,0.024588023445903925,0.0022019822758226463,0.0014065410001034668,0.004144498885484789,0.006743164573988869,0.006304506212836486,0.003303104421616493,0.021194190841601953,0.007451921446460403,0.002188839869201763,0.008582754424589974,0.02728855081779527,0.003777421053136965,0.008275266876548242,0.002363508471770519,0.02018963538909367,0.01642009755732885
novela de tendencia subjetiva,10,0.007571644469489519,0.015222294172151998,0.01780087535427426,0.01358671650198303,0.04557360324189938,0.0085224515012962,0.0008437250906137379,0.0015463839586796263,0.01257859643804317,0.05847573346368904,0.013427292756942379,0.11787412780603711,0.028107114924588616,0.052912960988031374,0.009295004036267526,0.006801914680016622,0.014673195167449915,0.010874934465104291,0.006667181262175308,0.0018823199798981471,0.007440154351732694,0.0024411123737085,0.004856743592900111,0.009037490300178171,0.008882403755282384,0.001304428571607543,0.021719169258543086,0.005106144605061802,0.0076781462685590095,0.027523647326857886,0.00791022717002099,0.004876797209280704,0.00450582657263004,0.0037946629732675615,0.0025331696813507393,0.011567032879018007,0.007991923589863668,0.005287619620689417,0.006285202283746174,0.0227817728998564,0.018608240490769517,0.007932552646769371,0.021026129470850887,0.0019084220160427907,0.014560492242287327,0.06290254809722588,0.007406196293902962,0.0050871814276314455,0.004806329171477016,0.027142010190885926,0.009637223838861496,0.00999556444662062,0.002509559886365432,0.01965268562015553,0.00313587664634362,0.0022986742810218084,0.005243633389312166,0.00908357104663959,0.005798217922108558,0.004514244952684094,0.008835768815390365,0.006547291058719167,0.002281050762940212,0.009801380285799507,0.027909595014016356,0.005806837866217095,0.00916306407876595,0.0045045689126500706,0.016307825016517816,0.024918319945438406
novela de tendencia subjetiva,11,0.015476085835571035,0.013648451545714894,0.015605229975993394,0.018768857007518167,0.03909060496814055,0.012835825236297614,0.0037447748869687022,0.003012567732197967,0.015593159442164994,0.06371495786909458,0.014857327605179715,0.0907017694187222,0.031335901622940344,0.048869198084920365,0.028867866050027394,0.002168921101686837,0.0072874181969977345,0.01720487098086356,0.002620286101093613,0.010830034309281358,0.007151149581522468,0.009342035787818056,0.003081678679959752,0.010783668519085304,0.01521283802182944,0.00038384710109373623,0.024605689375755285,0.01359009196925221,0.004286637038993614,0.011203340012377784,0.015282346832430745,0.0038283934337894317,0.004060616740667189,0.0020802825282776024,0.0016978305018372172,0.020192366175774367,0.008176545449083701,0.0045918262795485,0.004092574437064521,0.017041368427474474,0.0211096125759222,0.004874605527076856,0.029780272079477726,0.002271036212328016,0.010971453075751652,0.0655727164343458,0.004326772693846801,0.0036174052400498465,0.009182472763912673,0.01358669901735744,0.012539376257067076,0.010505192870540025,0.002386024625535621,0.027564000718639098,0.00031825251394002865,0.0025572565786010706,0.0029686126316283003,0.0024512506752937787,0.006579505728780089,0.0025570270705276075,0.009655391195419473,0.0068126158747681,0.000693556903389165,0.0036200096489931734,0.018308001203896036,0.008011965851274087,0.010333445854743838,0.004152792235470777,0.014330070634887275,0.02869115122625626
novela de tendencia subjetiva,12,0.01600313558698817,0.008928170246456861,0.009500949020095812,0.005469839038441075,0.0376816336007164,0.00556373081780417,0.003625121271464491,0.0012221717447318222,0.01731259796231183,0.045864925027808895,0.015619281538271482,0.10338128340840089,0.03721675520562665,0.025013001472801683,0.02103551159710357,0.00038564278455684457,0.009442299383371352,0.015926095960701697,0.012037853643953895,0.014537565754844075,0.00805882344205937,0.00889406105850029,0.004096963912025796,0.013108038464627395,0.006096794906801655,0.0026309785122040205,0.03565760773727584,0.012236256226965609,0.004367218296516722,0.009317410200835359,0.01005156664988189,0.001729324381837526,0.009987788826487461,0.0010557752658076642,0.002209900812945012,0.0159152902186629,0.007336919569061081,0.00988042523936151,0.0036741997161338926,0.02288840621184764,0.015857519353618878,0.006612215813965185,0.038376118602145376,0.0009699494134139357,0.012609723560052475,0.07122835387038155,0.010451006230180058,0.0016243160471951846,0.0034183210315076045,0.02904890577237194,0.011663625493787024,0.007946161975820014,0.00820967035069388,0.03200084305923336,0.0023982802024105875,0.002135542838982675,0.004817732420460717,0.0037173123356514836,0.011064591074979079,0.004890692447855456,0.011759634783487774,0.00925376323465904,0.0017449724171962793,0.004461663656968986,0.015965066547954643,0.008609933205398518,0.009984700275806887,0.0024439327301656482,0.018456518052341588,0.020129542482709095
novela de tendencia subjetiva,13,0.022614226587324225,0.01639671031824773,0.008738946167272945,0.007330794163392185,0.03804553323729703,0.006903803386934917,0.003604486298552956,0.0038053104898634334,0.0071601277433575245,0.04506861400476409,0.010770002882822365,0.10627135245555595,0.033961588083384925,0.032579365078059266,0.018196313584140915,0.00849722132669059,0.01041590279308915,0.00885088357568514,0.005269822794800286,0.011048939847629717,0.0059413744694301555,0.004651340652270478,0.0026008340493573795,0.015604099446063828,0.007479309621580442,0.0002061042622304755,0.031254954553498956,0.015661674799745104,0.009315096804041467,0.015454314084128234,0.010114205259670349,0.004945035612052622,0.009351173099996462,0.0003591289144843842,0.001523022317614146,0.014361688950414248,0.012822905922870503,0.0039803002357955575,0.005930808356663745,0.02202542280586067,0.012035910094875417,0.010329066922466072,0.029200182893940302,0.005159145058065652,0.01047447329174003,0.05912672766960575,0.010206880066192043,0.003148484502286445,0.006161918471247599,0.0148870134765994,0.016583822486717657,0.004077660152786133,0.011362595925535807,0.03354528773188996,0.0022574841266176666,0.0024410849822953857,0.004713653727436067,0.005953896723210271,0.006072275767994947,0.004237043968641836,0.013630931395674591,0.005584820331752366,0.005167088076745421,0.018551993474372377,0.02374626471634038,0.00424793286137108,0.0033120281178221746,0.0010781911110370659,0.021118286310387917,0.02912565891559117
novela de tendencia subjetiva,14,0.013385975506467324,0.01849887999389876,0.023707728190627126,0.002360655073587607,0.0421182171905185,0.0012798672930168257,0.004747068552305861,0.0019036362199991144,0.01238545324657435,0.048289600161154134,0.011522594168685186,0.08674048648707203,0.04919439552370929,0.028017564927015137,0.028389413706283832,0.0016034816390995033,0.006785397856938722,0.009531450125200796,0.0005589015315337467,0.006473197114824757,0.004289602790240293,0.008297961930863993,0.0057950538616790516,0.00960915522475048,0.002059992940837876,0.0035476975376652863,0.025761008512298275,0.009281205933497034,0.004072619730224816,0.019562876948996853,0.0065272866127048705,0.0083330562600808,0.010013824889582239,0.002780039929330352,0.00030886227406725795,0.022751654625998836,0.007095671861179775,0.008490230035809069,0.005932188635432439,0.024751775456451804,0.009542902931393161,0.012804168047144057,0.029814866541571717,0.0,0.012042705162573015,0.055394137440197076,0.004171423251876753,0.005621498598397878,0.01519314807989749,0.014323585401284887,0.021703175339010835,0.013561400180577943,0.006300784401844712,0.03349954670797927,0.0007758484659110029,0.0016595012590862332,0.0048942825313374625,0.010364279544436052,0.017634990758903644,0.005245279345448708,0.002699533769626191,0.010021083023550752,0.00028977942835254396,0.010582173274166025,0.02422154732921552,0.003892864406850381,0.013691562045215941,0.002976364495091332,0.017858664770980467,0.022595586706333777
novela histórica,0,0.017661649368802875,0.014857745386428861,0.00790800105533428,0.0031016709281564557,0.027504079161051853,0.0029388388449399032,0.013867442063608463,0.007584508761651936,0.03714222095371353,0.04239465294727514,0.01821130813600728,0.025254534010033358,0.03437657319495076,0.02594728486590037,0.010598633774231014,0.0022160802913233175,0.0011311090695657828,0.023866044638737347,0.03306570150094519,0.006822631307936978,0.008569842127456128,0.004092112161410837,0.008141450979371906,0.008200429651739758,0.00909507622985253,0.005441972650621712,0.025211948775675237,0.020117945862849228,0.0016598767160732695,0.0062794029823635186,0.007064479077881908,0.0021476576599253694,0.00742364535638899,0.006794337726783844,0.0015745158293954558,0.013286057586668164,0.008003055611470085,0.00811522845848495,0.0068719038637955745,0.013780454666738712,0.032395460721756905,0.013955942153095672,0.049643978465969976,0.013766624520831931,0.022502310195764808,0.012224204114065284,0.0033457245224499947,0.008579949601500584,0.006130606449412566,0.023966593006867962,0.045556345464492276,0.009169099560191466,0.010469043096140392,0.026900155967804193,0.0013674814126389363,0.033217557559784276,0.0032047636585084242,0.048005665385451056,0.012197003112151236,0.004041602162283988,0.0009243295577659706,0.012623168743247083,0.002284390678403057,0.0017514170460536998,0.019583559903967113,0.005202566197020896,0.004665978994650072,0.005477734456279134,0.013654165794127593,0.007287742253752977
novela histórica,1,0.01999179032996151,0.018748929110612364,0.011625064139606952,0.006844001018205085,0.028583624487426695,0.003773548674888744,0.011502371945864827,0.00826447687838281,0.04221745741436238,0.07213664921678853,0.014718690955170638,0.024248578974551634,0.03282764776690235,0.017848402548487338,0.006419935377045831,0.004765882508384005,0.001604325729845231,0.014954779306301428,0.02344255328875161,0.007737861829558152,0.011143390372021694,0.004690594035510762,0.0045129841576855645,0.014194559435323568,0.006925094648729399,0.00595974038187476,0.026299836599873727,0.02287617855709535,0.002182927571834908,0.012124533785279744,0.0021808930397825394,0.01009761353897607,0.007537088633898037,0.010167108941430691,0.0013225602283459597,0.012031095493896271,0.011158056555250177,0.008358031450693219,0.011975485978533526,0.007684660325732313,0.017489794057167336,0.008415300879748115,0.03699690877018224,0.015830142550731778,0.008936421282202392,0.022313137681563174,0.0031508465876600947,0.013194223402823831,0.003982133731207819,0.03198495579872096,0.02014475418612209,0.00447067983199681,0.0011396867121801202,0.03767654895664232,0.0016843027333266177,0.02720196742376029,0.00561688478518983,0.03315731518118695,0.01279659664021493,0.004297668494306252,0.013583437483011591,0.010866397214038113,0.009077028578928,0.004159025422101729,0.020439553989260232,0.011777385949041543,0.0013985288531377876,0.005840387039107863,0.016166108198301207,0.01097422662804999
novela histórica,2,0.008815169797252675,0.02135300723808567,0.02008126027498003,0.005225087907832646,0.02940419525912037,0.003350269359692312,0.015907550947582675,0.005137747419844926,0.030945873415945645,0.045433204092508346,0.018532306828306557,0.03097996694561801,0.0334396006621186,0.019417929095967592,0.007193264909491671,0.004405941190515479,0.0010114579055383623,0.02104150971446711,0.024347460239676565,0.005042069543725744,0.0090417600125597,0.00306023693814846,0.008329982993044391,0.019231829097923408,0.015868019115751485,0.007205460338406188,0.027696529437919185,0.021619214577616418,0.001124943167986916,0.007536263144088963,0.006151630652957829,0.007155764818582486,0.009804981037509063,0.004239817224951821,0.004803364482555536,0.016717084125563973,0.013704944671917258,0.008308727167101067,0.01074873159515495,0.010168655244164503,0.03337530656578778,0.010986724484847532,0.03731084104324393,0.006022172470036069,0.014599653441875415,0.018460853861550053,0.007574491508205382,0.016742825704323595,0.007864927880038598,0.040515837453811474,0.020560170304505663,0.00318330359911999,0.006867504673695082,0.017674000980099937,0.0005436801739024332,0.022965423981116225,0.0037957639382544413,0.03613950110645418,0.007884636276724545,0.007425470587173106,0.007810561451733799,0.010476725878605526,0.007824772665735374,0.002756554019800513,0.027683333165016852,0.005954514987482931,0.0037730508979904325,0.002354335196477899,0.016977051027351305,0.011064503587908794
novela histórica,3,0.016867030105750493,0.023492965988927892,0.009199641152227,0.002854467426075958,0.04245939875594118,0.0038171668339296943,0.013098636010184581,0.005588353961985363,0.040459596683082695,0.0567561005561185,0.013621790794094618,0.03475346056582908,0.03462867860576875,0.008704001282585779,0.00928682490607105,0.007242839820946226,0.0005073379948019742,0.01119629391988087,0.01898010703431891,0.006150834088005803,0.019794937580962978,0.00812497028775325,0.009619377348325265,0.012676650954246107,0.006875218078081326,0.009849375719699852,0.029240940760963733,0.010888862603106142,0.001091740652826178,0.01022567174439207,0.006767184348143834,0.003378454016305443,0.0070909341278738765,0.001625071213757458,0.0007411167530145359,0.013032156347411129,0.008163122473197474,0.006765003035215967,0.010687960878375825,0.015733334502901535,0.01749221525242529,0.01005403401604596,0.024907673826513516,0.011281353538239542,0.008979468370903751,0.02105106060732632,0.00864561880614473,0.01501090845964752,0.002047660417215048,0.03852910304759033,0.026436005708129862,0.005416520847218889,0.005280116999866943,0.029952259829528486,0.0019594287405437032,0.026371128659627097,0.009633512492493248,0.051920031282215014,0.012047186862108395,0.0032254178741072505,0.005961612143370025,0.009337458698414477,0.010501511159494954,0.0006707316953883578,0.019715448450905865,0.005446710356020885,0.0025883140555354087,0.00689259522626487,0.01838968546232166,0.018230641102556098
novela histórica,4,0.008052122539954291,0.019014799490688017,0.006814116221437105,0.007200992380941506,0.022930767019919467,0.022668297218930128,0.019767496500251374,0.0037908483449958746,0.039562611167482546,0.06278154765046087,0.014171902242738246,0.02768251089324317,0.038833280707632555,0.015664818852238034,0.007812845112282281,0.0031715070738292874,0.0015896165243522212,0.009201881416197339,0.023250141017446768,0.0029767066897591382,0.017837159851295224,0.0035651121691455388,0.007953745880800467,0.009131882333649826,0.006963670593789252,0.01619622814853582,0.031523158606061134,0.015257670127970756,0.0008718751857180164,0.01566470858938402,0.004558411662223889,0.01003896234978706,0.006453190457008583,0.004971465803143454,0.0017481305484580096,0.007837605131367992,0.007479939989239879,0.0033368979511038603,0.012566976609730938,0.013343548982425672,0.02225548310361293,0.009032224118916117,0.03308790013546814,0.008934594721373606,0.008655353548657641,0.01957100783262591,0.005576495942773483,0.010222699125052765,0.0033019577509658584,0.03249649842130579,0.014146824204058998,0.003112153482743198,0.004917948526281174,0.03833980274951508,0.005901005402511354,0.0347021045292142,0.005645334622659365,0.04328592279371862,0.018521780594930058,0.004520054933497902,0.010023548495791507,0.010689156060439067,0.009339552400604816,0.0027063011722333816,0.019824799961826855,0.0029529082603103212,0.004723975340103321,0.003320791114041124,0.01762299017695052,0.019170320929843786
novela histórica,5,0.011943947888952073,0.007819725937915314,0.008060776683294657,0.00931124849363434,0.03155338638743927,0.012209160104093708,0.016293685682163547,0.006089371096591369,0.05604935250236574,0.05843268227280535,0.017293592380416466,0.02637212715379817,0.04107876481984719,0.017974394322510457,0.013777830702557019,0.004253911260397072,0.0003692624036206877,0.017615648419443707,0.01719629229017852,0.008608274502894107,0.013111690768365861,0.0063108684735949435,0.009062239790967307,0.017093334098248824,0.003851809476142522,0.011875338130057658,0.02008705665527847,0.020836406919254043,0.006727275565909686,0.010838584063134747,0.0024672320049201144,0.006475141253858051,0.007045823493866566,0.006896771405988309,0.0029123311901824217,0.014558296295589274,0.006183050070848988,0.0022974404216807446,0.012553953033815323,0.014728301896507931,0.023611907593152574,0.007339286174596872,0.02949842273955421,0.02032064563994425,0.010265945710035465,0.032317355071637216,0.005255185662573473,0.011252642601559792,0.00118567292968055,0.03199618390723739,0.01798337533047073,0.0043927315693057314,0.0012338276098443478,0.02729910440971321,0.0003825384819267279,0.025735494958811243,0.004666198608634553,0.0411529413326331,0.012658508576688807,0.0033257497058629473,0.004580670742789144,0.007925235941873351,0.007103893975129653,0.000619477409290274,0.020193087606815506,0.002821372443209596,0.0011069265089986102,0.008032693308989038,0.016915396393929735,0.020755734618942166
novela histórica,6,0.0069546344859825835,0.008317575447082443,0.010191519969404253,0.012091331137886399,0.030781229014876486,0.015341982009533872,0.018269843020591762,0.00728493642014636,0.037005283269092554,0.06470511542742821,0.012040737514147934,0.031590542485324585,0.04080532741000696,0.013306048609010432,0.009379203813125167,0.00788957478849336,0.004278813058771852,0.008967637994093218,0.02175397694494791,0.0038393608119993744,0.014868236620283965,0.003588172135078986,0.011087920737489822,0.013420913280391467,0.006582053454515781,0.0077367466157825335,0.02729772647803634,0.023344899395821142,0.0005989243835095781,0.011520046510322677,0.002940682027263352,0.009889613122113347,0.007180700878297882,0.005024468298158309,0.00428062546315455,0.007820192678559686,0.006635279743296042,0.022549804822184296,0.018167068803662614,0.009235072920519944,0.02245298372115551,0.00491319313691389,0.02573728657143015,0.018614882809504175,0.011074691419537368,0.03218472331566423,0.005586141888231516,0.011661615632982633,0.0037197852588109637,0.03104205685581967,0.0074196530722246915,0.00408557946214217,0.005413424202713621,0.03178374204796225,0.0009888564250109565,0.0175085540190321,0.003385283157728096,0.04641762061880191,0.0158331858637589,0.0033627638505213963,0.008314100570747865,0.008936665839032316,0.00804830941429215,0.003952617328299117,0.01709624962816832,0.003806701241561282,0.005832127823943598,0.006699498163292003,0.01789874636489684,0.01791307878745498
novela histórica,7,0.009654082556539798,0.030207562865241434,0.009258215493648242,0.013705406566612784,0.020895286567737294,0.009269745665764315,0.01487119095805186,0.007847973236454284,0.0349254088104437,0.0658559065517904,0.007740095288913911,0.03825288305424412,0.029640928882577706,0.017527314563168372,0.0079738315518605,0.009029237755695932,0.0025215120970824624,0.012197595704661179,0.027236094822356942,0.0013825899832650315,0.0073528784156305935,0.0021114381383468346,0.006858501701762357,0.023140885091454046,0.004833229095839686,0.004007809623061419,0.022479651400787965,0.01948354003334415,0.0014833575599916353,0.013785403613862022,0.003998152113740102,0.0034991779797547235,0.005587798682198334,0.004135319179199131,0.003957803543618206,0.007578964884440075,0.009291521958314215,0.02060798278327603,0.02267192100347433,0.01253052165291033,0.012327944629212594,0.007740721789654653,0.03149585555943963,0.023896285800091288,0.014880092493392567,0.025091673713703893,0.008543570100090887,0.016830082816164247,0.0024038702663847877,0.018327145822994148,0.015726101832751905,0.011037417555838073,0.0025550857784485286,0.03003436381676512,0.001362434743360309,0.015740356594542898,0.005255743169485067,0.0507475503059733,0.015804425065296595,0.0048238811367730125,0.01238121184660258,0.01114196654446504,0.007049661782542623,0.002747955849296502,0.014341304215399232,0.0011435319685778715,0.005969965598796285,0.003112096646002487,0.02074250336248641,0.017724230738790727
novela histórica,8,0.008150339356144598,0.012327277316700348,0.014214492260675867,0.01160882710450936,0.03091115797560467,0.017352256091384865,0.016915516126105295,0.009235000201355108,0.04588731062866188,0.061003236359217484,0.015809265900261965,0.029087503073640456,0.03604186520678812,0.012734156531476757,0.014111033888556203,0.003616299386959135,0.000721948721950507,0.006290823136420775,0.019009634434390976,0.0046572339655524785,0.010295230658918447,0.0028338107064766103,0.006338534723183229,0.011945825603442723,0.008776147236768353,0.007500700027886105,0.01768793219089636,0.015809968066545978,0.001942297227680464,0.015348808273311657,0.0,0.008339007249663171,0.004906139340199178,0.0047646747984419905,0.00324655375436273,0.011782352763324684,0.005907628575908121,0.02007925966373422,0.0028410258955683986,0.015913240098391325,0.019361936211361574,0.010134095177487876,0.02656883377161453,0.020753253875960366,0.014518616310458905,0.015805408476044062,0.004852834678545707,0.020878811872747746,0.004019020242764994,0.04010375232056963,0.014474879647022473,0.00671040303331015,0.003617291669028611,0.022798795066528064,0.005388448170802472,0.03340068988481674,0.005186718933541101,0.04039426638241879,0.012038338879964994,0.002316458822738457,0.005746675722999928,0.013566585938963505,0.005178493867068073,0.0013157173460602166,0.024536050442952817,0.0030738290187253344,0.008219542906268758,0.008714680719187694,0.02252345044048838,0.01833242201008514
novela histórica,9,0.01574932522441139,0.012942129959220956,0.007358352640392189,0.010740893786535297,0.03668028147138006,0.03546494637339618,0.014429840216581651,0.012319038221279905,0.033683440086244215,0.06827673011721602,0.017001280645043134,0.03829235141454116,0.0552076179781759,0.00833719105235385,0.015391954909345465,0.0014181147081903853,0.0005650304882226955,0.007811547548643704,0.02270061279947275,0.0049214932699248965,0.013321841819376871,0.003308983290460356,0.018377135825608015,0.021792674754270994,0.006035676746326633,0.008961242800140361,0.02307896089959808,0.01864053222652058,0.002230342570147825,0.0030938536306310076,0.0034000396373810864,0.0032303172349023913,0.006951662990528852,0.005081370605790853,0.0014287480146650449,0.011925679772496575,0.008321599768454679,0.008644580216538274,0.005242796930090796,0.01283547139471909,0.017757220700799256,0.005525697827606331,0.03158432285674296,0.008716960190036229,0.011917775770013093,0.016998848486492257,0.006794898934528703,0.008431295446904904,0.0014981569210772584,0.022357508346223808,0.015121844096296536,0.007852818581768622,0.0037932580955060565,0.0197776450631042,0.005819454230182651,0.02543677351409387,0.011370768664000412,0.03588180365678955,0.019805506670515324,0.00984927984827738,0.0036357526294840503,0.008513251421057398,0.009411267227600564,0.002218029485929488,0.019213671707322317,0.003186005009028424,0.005788287525470474,0.0025767048237018073,0.013799779257365271,0.020485295357186375
novela histórica,10,0.008074441433018196,0.016739125308952323,0.009569514768835,0.014322038072847511,0.035781231677020034,0.013625265884879794,0.008456827145852117,0.013036149073955733,0.026908803710457684,0.06358580247390411,0.010065936733722797,0.03410619671807966,0.03924374247260925,0.011460122642209924,0.0054166330104036525,0.0029193648398623305,0.0006064999221579562,0.012238790240738089,0.03198207056866958,0.003141379545417753,0.011871919409494613,0.0025166157981479182,0.007444978386526398,0.01992371663009041,0.0069442673491786865,0.004406176768311315,0.016022763650205833,0.016280215608783906,0.0018944530157115132,0.004110457284176497,0.0048340750456187034,0.002875347716731948,0.011840327800829737,0.005942384331531595,0.00070560219361692,0.011914760035518578,0.007534773304161881,0.009627515316934836,0.003811112887747302,0.022463650000925692,0.023642358706122114,0.00633332319603121,0.051974386930209296,0.014028804144631632,0.012652078630800813,0.021942404527020128,0.0068636037326963925,0.026514528917930925,0.0011312028883643404,0.027121649735513318,0.020540759195377126,0.005274498634256007,0.0037000253313313755,0.016881799021820878,0.0026868062855835177,0.041724590254301155,0.010664075153336342,0.049964372403823724,0.004477639038948538,0.0033921622188966645,0.01096986447646113,0.00857532835822344,0.00994595337237993,0.000323458763873367,0.019080481189774973,0.0034121836414862596,0.00495903908687935,0.0018871282166411623,0.014716127463713254,0.021178648612672355
novela histórica,11,0.011905497370438596,0.014295342066134116,0.006719387179091234,0.015481791782932665,0.03442932147790282,0.009360583433045678,0.014970471174919979,0.004202092314454563,0.043868052375415606,0.0689665940870055,0.007983079073060338,0.029104743211107346,0.04948617272680196,0.031217131314464044,0.008942598876238087,0.003778020999085167,0.0006127608562895813,0.01368621804911998,0.02323691622946741,0.002536954948820546,0.009472870873786357,0.003700385629794699,0.002385372945143486,0.01615585713893804,0.009560710385667914,0.010515753881986818,0.02408712545618899,0.026223482738182674,0.0031871497803986457,0.002858815414038693,0.001648721318267189,0.0024692552345368618,0.017664900857613606,0.004336938752760934,0.001392943128911421,0.012055032381368982,0.007013168745277368,0.0016235405261609158,0.012501891065723534,0.01253310350231786,0.021460261929469253,0.00964373153239813,0.03830895594040177,0.007776268196810329,0.01254313083417732,0.027133146154738202,0.006142495619220298,0.011625048238782349,0.007529471041745379,0.0340717205030794,0.021798695762050242,0.003176027759671713,0.002323903303703987,0.018064679302539088,0.00137828266126385,0.04215935506183529,0.008294994498981505,0.03480351743477473,0.01033222263355766,0.00633242215803446,0.0009726335437783869,0.00583938883598785,0.014285240623079105,0.0010735545691161646,0.021419536970500412,0.0033997729656730794,0.00435734098850473,0.0028478530633927602,0.013730125843172597,0.011485557339817416
novela histórica,12,0.0029802004539758275,0.015723920421481342,0.009480151795099251,0.008111069600520424,0.02974439206169379,0.022173831038160063,0.015639486950540998,0.014079257539377076,0.0388257427466422,0.06556386483119048,0.005664609082395018,0.027189623032696394,0.04005236305468073,0.009698412979613762,0.012043166276195259,0.003730202103344253,0.0008154555527762983,0.010330107660290943,0.02959719375104669,0.0037380508627212526,0.013114699724344439,0.009074081039686157,0.010629976496479544,0.016650420580627323,0.005950108640366927,0.006539160517817502,0.02428242056047729,0.016945347594967276,0.0047831368140165776,0.0055921546788706865,0.0038431455460535614,0.0014995308378455375,0.006883296738442894,0.004232743044593352,0.0018418478463111253,0.013335376482182207,0.004609056785297332,0.018828629593074395,0.032447474856008796,0.016375829649839194,0.013202088051722813,0.01435992614795574,0.04192068771055975,0.011275271280848537,0.011041158729788452,0.02911692632925339,0.005572561006961436,0.020161665547231596,0.007238510133855727,0.019995524636009645,0.017419546268444306,0.010556362862090253,0.010661396370542283,0.018042426588955995,0.0013859028572556558,0.03954443914380149,0.004123602068307035,0.037493357834434464,0.006758646881384503,0.0015306408996741262,0.0019412051907615675,0.005527697536891441,0.012692188388932095,0.0008769936244705101,0.005434426166102736,0.007142569550315994,0.004465025191913791,0.0033145236240547803,0.01995308771513242,0.015618235992815052
novela histórica,13,0.004031703423366141,0.007150060359805237,0.008425009010908946,0.013641910539100606,0.027662944878970797,0.019186478547776532,0.01622055816379156,0.019219685835855933,0.03715617020573756,0.07751128461312777,0.0046498746388065875,0.024828589209137632,0.05810778010757599,0.011931072121922237,0.006133324140575135,0.0017653669474876762,0.0007810019214593591,0.007685590684553526,0.01693095120567588,0.003595577822472541,0.010140406113186404,0.003040922982802872,0.015051670308837839,0.01711660618400538,0.0028032774864846575,0.007140855087246605,0.034352504377851485,0.028995428721434405,0.0037116937697693956,0.005259856726936599,0.002067149321571394,0.0017982427543883502,0.006976915332778815,0.003592319351066121,0.003672308154273891,0.010667067583927931,0.01501167008173948,0.011855805208712671,0.019846840987140277,0.012116072075322601,0.018285275710388595,0.006824581794031822,0.04394716762627205,0.015118897808856294,0.02514613186523489,0.021853051756393137,0.0053897290038625555,0.014496090416277514,0.004051431476392605,0.02165781650724721,0.01147230726622819,0.004054732389714218,0.002038741866359417,0.013136170253326711,0.0019479160437625156,0.04406978882425027,0.003511475153101592,0.04103813014461048,0.01064233272248375,0.0070282908829804105,0.009564418620928918,0.008013423459688486,0.005846013149904394,0.0064149254634460005,0.010114212078613814,0.004625151580859356,0.006553783316256878,0.002540840745935221,0.010109176216846327,0.019026714799292507
novela histórica,14,0.0058481158988015515,0.01205175696982036,0.016922852565266686,0.007288490429948152,0.05066720203125852,0.007692553673048854,0.02180106578413693,0.011330344867577651,0.03000887896760348,0.06175775838395288,0.008622487304462615,0.031233677796456957,0.08599071739084513,0.013384285247982268,0.013095502962602302,0.0006058197554046857,0.0005856900384092264,0.010982482066210643,0.017120365774407776,0.0021426397716772824,0.0063940768390256565,0.006181487781843186,0.00872809175186299,0.009969859737638904,0.0026085992576648305,0.004168013438069987,0.03331697355656806,0.017999653009298164,0.001914575230709066,0.007873009814528438,0.001916930960195112,0.0014783603263109509,0.009046157935460966,0.006551849458047282,0.000983315046937261,0.022559610675077137,0.007109426847660369,0.0026389496613657367,0.017810659816227637,0.02448480361736588,0.01336483112485872,0.01725876840553094,0.059051797092901495,0.007373888725977012,0.03057775170486932,0.013565656087032904,0.004339393505784309,0.005674745022648229,0.0019492041625510433,0.015982492912039927,0.018608854403082353,0.0019370027206318011,0.006473086531340169,0.0143139891615317,0.0013197806964100646,0.026398703551101205,0.004322189650961451,0.021781842226082395,0.00856432019906579,0.014064108865580103,0.0033695349472799593,0.0063773649958728355,0.005670784960586245,0.0020858167327575112,0.011737620791908742,0.008426962672644355,0.0025389044245348233,0.00483580213687609,0.015237116966790231,0.022256419106965204
novela político-social,0,0.021757191615300337,0.01528164997826859,0.009621322026563331,0.0072287215930785225,0.0294808710921944,0.005099136850833227,0.004962453414513015,0.011912202020874485,0.0039672213117879235,0.049789847416479155,0.020497499287247752,0.017067348002373858,0.025503089108703733,0.019557166153557758,0.011589145163211117,0.004820466924989039,0.0055453422603600235,0.02128965790745503,0.0050994160975193735,0.01148884432202494,0.01798343209876319,0.010008279354226298,0.006306067903433833,0.012396577793888393,0.006614846300387055,0.017295802677290088,0.016144888032200766,0.02137192666254437,0.004391108417215771,0.01219181670910018,0.009308922466029568,0.004277797734747923,0.009009887786518076,0.004671912243392719,0.006902702020576144,0.01796372175297791,0.018588960949816713,0.010789038444648208,0.007683350448337004,0.018187075626930296,0.02892854245681456,0.011787824406633618,0.03602400875063836,0.002202001279327903,0.015550260317132008,0.03304152882359487,0.01536886084242138,0.015882857374973566,0.006329310521110786,0.024947122293791455,0.028920247026967667,0.007982332962637168,0.00533153213294036,0.04636600956093664,0.008237668893641139,0.012634492322978056,0.008860602707125723,0.011528767511538682,0.013469902442238522,0.0035087580301703366,0.00919999773631271,0.010232382086854772,0.0020101439197979026,0.005006295477409051,0.007261242262091806,0.02007641238231233,0.00681903998016655,0.006892315224083571,0.026140970321091868,0.017177435976550668
novela político-social,1,0.02193646319092958,0.013606437908533107,0.011801652520845345,0.010456490615218524,0.031379379951752925,0.007096903431677297,0.0063356376351816,0.0063812247182269645,0.0022808715653951767,0.05013174575806767,0.02546997724546254,0.01579411596528848,0.024554144538746422,0.020525392147602923,0.011527314970046483,0.007751817199224861,0.007060628161148832,0.016802030229726934,0.00454585611056806,0.011095757245898296,0.020171000987922162,0.008582565964361197,0.006272253146122921,0.013703631300794498,0.0057226031503279946,0.02055151971909716,0.017394551603032517,0.021621972722006968,0.004952630583582564,0.014465447627392906,0.010653727120789238,0.007106701109764936,0.010414546801035133,0.004458681660013816,0.007854799462932967,0.021514885568332358,0.019560961232435038,0.011169147342568412,0.006973655165123794,0.022344689709551634,0.0251654907032744,0.012246473215247506,0.017654953890234266,0.0016756981472530207,0.009652850760080291,0.04110932514551246,0.015833538492186005,0.019609226501560537,0.0044706172570546845,0.025638853625192866,0.020042902043437495,0.005570998860173556,0.00566876677004273,0.04499764162517541,0.010578588847250096,0.008531688512291843,0.009790258799335235,0.009577779477404291,0.011042550803838968,0.0036362717549578575,0.011237812068472913,0.01071398416540815,0.005176594503583725,0.002650712866891035,0.008154735075401941,0.017615291166499084,0.0068682932378652285,0.006914618807179591,0.028509382349556463,0.018279972008372343
novela político-social,2,0.02043838231874777,0.009983234305607299,0.01141434558535429,0.008104344821275073,0.037618161810372745,0.004967959238853431,0.00370870766828085,0.008393015881805504,0.002382750783979395,0.059538349518670465,0.023352260529098,0.020139339166088184,0.027011098804779702,0.01707539704403739,0.01229799196975554,0.008504463860451146,0.004789617674967809,0.016500637945189158,0.005013122412628204,0.014625287596907083,0.02279555009973459,0.009724357786330158,0.007537659808969049,0.015110219859644,0.005818182927495606,0.016726130597710463,0.015343039997092852,0.018553505993988913,0.0072390751264718965,0.010883552022230321,0.01193004624086937,0.0035524572188882636,0.009142818540953739,0.005225402006794068,0.006852020832145451,0.01755505289498632,0.025376304360390237,0.009368766840048583,0.006678869372931219,0.02206640169865227,0.018045578840128744,0.014918965438058557,0.020338757384915366,0.001934456813992057,0.010965014863088651,0.04180362586678098,0.015647089880834384,0.01636328271732919,0.004585289520835834,0.030420403621114523,0.01701180096683041,0.007266031522950368,0.006006605781826059,0.03909719277482983,0.00930801658447845,0.008020640228640205,0.009499949078643469,0.008955302734637665,0.013878852253474589,0.003531768793082345,0.009186347767207982,0.011900767217728236,0.004001797806666717,0.0037271852951759905,0.007644425841983185,0.01798069158713139,0.007219734117671501,0.007537827544690089,0.02971030728174914,0.020197929055793026
novela político-social,3,0.021408724755805304,0.011972753164837901,0.01534252157307518,0.007773470219293659,0.036646895814567,0.008262427406685886,0.005978420225247101,0.01447254291926033,0.0020952525063795474,0.05995492339644258,0.01949581813764031,0.015381947516439629,0.02993117693358954,0.016824144346422102,0.014237436990098301,0.006291760193514928,0.005261029922757532,0.013979166540999512,0.00381990756385585,0.009906124471693388,0.023999853044071404,0.014559160501539924,0.005600453199316397,0.013875633908115997,0.005121044475541455,0.017059498966186522,0.016800279716243826,0.018200436248310546,0.007631577516998557,0.011513652056170299,0.00846427137027706,0.005341769945873005,0.010295918052846445,0.004075223096491162,0.009781664700881435,0.021468662158471905,0.022733735371463972,0.008871668215235187,0.0056533362224108746,0.018570940722271643,0.02045029546670445,0.012642254087550613,0.01779162751252006,0.002434818991339406,0.010470709037536316,0.04618831897313648,0.017023152304084094,0.015566211444540217,0.003988244521700724,0.03066862692842863,0.015629167172174874,0.005620827659063137,0.006006714784865953,0.03477002283469529,0.008739188816749802,0.008635465496899553,0.008451744089355328,0.007793412199830127,0.01645756836450872,0.007163650551413584,0.010165900698656824,0.011682686710331177,0.004182170740951257,0.0035237181988798014,0.008502802663690058,0.019587964170477295,0.0067062229299403205,0.008075447346954838,0.022581657269248784,0.02001448631639811
novela político-social,4,0.01749998110827255,0.010352977157394645,0.016805967582878233,0.00405877627157149,0.042817485936839775,0.005139448550171831,0.0059073938813950285,0.007313250729508961,0.002957775394063209,0.050610842157823875,0.020368154186260215,0.020139723860938222,0.03218501403092005,0.018418065289886213,0.010907968496012797,0.006856114835050321,0.006326141344749081,0.01941054080759198,0.0049963414772691075,0.00733567329647931,0.018233175257825557,0.011203220216181177,0.006561605929600446,0.012621752769841416,0.005710493530530156,0.020980695974957414,0.02238077364807494,0.016708699945538464,0.003937047130106392,0.009587929606134632,0.0086307317987128,0.007124562495281991,0.0077752271351368306,0.005213687139335067,0.012881826615219326,0.0180253047384363,0.020143034011305874,0.007337270964815435,0.01116192682374879,0.020283636475832055,0.01856440801463579,0.013024795131581359,0.02552699066537865,0.0020407824482388814,0.012992466978379554,0.04753349367683029,0.014768591400492375,0.018734831309045477,0.004898570696379185,0.0264998713349717,0.01910417603095371,0.0050991508355952946,0.005252787643172779,0.03699776692989829,0.009676677880369734,0.010230950748582367,0.009454545912822732,0.00968314280460156,0.014876451176107815,0.004122555715043004,0.01058820438875514,0.01202402317658746,0.002799867259273915,0.0025156700264022743,0.009532795682840456,0.016524413961996158,0.00799253088089453,0.007381724071024651,0.022547860465950885,0.022232701365200096
novela político-social,5,0.014654432571657602,0.0160850458678444,0.016327348931998362,0.0033735355167049904,0.04037589448234245,0.004764348577227805,0.0042431008816095255,0.012690820894144654,0.002794742197839542,0.0551062622929892,0.020623253377072562,0.017945281460980057,0.03163460704894208,0.01761421965043578,0.013546196123665552,0.005552506248662244,0.004754341517986868,0.016760674494826627,0.004080137010776924,0.007481697347194578,0.018873390059465034,0.01296375886481674,0.004434058220442334,0.014653874881062895,0.006103815073951601,0.01735334547211788,0.019448973416859028,0.016025380717792085,0.007832767102782965,0.00828944391470704,0.005894215239771515,0.00407932020729123,0.008823538900122475,0.007016800943679746,0.011201323874751286,0.02132290078678212,0.018717652441069016,0.012069760170711772,0.0030154145664307145,0.020258454494133576,0.02153944145734611,0.012938781316644672,0.020687114952550465,0.0013482048418251684,0.014527823552339758,0.050952037396617564,0.016250601085377066,0.012690751792746504,0.003981643135362829,0.028891820667173544,0.01926736455248164,0.007010122724160993,0.00509354632792982,0.037492715562613264,0.012784729220601332,0.012030998492228313,0.010185677712012195,0.006116145019420402,0.017057913979690323,0.0029801925748730094,0.008952278912253761,0.011748081421381404,0.0023377823238754907,0.0029454456236592983,0.010474434608339609,0.01892388514580567,0.008714886313519578,0.006901961063221343,0.025777179342882928,0.020631052631958902
novela político-social,6,0.014289641942350152,0.012284748584830875,0.01406936681066864,0.0077313668276803625,0.03421296606896423,0.004436484696766783,0.005505969223865569,0.028979242747397157,0.002999678529438364,0.06323554739952375,0.022089267462905814,0.016027892247203267,0.02701084928086439,0.016423036462406445,0.009224388554847536,0.005883621578948174,0.006468504968349527,0.012940978450920043,0.005597874996981935,0.0076766388657937695,0.018552262644604925,0.011574503941156737,0.005625500845332161,0.015019789121318185,0.007263023507520708,0.01278954386203295,0.019681426766483108,0.01607715336045128,0.005184582016273922,0.008122509606807495,0.006134946601717062,0.006116888534584587,0.008702019794787233,0.004254051368754759,0.010836431093083174,0.0205698491112565,0.018918273137511623,0.008962055018089287,0.007599571860968702,0.01672204252951469,0.017175039624159394,0.014542884267949911,0.020525507010920627,0.0009565477019472461,0.01139272543519701,0.05244409523033502,0.017216264267558946,0.020251455706351826,0.0035785679527773917,0.028839184204667443,0.01739538632651313,0.0052340854397034476,0.004347181723506186,0.03070078797390483,0.009507216333411716,0.016176599762253118,0.01104065525236993,0.009362541295248371,0.013381224749714052,0.005424728663175838,0.011878330133674238,0.013243667404369795,0.0027929251239174864,0.002097405202879935,0.011266918670046616,0.021212851358760318,0.005901866840864409,0.007178737881632241,0.027762164628841696,0.021138480855762663
novela político-social,7,0.01958573926205651,0.01030919948441443,0.016575433427329207,0.007263851109787168,0.03686811424955821,0.005617335785159592,0.004891907049176156,0.03138975016273482,0.0014233115290154077,0.06504076120811404,0.014471237203908605,0.01858587509322696,0.025888008102426332,0.018211123586926472,0.012152729612803564,0.010912864989054923,0.005611209696383,0.012880618218299557,0.004276558310983205,0.005870814431467558,0.019088541081794322,0.01073584246194552,0.0046418990311047365,0.01682380181155585,0.006114349959864412,0.015568158256764197,0.021665758041164274,0.014930244819606796,0.005813272742309226,0.008624285395972304,0.0072739196883713,0.006197786272183246,0.008889302725067862,0.00585502561308317,0.011600494024349001,0.020983484921203128,0.01650477044930891,0.010124057448071558,0.007879121732295173,0.02111513239824688,0.017459504400318578,0.01480007782852471,0.01882890182635644,0.0009062370993483111,0.013906971365480995,0.05113820223620789,0.013242212350282253,0.016526604467275642,0.003762211066438184,0.028422919895456797,0.014541286980090013,0.005525954888159087,0.004415043590086552,0.030707482632754714,0.007278506958045248,0.016847081502790455,0.00841733942016271,0.0079039494828975,0.011652227324462206,0.005300887694971097,0.015896155832890727,0.012524314400246837,0.002942971455143091,0.0032060085915972896,0.009689770935611047,0.013805417936726903,0.006429434023718556,0.007864734651391384,0.0282362550043624,0.019427379729466326
novela político-social,8,0.014810623335931234,0.014211646888383786,0.017274451543065058,0.003950655655131861,0.04136030222341002,0.006641330835489113,0.005086599916187381,0.02690551754062659,0.0020919957465820502,0.05839655660903873,0.01659646734248959,0.019044484119756632,0.028575161918882323,0.01987464770709312,0.015081132326784067,0.010512987533970588,0.008025512278355296,0.013467020502418993,0.00425847089066475,0.006554072215477408,0.021424157711149302,0.014083583546426881,0.006694879607650608,0.015132787883898168,0.009931653636078858,0.0146551164767185,0.02032365402565878,0.020268990515557826,0.003572653072858978,0.009866786460922426,0.0076815913910389146,0.0058679335335062414,0.00634306989390949,0.0031811038136436848,0.009366308991531364,0.02407779487973792,0.016024758312312457,0.006567261750226433,0.011157037185738673,0.014360397299430115,0.01524797245657363,0.01070680715517132,0.025229938248424472,0.0029188852817838232,0.012905000119661976,0.04674464330688216,0.01254754763614411,0.013411057202342766,0.005295138816375737,0.027626989276442727,0.012968154958827745,0.004923876500861919,0.006341835839615319,0.03480761315705364,0.006582361552459807,0.019966344702987582,0.009287411290616035,0.0066276550632628755,0.014198808187747353,0.003557889844738788,0.010215678140575312,0.012186925945443867,0.002554164376054143,0.0032026559277248505,0.008682574260454929,0.01806924921598538,0.007479293566522622,0.004730685096239612,0.025723881652817374,0.022058826716856147
novela político-social,9,0.01651825902964085,0.014375786796527065,0.01546425742692304,0.004702174866151319,0.03564411602014321,0.007514191014160669,0.004070541790768482,0.02365912702097396,0.0024969558554141166,0.06944765595873414,0.016494556946230164,0.021216037696898227,0.03287731060936721,0.01572317257887836,0.01617556697721676,0.013299536604827134,0.004060086843159578,0.012944600599915576,0.0031555545919560186,0.006270293671742136,0.0189237155084256,0.013605120191550428,0.005849682649139944,0.013201478143461487,0.005465881609515059,0.015331718663469128,0.023588394600759746,0.0158423747656761,0.007007203182082669,0.009916680426631304,0.005811891884420568,0.007001875233123065,0.008437526199833163,0.005895151277358028,0.01393699175179874,0.02022554221938395,0.015753850870182898,0.009499919505516312,0.0065113955588515455,0.019685460665226345,0.013746282209486997,0.013285747348675249,0.025413468597053044,0.0011820598474462248,0.012877136129713897,0.04628874359434131,0.01688827469110315,0.015904324519234195,0.004848714856194908,0.030870679020277125,0.01475919316234303,0.004539215940758935,0.004426415129649602,0.03111175592856726,0.009000636714294725,0.012106408782492785,0.0065487887871665705,0.00625379850362697,0.011227346469231708,0.003927703025782233,0.012012510674611676,0.011556794220081408,0.00284714293157851,0.002276665778510247,0.010692027459139115,0.016131770326614572,0.006294176816767789,0.005200520391125185,0.02664466025174965,0.02305134484236409
novela político-social,10,0.016667824413465242,0.01235468546920096,0.019921581137348154,0.0037849817200114547,0.03564654643548466,0.005656480297078211,0.00443743327619483,0.03303365692053397,0.0021984799214266023,0.06812575325411725,0.018114992420614456,0.018767906279656098,0.03206312425595965,0.01416791402230656,0.015676097469749663,0.010865612954565639,0.005965054055909914,0.01535859683567508,0.0051503276956894745,0.003621455503113402,0.01937283975557789,0.010255082217562368,0.006805090136934057,0.017752326348080254,0.007129036845584739,0.01182114133851097,0.01872016436825378,0.01601063565827979,0.009511039526675884,0.008723719423867913,0.007705979958607944,0.006132127770419005,0.008527028821602698,0.005306100302993414,0.013614577658388964,0.019573525426478267,0.01593695890385188,0.005800695041878785,0.005331268856524337,0.02015126031525641,0.014934649998597584,0.01324550574816819,0.024801191796834925,0.002506471459826666,0.01710281673571432,0.04905201460003178,0.018805952863950818,0.01434814767567991,0.005365548730691811,0.02573755087774792,0.015050176773363023,0.005165364756138476,0.004316359665932784,0.02504557530938198,0.00763827910992296,0.012656481698451336,0.009814387330149804,0.00878456794861105,0.009017187716399843,0.0037694185758950687,0.007810465925475968,0.011815657576699818,0.002187901801789784,0.0025931963290368627,0.009496671402373659,0.016442441647336638,0.007881242288229716,0.006533888036365419,0.027989576658147986,0.023761320348690298
novela político-social,11,0.014291508142006856,0.011852266911524145,0.017941461625076392,0.008536192620651311,0.04308576213853736,0.004319561691097315,0.004854418678906274,0.030712397253903966,0.0012935342655179245,0.0634364342103946,0.015011115191838833,0.017251943161710744,0.03778888374409511,0.018118183374044142,0.024159530639832,0.013449083590536048,0.004529630981379611,0.0133299350192064,0.003462854698341629,0.005434767659561705,0.01900720193727448,0.012113270173542742,0.005579992140720976,0.012736430720406172,0.005457283229384571,0.008074567297831231,0.019669899304245873,0.012557745934574135,0.0076265337585000835,0.007597422323684281,0.00514508013515767,0.0046019266247616895,0.009413904264561209,0.00429388536065007,0.016529092886379944,0.024136694443396615,0.02058356410163012,0.009139572483794184,0.00444792329824755,0.024491153424889948,0.013463829387014964,0.008749256130068618,0.022510487009607557,0.0008655571714177871,0.01494378842075909,0.05045365034307723,0.01825654678706496,0.015284480444516175,0.0030361771627391886,0.02911658753721302,0.011201099549361581,0.006071908097742803,0.004803097241376781,0.024556714340686615,0.00930172970517784,0.008206208855404538,0.013125817302829542,0.007086350774909807,0.011124915404710741,0.0045447961827415236,0.008116047590568401,0.009427559871889441,0.002860164735970264,0.0032220378080761577,0.008643741279816687,0.017391599933183264,0.0069617396954044,0.005185348658955588,0.028836811071005282,0.025742949705091243
novela político-social,12,0.016364897139815135,0.012512509703185678,0.01624769699216206,0.013856534888494006,0.040638789212134374,0.002833853264150049,0.0053046218884870815,0.019267280926325774,0.0031999277924162333,0.06416584864019062,0.015140672074258772,0.019473867065205448,0.0433674194794573,0.01416865506677948,0.018257646705964848,0.007709566739929904,0.006535762339164791,0.012377832170512606,0.00485364044776915,0.004442256201123084,0.016261977530989357,0.013707734192030021,0.006841064816188838,0.017540700010428654,0.006551898884402745,0.014599773504983425,0.017758594127210852,0.01939733507714552,0.006179332267683068,0.005876545292455236,0.004316515098237033,0.005008897209521491,0.010009602208186731,0.0038951114951300252,0.013591791414165113,0.021413791752938418,0.01721987189853899,0.006742650317591117,0.0078087522082605524,0.023392871633785617,0.014992768907727006,0.010486660640008421,0.02359502358596487,0.001040974605096145,0.01223374578516388,0.047140979222492926,0.013192134582194641,0.01309396616334721,0.004777929911557143,0.030610632747722796,0.013264067901017307,0.007701800637046284,0.004015731462900306,0.024197291349059017,0.01060224127331797,0.0122310110980873,0.009247140113201307,0.008369128248958831,0.00841725683450942,0.004715865926883779,0.007646063409856101,0.00997698892248312,0.002473498306673648,0.002137081623675004,0.009437383009736422,0.023100610489555595,0.008213429363805065,0.006717915129889971,0.03139804580154111,0.025443168169886895
novela político-social,13,0.010353597389213084,0.011593121565424927,0.016203456548667693,0.014014919569225967,0.043171791027791395,0.004659666299259859,0.005428294283923497,0.026188411720437385,0.0027646263495509126,0.07030852563901498,0.013610956974408695,0.01857996797599175,0.03915067619660128,0.01487328491161676,0.016649385152341663,0.006913777406554615,0.00455807456017819,0.010274686685491644,0.004923987684675093,0.0034738220468112143,0.019520964409518154,0.01540331709717896,0.006143101740191871,0.021662145880229463,0.0056577299973070575,0.015496195863638589,0.021586719355200606,0.01980230543032717,0.005092447074223228,0.008632730608065015,0.004422094841705933,0.0043604591120465774,0.012776721272885856,0.003271264364831984,0.012749429922337546,0.024944364063802498,0.016967783251557365,0.004264424948572243,0.008372674625090133,0.023375011007535265,0.015483358872512828,0.006727557141971197,0.024127184103267422,0.002223499020742488,0.01121156478475963,0.055161851699809104,0.01490169790091831,0.013649891655793198,0.003360986323808298,0.025056651985995965,0.014105235263376216,0.004404877022149791,0.003345074277187829,0.022405245446735743,0.005144154017101503,0.013088933131568361,0.005817995025591501,0.009852663236072279,0.009662627991798421,0.005208427883333816,0.007400242116878178,0.00976541331924634,0.0017411799969265643,0.005051763977295068,0.009358815006538757,0.023158848591207672,0.006715005268660578,0.0058145595502371245,0.025464322503073535,0.02753182462379704
novela político-social,14,0.009782141003059061,0.01203285722217276,0.019147098524587312,0.010950932230062688,0.043951044805935244,0.005502226063393066,0.00551087006653937,0.01964836418919896,0.00242790706497883,0.06124005078009111,0.01366670461241073,0.01599394414716185,0.05059455401085722,0.019702916336461516,0.024386320246774337,0.00535963812564219,0.005399041769100355,0.013311508855863142,0.003183092997009285,0.004769815988487062,0.016839876312994745,0.007806884536311371,0.005807226932709909,0.027115412117209473,0.005290526391236236,0.013402104145630646,0.02675136507225126,0.019338656770365975,0.005267452244945166,0.008537634920629058,0.0036808897491722053,0.003853887057230302,0.008660685493263324,0.0043127145202067185,0.009013732532853785,0.019992538135188948,0.017764999995362882,0.005904531151765876,0.010876141118339955,0.015609534085440345,0.012956602927921067,0.009852809345029072,0.02739844005510568,0.0018607459302164688,0.016109010020735507,0.0461261838407917,0.010972556132328969,0.015107509609497534,0.006245387874069025,0.022054176666608423,0.013848219414902618,0.006591386498933906,0.003450112643261704,0.022323367053818315,0.005972269405844193,0.013151185293484744,0.006188229614220863,0.008809127984670609,0.010033177260723091,0.004843168111792164,0.004534159517620941,0.009728383537833746,0.001800687608949807,0.0036620847622182194,0.010891961612617615,0.0236566565871055,0.005793051434197605,0.005823621754569807,0.025155313074595873,0.038694961958649736
novela sentimental,0,0.01767268622487103,0.01443495230902326,0.009536366041482782,0.0014125595127612404,0.03687281951894405,0.0028851353557504547,0.02176022249696914,0.005481689271147183,0.011438634568616447,0.04948945438163701,0.02500676146728657,0.02135135334307472,0.01778843222540533,0.023658765121505658,0.009272813766780472,0.007392639934733193,0.0010721224796876152,0.01818637043480065,0.005471860933754154,0.014156238541023063,0.007851214328294713,0.005674370630314703,0.005192492733139279,0.003971187366762321,0.006289807670835292,0.0020369239592863252,0.02190482035886444,0.0068991435038076995,0.006134244581528688,0.018580557095558167,0.032716928234783706,0.007752622469353347,0.011281058182819555,0.003464291418433106,0.0013596199944485943,0.015229761621089872,0.011907723713444328,0.003325052429242362,0.023632889521706387,0.01632069765785885,0.02942689144221704,0.007373809904167878,0.023753449382067568,0.0012468165876719972,0.01727343373590217,0.05373854611958452,0.014852619374847357,0.005738147075453019,0.009708628695773176,0.02937024084216699,0.016650078724489797,0.019084961847998294,0.0038012603688715417,0.08337214070695549,0.006464240673471106,0.004502145568562622,0.004526827621607125,0.013582545201437115,0.0231633015089063,0.0035533423712179914,0.007955654588035344,0.018829213628643676,0.0016451733901063114,0.003671858153900974,0.0037719790707115195,0.010684698623635717,0.005820683545684628,0.004252887551314129,0.01730296153623234,0.009916038839064173
novela sentimental,1,0.011797627798516484,0.016799513736524437,0.012055323395398014,0.002182728892889677,0.03375271756354276,0.0025752847282590518,0.020412702256098397,0.0024622884559536403,0.010996210831132674,0.07649583251045604,0.023746521369888696,0.020054851035334335,0.02612245622338563,0.019808096175491903,0.009951536343855193,0.008802979357022636,0.0012301044784417412,0.018241618782631436,0.0026481441748531136,0.009554955742359905,0.009874232145986053,0.0070566741577246985,0.0028978751422477447,0.006073044942733629,0.0041621271474263566,0.005503705438101854,0.029611106536153693,0.0066955450803019454,0.003162960190361136,0.012965627195975044,0.014523197957961758,0.008769315494936421,0.011684717903143432,0.0016781063576541558,0.0027967044218357197,0.017581643381653383,0.019569597617785452,0.007138198550164103,0.014336494500991163,0.006928100904392571,0.022892923460284844,0.007875119202980027,0.021385874798885034,0.0022780380483901296,0.012697381284299753,0.07816781802505528,0.007536267820805295,0.005464779164969956,0.010372123195992537,0.02882691577771397,0.014667121653489759,0.020352630987256662,0.0032821025793797866,0.06188078055087584,0.008681674634070649,0.003477230937365235,0.005271179783570515,0.018186421358099943,0.021106852796785664,0.0019590757219873694,0.016892091362862495,0.012874197787581415,0.002922283708948546,0.004395328007977514,0.007972328346228305,0.004411603646855824,0.004483347162068684,0.004207354963912253,0.02794949147760225,0.013802944776898899
novela sentimental,2,0.019033357787236523,0.014243027852946054,0.010846224776281553,0.0018760148528739798,0.03165059325215284,0.0027850273851899123,0.01976874271432238,0.002835360561602191,0.01150112775839675,0.05233690383067578,0.02161666119800139,0.024052418366148957,0.029432776033999672,0.020573657805325222,0.010223587352832398,0.0058778736613619475,0.0010878871617891056,0.027758974040846214,0.002689698876644529,0.017525840960820882,0.005621751640714218,0.009071008732768143,0.0042516550408444095,0.009244929806787185,0.002535142896332096,0.0034641655168228054,0.030217660387111944,0.006748512122849086,0.004999183877004907,0.009438104120620945,0.008801957218090456,0.009810464020611628,0.00870833642004784,0.005615468554229991,0.000998722902044481,0.017533880891091598,0.017853269865248985,0.005554389946225728,0.019856644074417736,0.02003920209912075,0.02258211558481569,0.0068059795071111935,0.0159528348719658,0.00121117353348207,0.00899486311224029,0.06937337826775958,0.009077722131347903,0.007849941559707384,0.013165255030972909,0.03174547804374093,0.023421294015221583,0.012415696703802135,0.002356284382896819,0.04847562916547242,0.005552650213982453,0.005673315498160316,0.008476081271074236,0.013137612199179867,0.026832178170011385,0.0019331462127304252,0.011167710846203174,0.018056307718550817,0.002744255297770607,0.006028343596945781,0.012422950900639747,0.002788614568216497,0.008604167874490618,0.0027372349694059447,0.03852014931197477,0.012963648343776366
novela sentimental,3,0.01043159254129999,0.012922505886232541,0.013648934978914885,0.002227172499518568,0.048773831908270594,0.002994921631547822,0.02608556872297643,0.002894236545253278,0.003350012912182102,0.054529194538435265,0.022125283980299157,0.016323172161696844,0.029903202019666623,0.02015045776043737,0.009065707856957525,0.004992530896398646,0.0011926932384053784,0.01612233616586745,0.002811204005113333,0.01175437886746675,0.004275380354380773,0.008417293000575948,0.011833593786066944,0.007409276063564876,0.0036474926686388765,0.0032740698950829207,0.03768579976111199,0.009719315347751742,0.006954915607944397,0.02051875696685002,0.011965224046025416,0.009141872063768255,0.010338778661224552,0.0008053679377241002,0.0014815525046202025,0.01715172699298382,0.020484116884543692,0.00537548687508805,0.02014833992601876,0.027516753536898607,0.02787209714039508,0.005228142142929151,0.021774470632902318,0.003905023832402168,0.013838608148054895,0.08158213362147712,0.009530792721576574,0.007944320322473577,0.012365915307110797,0.03278098192460208,0.010679022830561559,0.010505253544154663,0.0053262160058966225,0.04328892473409691,0.0034367557554919733,0.0037685449150815027,0.006138841275163706,0.014642396141816897,0.022773114169910375,0.002638632545858111,0.007796864007398286,0.008747246514824001,0.0024986730885341226,0.007638526132440748,0.003377604723667774,0.0037628488720947277,0.0036446435991505945,0.0008637074113166524,0.03226899892325796,0.01778597226350955
novela sentimental,4,0.022656404265874924,0.01429051220735776,0.016276647317142616,0.004467002280971471,0.04803614662617383,0.004613820023341651,0.021713938458811633,0.0017545602597900882,0.0015620762195224084,0.07321587860655063,0.022740375371460925,0.026904645398921113,0.03260567200917764,0.017097293342774822,0.011113993804831912,0.005240457901171273,0.0015392548868579244,0.015711936085018953,0.0020126550609128385,0.013215046768670016,0.005596030502884284,0.012071075966962453,0.003629952886095126,0.010548657905192932,0.003449586278645506,0.00262064992907245,0.02309375612383934,0.01440830150937829,0.0018340860441765714,0.01093731244737426,0.006578835315457297,0.007619585038812564,0.012924292158007148,0.002333531066253496,0.000611123977400069,0.027322594388355926,0.021397201239687795,0.007322552928354377,0.022415852606186375,0.028228271454722502,0.03077247394779259,0.005543928994047397,0.010196101465847273,0.0011303716925633127,0.008828178471320438,0.08171777477041618,0.008696986135626146,0.004867303930694573,0.007187003383920718,0.030150361364055786,0.008811632902727675,0.012153135998089938,0.00234479999670622,0.04061166815473591,0.002451199083078771,0.0023328746502990264,0.0025513556887770406,0.006748253329169054,0.026712711070265793,0.0027596190381177104,0.005764605322414649,0.010819581664525828,0.0024145595357250456,0.0038456574280230135,0.0056072443513215334,0.005077396904610565,0.007654610307616244,0.005256696503427658,0.03275132256599817,0.020993943323063567
novela sentimental,5,0.01532889279411575,0.011891187045601968,0.01766385707177259,0.0033277689643282605,0.04905292618431617,0.005450546843971773,0.021363158486419263,0.0027395840489689567,0.0011369416311248109,0.08564911837075673,0.021182559801242395,0.01881341137566479,0.02736646567875237,0.017115598355245426,0.015511685848217336,0.009020192476726975,0.0007323100201073962,0.015887217092225486,0.005136520214012596,0.0071148679905135865,0.005691255588369898,0.010575427051313644,0.0037571901318466452,0.010144610279239602,0.0010611521711526976,0.004225096712779459,0.026601484748907663,0.007375425663470789,0.003330721524298348,0.010346417034415807,0.006362674829419568,0.008498202594828879,0.011277327794924788,0.004887280213176198,0.0010572930846139774,0.019230169424708912,0.02609082406102435,0.004971177674606077,0.019414102922407216,0.02807738290071645,0.022054427035732186,0.0036391900052991913,0.015012830657535225,0.0003933049345859068,0.015952136857214937,0.08668805779971565,0.007552309174327164,0.004161372455891194,0.00802709675761066,0.04324711425212687,0.010803748634640852,0.010145574404078919,0.002787127883547014,0.050444105686888244,0.0014322914459844128,0.005390806136510922,0.002992137290733008,0.010535493696014782,0.018329783112253667,0.002167318030748277,0.0028792757019663246,0.011866113991725095,0.002326629972928567,0.0017335818135267122,0.0033574982176602206,0.00217323194528689,0.011270926079093316,0.008321538895223647,0.022957493302883502,0.024536686500246766
novela sentimental,6,0.014321662665431677,0.013798094653726277,0.01838183540254021,0.0013394666452329806,0.0481552445230406,0.006355751831853661,0.037480523348890744,0.003183221513381249,0.0017941605891887546,0.06986698705300239,0.014474635722563214,0.02229970276866148,0.031042125471593966,0.01455317744788794,0.01003534221970615,0.007493530298015751,0.0006621275367055511,0.014265664042987548,0.0029689039848559634,0.008797385564245374,0.006173214740915639,0.010792488328632045,0.004813018146465116,0.006937569972935039,0.004854673949762399,0.002409310856860643,0.040708110416135326,0.008686246048303505,0.004404656346301269,0.009855544059643409,0.0036771378248281928,0.007698808561523898,0.008942777077389205,0.029468757346118046,0.0015447938836760185,0.014717406105168179,0.009829547731461037,0.004122207459964947,0.015257220757071978,0.02435496263031674,0.02503447977137537,0.004748639391091096,0.02064347909486751,0.0007958599691121044,0.019707594706051733,0.07447031522956314,0.00817963683196117,0.003262755705113057,0.005023685608866871,0.03371405087489376,0.01879453201966015,0.00908799458185602,0.004256283063098468,0.04447526465249267,0.005142101705946893,0.0017863487851439855,0.0034490272473455892,0.008628896278226881,0.020431762849384787,0.006464035194579209,0.009697022578437253,0.011756154407272115,0.0031613645300574054,0.0017907278889979438,0.006483277621490172,0.005069384827757607,0.00980399801677827,0.00582520356800996,0.02461769231711921,0.022095738210503337
novela sentimental,7,0.015237303786420502,0.02544520519560719,0.008406520025837241,0.003912925890530278,0.04623115401918091,0.008552665147190493,0.02477741359715749,0.00326576585124493,0.0031254865207878436,0.05743833940567138,0.018002770406283248,0.016536435265866685,0.03367573762899813,0.01563169371977062,0.020744844704030697,0.006137341103959935,0.0010949846762056408,0.00882092043017067,0.0018117125512064017,0.007231671034896488,0.005986347554453936,0.011081843535486373,0.0036013010015531416,0.012124119821111277,0.0035100287382616793,0.0034999876027138853,0.022837611992302626,0.012335106392769456,0.005644363888810122,0.013181097782958258,0.007750242762602576,0.0019369437116501852,0.0207441197997653,0.0037548875580389663,0.001187478639595336,0.025204719529329234,0.015837310509397063,0.012866518733379571,0.01365239491968791,0.03211844276834416,0.01567695941781877,0.008132162555600486,0.01436994832014975,0.0021117576921226774,0.011183085902347836,0.10264112330681463,0.004143684326890701,0.006436888282628726,0.007003236506001809,0.02875917351059103,0.009337339043380032,0.010874699258711235,0.0030890245337276937,0.04714200205342648,0.0025448580941688373,0.003761595974048407,0.006825963250657555,0.007693987908280455,0.02047818205615314,0.0025696887114617763,0.00930558952608215,0.016199559677998108,0.007803823373385705,0.0008756469755185558,0.007876078683182743,0.0022623667770755146,0.006449926630275228,0.00821110356094888,0.024964557831196582,0.024359840967715575
novela sentimental,8,0.017616813162326352,0.028618560918686364,0.013911172337960362,0.0030241348347952593,0.05477823210927029,0.008010558643389691,0.020884253445983547,0.0021546967162414526,0.0006624341966657316,0.05928810560763972,0.011271804874636356,0.021416274585234596,0.030345773243512023,0.020937104330839562,0.012096531714979868,0.012328705666578482,0.0010305008071227809,0.012215377600226979,0.004854604025148187,0.006451485371710356,0.00536469293494907,0.008496130941604426,0.005299814051899717,0.0072455251511296575,0.002623415111106006,0.003344349229489529,0.032617967421505994,0.00960940372060162,0.008414974784057653,0.00854531210341371,0.004217966822120976,0.008643940922285293,0.0187080468920658,0.005760996297788275,0.0021773515323347007,0.02165502210026681,0.013011631909324412,0.004971461529688015,0.014056829870566825,0.016133820568472467,0.020086438915231864,0.004584189214916198,0.029525226946998797,0.002599320070243268,0.009780325514024487,0.08914684458612601,0.006427514862522383,0.007277159722474581,0.0051809688760229575,0.03958298441394807,0.01323749156080514,0.00815423127063756,0.0021300581679243274,0.049451524326265234,0.004495565894774208,0.004801010144975169,0.0030793790780022407,0.010360786886990015,0.025437093825749307,0.0025344109461796025,0.0059346056029422915,0.013844679740264994,0.0034472164877868304,0.0023268056381951317,0.0057011263305903614,0.00825545230214489,0.009927271968597983,0.002895740869802298,0.02052433880343087,0.024032888156994933
novela sentimental,9,0.01699151167194132,0.018124025814442297,0.02043700111093512,0.004522624393634007,0.04993330502694022,0.007998490972160956,0.026605300656544224,0.002351176790556295,0.0016852391257640563,0.07051186651999448,0.015428477520012515,0.018705037871193257,0.027827595220909263,0.021131079800411814,0.023098483669891357,0.009401600318130357,0.0008299662962879639,0.01646685518681832,0.003823965710786089,0.004241663031967525,0.007935518391033895,0.008412760380912838,0.0019868070692219864,0.016773369908570885,0.002504198369242275,0.004406811472616315,0.02471809892448444,0.00998551186575015,0.004386219344426338,0.006778199263727755,0.004054804896349835,0.00722621780845394,0.015358257547170165,0.0014561275574951323,0.0021709875764555453,0.01741401856505417,0.02122228866777532,0.016193452041874452,0.011253925272034851,0.021462785927949594,0.020970225635730696,0.003760013594025492,0.02441912089592417,0.0017890777576103551,0.0070884660054486145,0.09261589358103478,0.009343970711075298,0.008118789830826026,0.007635160554833976,0.03804008929019689,0.01243874467895024,0.00746195960381127,0.001121492746471843,0.03486094286842273,0.007365377252192644,0.003262431199587034,0.006800034236452637,0.004030967454613096,0.018023340723274814,0.0025221794882538855,0.004781484248512378,0.009795223969783164,0.003938052924358551,0.002030566635929149,0.0051356013180172575,0.00464244020072824,0.010685702545429783,0.0051032944420600634,0.026922475960823887,0.02646976651068191
novela sentimental,10,0.020465581652683904,0.017893649399886177,0.023278472981070008,0.0034532715000164392,0.0503893011432336,0.00382218123016562,0.02681526144741551,0.0011237195949163818,0.002699231437405111,0.0635387878217861,0.013270037393805176,0.024500379961104282,0.04397028039513644,0.015763196773013667,0.024054466234130954,0.006822056964688516,0.002517830697267387,0.013214715063501808,0.003271995456731827,0.004830527688914123,0.0042901512076207364,0.008289588086736896,0.004900822540946937,0.00721345543070672,0.0020083378698690724,0.0021511710961088708,0.0340562375841789,0.0074829796863168,0.00913754431385435,0.009718222872664104,0.007607827463485206,0.0046402049952480925,0.010182227767304604,0.00529275603353666,0.0024934548697795275,0.019269686316959158,0.020631941552879063,0.0052512513261719915,0.013231888108404817,0.027177244246233117,0.013462494433256802,0.004389512088916508,0.01643413292889789,0.0007765894952205437,0.011620168944524367,0.09425150466380396,0.013996432546042551,0.004940898101764054,0.004472278756871033,0.039426230665540324,0.008775254080135879,0.009691670054727422,0.0031781542422859676,0.03404937619352929,0.0043931851212479925,0.005328231345741469,0.0043216266324098,0.0088863281958624,0.01624143510688831,0.002241675876881534,0.005191371781679254,0.010229545288845768,0.0010359558990627835,0.0029180544617859066,0.005108294399553364,0.008899218434134297,0.008689659492118905,0.0019310032088438707,0.03171670346915769,0.02950802433027524
novela sentimental,11,0.01605241072233246,0.014697316668163785,0.012519282752909998,0.001234613871980457,0.04085710674734626,0.0060020239601358645,0.0222595200944551,0.0033695840829727265,0.004506682474243433,0.06996438200589937,0.020427962283182135,0.024737024724538006,0.03010429567818047,0.01828380429311803,0.01398722597027315,0.004758733775768358,0.0009417270121404492,0.019116373815600485,0.006799899071678195,0.005042840783630309,0.006314329468170222,0.004694997525568301,0.003329473982063724,0.009070788193742563,0.003716020067110961,0.002572862646166254,0.03120457037266218,0.01594537224881902,0.006669038753557429,0.01245237561542881,0.01326793969692367,0.008593484147167848,0.01546372151483259,0.006637990403308713,0.0035263783862306054,0.0168729683662966,0.01713364246743897,0.00461610394655027,0.010720757553388511,0.025722735793617755,0.014920361760605329,0.002895406682937004,0.020500466195145034,0.0034579567329056163,0.013002186195442378,0.09099834134548952,0.008834298235491606,0.004032492431956132,0.005109839649713282,0.03187326707285069,0.015009927670286242,0.009785112952596651,0.007280511040870822,0.047067650227357566,0.006103538734268712,0.001339989903606111,0.002204852656311697,0.008380353058741415,0.024143091376736363,0.0027465021008945363,0.006641297855380736,0.015738135417846372,0.0014165896443724603,0.0013521068247828853,0.003954611229546105,0.003330920868351964,0.011474792394388976,0.002905686622927585,0.029223045324824084,0.02747783324603264
novela sentimental,12,0.020825787848811457,0.012998203180502042,0.013560475358491312,0.00312586792614706,0.07114955436953131,0.0028957972688592195,0.022330487374309527,0.001760710501110757,0.0025528152671922028,0.06330485482369695,0.01910536789185207,0.01592630590359867,0.04675550455992989,0.01604728534388935,0.01886999900176366,0.005865867277441395,0.0013462998757779313,0.01109481373401891,0.004401750991145301,0.002612707537237554,0.011380523204380544,0.004504886351583182,0.00423410907449426,0.0074959213502072035,0.0048281341298937585,0.0018125366232862247,0.02605492931225602,0.011131053338997355,0.008885595973002189,0.0047678546350985885,0.004492026988243959,0.00804402037644592,0.012413514880379109,0.0032648934398171077,0.0026032497745197454,0.032067656142435154,0.01780802270268422,0.003180741111702782,0.010377045615118378,0.024733863105880997,0.018523048742542944,0.0031998828045820497,0.024975453623656607,0.0006394857931424236,0.019339065929102915,0.10506046358143686,0.004128033933615846,0.0031141840249350374,0.01044338546165209,0.02698849048260968,0.01099962319402655,0.005062260911689559,0.002369753084692647,0.03961903490154999,0.002052842446826262,0.006225282973687975,0.006096190423776355,0.010991320929816873,0.012708728587412335,0.0029821007811027655,0.005672135859790016,0.010712523243790217,0.002854077114027528,0.003023705436625081,0.007456942361350846,0.004789666946607534,0.01042275030751318,0.005265994153921557,0.031096359146463984,0.01969251858323623
novela sentimental,13,0.022416368965713376,0.011774417589682106,0.01934663084902633,0.002833058079404138,0.058137918031883014,0.003296657699075533,0.031102634038806736,0.0021137858975594564,0.0013206496195084967,0.05584916269463699,0.015352769564884681,0.019635224861430496,0.050766722852467104,0.02345720150359294,0.017191287253293084,0.004018268094088936,0.001020955217661193,0.011208701250127639,0.002283692376543523,0.005099328915976686,0.004874041900259847,0.0108041724894663,0.004131792267493444,0.015086389730943997,0.0037051806238314355,0.005607103467296929,0.03648760451038055,0.006917733050052592,0.003363811188421653,0.010249481763792317,0.005613460877292882,0.0039821512917135055,0.0136555884714539,0.002867985339216291,0.00337134935475068,0.019188826099051363,0.020871516980414104,0.00951287105473816,0.015480248680707045,0.031319029425347124,0.014252719389554386,0.003307446439776893,0.016630636623848855,0.0008658746313868787,0.0067582762250794695,0.09412654987401989,0.005973809391115223,0.008361290777885966,0.005756900116372311,0.032628444382828824,0.013308382559316555,0.007178472871270041,0.003014004471752626,0.03025305358975332,0.003040061843847114,0.0015380541282322537,0.0032527179654146705,0.00886703650557627,0.020532446061862192,0.005047534090102848,0.004016356728580001,0.006915343218556961,0.005921201792864011,0.00401696960787558,0.0033006283761713544,0.003583016334080424,0.009356682871621155,0.001470625817528711,0.025150869999103133,0.04316151499050213
novela sentimental,14,0.019680518128660236,0.011995492640027776,0.02971495648485978,0.005981471456868989,0.07591381813537758,0.0023092173463258618,0.02073564890783265,0.00077032229626855,0.000935626503388425,0.05568978710955107,0.015877381909442233,0.015535660895088925,0.06963871493273081,0.01701288080494436,0.020613535575645103,0.0040059560886319245,0.0007533837691620842,0.009089000292856848,0.0021800700247436126,0.0052256865468141315,0.004438757574889642,0.006709244828143279,0.005166192630062538,0.01515029919662224,0.002605408884117347,0.0031164126795159277,0.05656408645952507,0.008536723635226454,0.0023607961528237537,0.0096730420044403,0.004860816592809637,0.0026509356777848062,0.023154720060786532,0.003769853933867663,0.0019576298337048103,0.026481987180431703,0.013671865877035522,0.002446742939187166,0.003135519954948781,0.020087993339464934,0.01676040903280954,0.0027514344664301537,0.017727268898740597,0.0002405515695679286,0.012154899863681448,0.10220137292099792,0.006015024210938825,0.006791833047388783,0.0015168742690078354,0.025862920688003145,0.010439016461943859,0.009919310863404892,0.0007889175375539387,0.028298539774338067,0.003301878770907948,0.0027431371022279484,0.0037837800512986216,0.009197194731470393,0.01362380945826964,0.0014137431577063017,0.0024296262680447906,0.00669152075027219,0.0008781306512077042,0.006105876649562319,0.001179546921648653,0.0057744285419289425,0.009487721347344302,0.0007947185928879111,0.029314647753655262,0.032973033004172474
