setting,binID,0,1,2,3,4,5,6,7,8,9,10,11,12,13,14,15,16,17,18,19,20,21,22,23,24,25,26,27,28,29,30,31,32,33,34,35,36,37,38,39,40,41,42,43,44,45,46,47,48,49,50,51,52,53,54,55,56,57,58,59,60,61,62,63,64,65,66,67,68,69
other-mixed,0,0.030477205685250645,0.015204995487861181,0.00570886590583243,0.002163284895899209,0.02657659423568827,0.007930190505964779,0.008595042072520575,0.007215627709397085,0.00021695738765729707,0.038598438526832486,0.03168821871222134,0.0030117691809875254,0.041334659900038755,0.014332276297094677,0.013587954623075323,0.00496599917197629,0.004297625213384983,0.01143057938361529,0.0013448991732784431,0.03587828663733404,0.022764520179550246,0.002840876646893719,0.00993084163975287,0.005966592379225269,0.006056857759779228,0.007907825685689979,0.018548093693305578,0.014406059588288415,0.003024863551044535,0.008585229320423157,0.005212243229170342,0.006978405690026977,0.023711777664903677,0.0009802449021915258,0.0037445697908512028,0.012219229896363187,0.012572306065176205,0.0026682409390962293,0.04628014301923443,0.043029177973659585,0.01824921441793756,0.006707175717631774,0.03373435232087254,0.010402482925276485,0.014888371259038816,0.015408284454585077,0.004530759120946909,0.013650395469072507,0.021654983524865258,0.03871287748919173,0.03249365306823594,0.019994696218720086,0.003484684302887586,0.02868943577379198,0.0030520262655768914,0.019460429637864582,0.005815513468679618,0.006948328304905796,0.018276962657765725,0.005944371452433853,0.013034139564326799,0.008028611407520153,0.01288378611861518,0.0032400750453020206,0.016424090923513008,0.017576346771357724,0.0034981295692736686,0.002775727639825047,0.014567039284486405,0.005973151248886009
other-mixed,1,0.015586697083151572,0.010999130777922271,0.004106201593426207,0.0017001239805986526,0.029980738739830735,0.008513637243667183,0.007151649682573639,0.009124236896095752,0.0014221102605651357,0.039629826079158555,0.020499053553597244,0.005424260921154123,0.018837077457062673,0.012267052274828676,0.009963884092926334,0.005770911760530794,0.002040867306386609,0.01604241816383525,0.0017295311186195203,0.031154558080579414,0.04109434838851362,0.0025880103291205355,0.001198940082504329,0.005680253820345664,0.0024978467481206116,0.020566683190620286,0.01925728953746642,0.005429659539106426,0.00885874431680005,0.010679405980074705,0.008335045347046925,0.015946563521869895,0.012227080449691332,0.0,0.004360185823927395,0.011015162554111288,0.007647254951067255,0.005571377995453401,0.03421896811854242,0.015370152786582507,0.021179083537076586,0.011582033417419937,0.03659566704652166,0.024652723974370187,0.011320128193387782,0.022774874070613307,0.0029330019120154412,0.026811869515805307,0.009631847978493088,0.05099498814469303,0.005655446717766917,0.011787768771320555,0.003669542435282529,0.05177669166762765,0.002320865123018363,0.02874716507910412,0.010010108887414836,0.008819969363702627,0.023550046880867433,0.000998122589592478,0.007950301162657865,0.02475714090541238,0.028281940999438954,0.004700284794463947,0.025390668233838544,0.00403710209157209,0.006039064711011915,0.0021226759764988697,0.01765249576842901,0.010217681395875314
other-mixed,2,0.02057521727708141,0.01659067292166608,0.007623169101313431,0.003538960633597098,0.04409403218987904,0.008689699501807965,0.00470621653326045,0.010800235792149651,0.0029185266656564677,0.02774965204625355,0.022183141248549386,0.009011702806630176,0.01994072374471837,0.035698586746160166,0.022820666724365633,0.004466727772771664,0.002689876358912808,0.026425289739965878,0.0003768170512573704,0.0363806625555942,0.027068158237159006,0.004152841960961853,0.006093125163981756,0.009611129149619955,0.005450894541052386,0.016916827216883215,0.011364310945349287,0.012428647537288756,0.0009501677007352092,0.009421601282815007,0.020919727621653565,0.010028482837554614,0.007988108734231534,0.0019162322200605825,0.0046562344147195,0.010244582364541805,0.016478003200672095,0.008026783668332486,0.03547591816303121,0.020366204430408718,0.020205726069878725,0.008348234452335962,0.015250052917348631,0.010907076811296188,0.010527365002476289,0.024154688519886867,0.006498111242266688,0.033894012411928014,0.007179551947107191,0.05088142142206891,0.020738414807601614,0.0037413299469677514,0.0027948426301818785,0.018102106540706688,0.0025669306529840273,0.010920104752673175,0.012855078498567525,0.006503280525544249,0.02190949762841567,0.0013445734064192832,0.007770647916541668,0.007938391567505206,0.029126765768090344,0.0012348417283998404,0.040883179038511526,0.0005235587771134852,0.010593279677063711,0.00281994745186625,0.017227585915053432,0.006886825217879854
other-mixed,3,0.01907549125785666,0.009163117334305061,0.006954102579902396,0.0051355300913036635,0.059195968369293986,0.008846708141745215,0.001403873259575815,0.003555041667814786,0.002050053339147432,0.037009375835132065,0.0195987482806932,0.010942723341349608,0.014247559870498624,0.013207868520213282,0.019602543965381674,0.008092867716045287,0.0023642119233661272,0.015516066802476669,0.004571533862976256,0.012046234075042876,0.04395785372596663,0.005724679884881229,0.007739821347887293,0.0034067966229046264,0.002305134933029931,0.011574964699486028,0.020295481096006793,0.010798395446080442,0.0012437139963963372,0.03139267027918456,0.009027631409430055,0.005247636784904952,0.0036596488091167915,0.0014445724132340512,0.0019266501256778822,0.00983040826221696,0.013590822104402803,0.007916464423967248,0.038578464289593814,0.00974158707967524,0.01670935821818355,0.005095835723531191,0.041015323510860874,0.0167343880910096,0.0069752647394828934,0.03455483942210908,0.015305404348291151,0.018943538611621992,0.008521974595047556,0.04277396126924701,0.029101763533445624,0.005353035016434852,0.002904115419281352,0.03452636490546766,0.0024609741903204255,0.034304747123842246,0.0037086007943382994,0.0075926997099692055,0.01629762146071525,0.004514384865231255,0.004569580653819571,0.008693440442057637,0.0005442405056657559,0.0004855574460524778,0.06710739940762582,0.0028188325149448097,0.005727945815897005,0.0019311164841923126,0.020004909975371358,0.009313966594501533
other-mixed,4,0.011336234708673414,0.010426130079872588,0.01155383425139857,0.0029874549544406832,0.05037225906122172,0.0013364236160495302,0.0013660837147960294,0.0046702966972217074,0.0021827454819510032,0.052956952790951625,0.028085344303178765,0.009356608718641924,0.03469917489575928,0.008331454321713951,0.012028647176124506,0.007369593801012217,0.0012547861745445012,0.02523130542000109,0.0014048513015147697,0.007448632745535859,0.017985313949139926,0.0031988742052383536,0.0011164900608285067,0.013265247704958206,0.005327061538506274,0.0300674346994132,0.015723821807326333,0.024574749785347696,0.004368860901582289,0.009949532549902097,0.008238036981088956,0.00912995288100413,0.00735669081710468,0.00042838994240331483,0.0011487728434996156,0.0090432295265868,0.012896691648239483,0.012824977001772738,0.05331279701957103,0.02135853480745358,0.020620440288373128,0.002838936773850803,0.02882377823664321,0.011833268767595446,0.01562828147118634,0.03121780206133754,0.010206771514637057,0.01110977377244249,0.0016268773662101274,0.03875001305047839,0.010294717214141701,0.01344630456530264,0.0033245903618605134,0.030006140237188835,0.002738493645192789,0.03492580895952916,0.006848059059142339,0.0030603198292564323,0.014308809024980926,0.003116904339243289,0.00794740644928011,0.01545731960638244,0.00038417353402743455,0.0029967019621696305,0.06275288358768837,0.008842488435412361,0.005010363517346003,0.0011858439143936157,0.014461631921055812,0.02051323960537152
other-mixed,5,0.01867992981981546,0.011566884401686774,0.006403282119812201,0.012191548879458265,0.041087762395759814,0.00698399016797414,0.006260906873546485,0.012816215654050892,0.0028679245902648405,0.06522234712134507,0.018780366281033654,0.007214463760113197,0.020913664945749446,0.028741893148798464,0.01759845465948833,0.008609988078982628,0.005521328742696494,0.020937179922086626,0.0025246167573149438,0.008820505437764624,0.025795170657397917,0.007982736584861141,0.004374662045863325,0.010786843354395222,0.011624930269354163,0.007537935861228218,0.020761310704062088,0.009113787783763257,0.003114727519833371,0.011195732989015559,0.012783718022946866,0.005123217088745582,0.012890705854977962,0.0024990427598894716,0.004300860997827209,0.009765457355391484,0.01015676851292706,0.01343998376949339,0.034437990529138846,0.014052653423781659,0.016408761317564677,0.0008408243406368483,0.016968858309487675,0.026049401643395833,0.009642699766556904,0.01885448666278907,0.012319250087912173,0.016771264538752544,0.0017988986883968393,0.04512363501678281,0.024535141049536458,0.003985529310056943,0.008024894070862444,0.02548291620061509,0.005484064027108621,0.01662934829637785,0.005705547713288346,0.008724578453692735,0.03158778728692565,0.003688809023598711,0.007623081264411464,0.010601007602245,0.002531463019734002,0.00045103347308765536,0.060041966552464465,0.0023286721830445096,0.0009531019547023697,0.0033708522957150836,0.023289846616310634,0.013975389731462166
other-mixed,6,0.00898392070432207,0.023812288528596782,0.005691770123238187,0.0034003056149348346,0.043104937843373214,0.0023366861244384827,0.0065668974576647875,0.004171768932483141,0.0028128164548288375,0.05468286558962857,0.02029353832079898,0.009969374528512666,0.023041584929155853,0.012278908398928865,0.010027895866840943,0.009250173893283514,0.005045847445720793,0.009683107991855388,0.0011147086706222316,0.0045357239056843515,0.028045801865386074,0.004447845308016942,0.0093367523261335,0.009373658871328043,0.005629030213031656,0.017926930609637,0.04546220079566708,0.012849366103132294,0.003017323982842602,0.00576704116746637,0.004933417775139061,0.008819721670859555,0.010318125665976936,0.0021606486093334997,0.004926850281304362,0.009418166665331277,0.008763711808845668,0.006802101083396471,0.030952501805162843,0.023470899540516142,0.018086194299810072,0.006157626437974816,0.032169205022066945,0.027399805704998458,0.013458811938632756,0.04295643936485976,0.014531125799508122,0.021652791747370326,0.01259724528527079,0.02806151634376708,0.036925363351578575,0.006302251784576719,0.008632531135787278,0.021583487673518496,0.0023339835606672487,0.03411969462079801,0.00195455778104578,0.007108453900183393,0.020480412054553417,0.0018541277791361496,0.006887745058012388,0.011377260282832034,0.0013261558699460719,0.0021620742727776403,0.04782269547467422,0.007578051003534065,0.008518765381851043,0.0033770726821123072,0.012368230119461669,0.007569053544354066
other-mixed,7,0.00896058120791988,0.048151507610735826,0.00570869826313079,0.003951439941594445,0.05388648307165315,0.0004985655107793852,0.007327715780981059,0.01504730799797916,0.0047151878016320386,0.05348368313020844,0.013696983078592547,0.00842957338943173,0.04443959467207662,0.05102060961065964,0.01802482841585504,0.011148293163514223,0.0005554668565612788,0.0025518876717342985,0.00428889139505176,0.0048462004136064375,0.009089459090671052,0.0006180053445752755,0.001102499815473474,0.019595853973326437,0.002850966107302951,0.016665846117479437,0.013591057294138688,0.010031619607636684,0.011320130564091375,0.008122105395814613,0.007161041256382544,0.003372044347148712,0.018421380118960284,0.0027176619737230086,0.0024411550915355747,0.01093904136681621,0.005217105311750787,0.001276078693878598,0.02994476687138788,0.01132047410348856,0.014719769028126424,0.007283288262504907,0.022706139097718774,0.013318790100177958,0.011155822786708038,0.03842139008969808,0.01676737103240992,0.015448903468002541,0.002424274871153804,0.03040198265620548,0.00799890125559906,0.018157098790756276,0.007557202210342665,0.025943029156728397,0.0002697946186430536,0.024514657887999156,0.008188252143361198,0.006908983869160471,0.02416992340162999,0.0007810980445051266,0.0010607740956820333,0.016301909592647854,0.0005942449324757449,0.0022147805425227008,0.04809448168244034,0.003427904795654306,0.012596171441974549,0.008801295325446995,0.022133786480783277,0.021132324147268452
other-mixed,8,0.008165638047977847,0.016244674676083752,0.0053669123885485325,0.003905430410814354,0.07274710757974903,0.012506970064446638,0.005202590739742301,0.007265075047014211,0.000333801948797618,0.037824764621625775,0.015121765470328374,0.0046607089609839395,0.039997268469070174,0.04437036083479343,0.0065464111311372445,0.008189462442969609,0.007589918124292145,0.009164078127961559,0.0007365514681039917,0.0066371605431847875,0.013636039354186585,0.0026916294297754527,0.0042922493173375405,0.011809672399354492,0.013770489623940032,0.012725259658246061,0.022199147769638945,0.008767830236557132,0.012948615033350102,0.0033978217180230435,0.013358854936171491,0.008226938354012595,0.004742668504196169,0.00026390997465117086,0.004827670913254987,0.008324847614539813,0.007624881689604475,0.005515403232824086,0.02734336635630739,0.0298489235482316,0.012090498382096694,0.0036925652925537283,0.030587749558416588,0.019325203573944582,0.027621778229831955,0.023954520998175518,0.009777414209115726,0.02348549805321529,0.021639253585850046,0.045302145946718955,0.010685864370399378,0.007329161964349204,0.008670364284313626,0.013171577682687726,0.0010501744127305397,0.029881632583894122,0.0036953257904664234,0.007832687342342519,0.0231334576719171,0.006786766146989491,0.005529804532534637,0.017522883221770605,0.0032206666114515782,0.0034305900202909693,0.030228390297251478,0.004919299534343569,0.010131062967538728,0.010406779407453819,0.02316777717126858,0.012168880439076551
other-mixed,9,0.009726709399036028,0.011830552339888804,0.00743965767900939,0.0016575377190064296,0.046188132914195,0.011233757269370521,0.007665493192560966,0.004674661718500435,0.0018720977394925185,0.03750311607733289,0.019017171623424305,0.008127940317156034,0.043781970210596856,0.007900469228711246,0.04925757164894103,0.0072374563514684374,0.0032260739233011967,0.014939397387865355,0.0004700827712855632,0.004209622513193402,0.02115729526644462,0.009587701247148642,0.003140499648100069,0.015234669367900732,0.011233223628921159,0.014047493114925,0.016627067961912805,0.015253393925448474,0.01054464240058564,0.011728544692289285,0.007502205461969343,0.016044371436299575,0.005073118848175869,0.0014169370376861427,0.0037225431859281184,0.0111793407702987,0.012760049627990554,0.004931308082672983,0.012173484802385275,0.02983321789546195,0.011180289822309524,0.0029268353503759913,0.024059369500679467,0.018608940859560427,0.008791304533527382,0.045797103628610766,0.01282519224561995,0.01042676049610358,0.005746322716492959,0.03202151653922623,0.02816358579067604,0.015064811936259477,0.001250398345221269,0.02280974770637365,0.004753030791901141,0.021775099491547874,0.01500700462505934,0.0027323803700236723,0.016451997622125784,0.0031231269921852076,0.007892039044326726,0.018204936491274543,0.010036785036195452,0.002034264637625601,0.043313507574706346,0.003230326993348407,0.012632197990828358,0.003740075558729502,0.021443013992948973,0.021318698214442513
other-mixed,10,0.01279187552003345,0.017610641857482734,0.00562987633177078,0.004491469063207073,0.08403746806735882,0.009054136293001514,0.008138094108333473,0.015483832580173069,0.0,0.0515635801058032,0.008405109288924023,0.005880158599168821,0.034432087878806875,0.01974279236725631,0.00901460715650174,0.009494805177439869,0.009984962600829808,0.007125502082759293,0.004181256548041591,0.0033257470826772466,0.021340568815361508,0.0028774227429745067,0.002464676452803682,0.00891559281727211,0.005717047412331729,0.006084218236120368,0.02245880137368932,0.016072885236671067,0.007309248273767228,0.02128272604057242,0.008225980404449525,0.0024689685267892817,0.008660081444606057,0.001084864394401745,0.0035480182692358975,0.012873920878708577,0.012699475425652211,0.003819845796505943,0.028495118094599047,0.015069747670807973,0.006847831189787978,0.009627526282794027,0.029487507441613867,0.03206469217599077,0.005364789626308903,0.03389477434480846,0.022072473322128795,0.02213808022517629,0.004337485472961612,0.03410812588246941,0.016623878704742943,0.006580432610862175,0.004452751904918626,0.02428357857040441,0.003179745550184788,0.030477729078908566,0.0035470874147235363,0.001679409887496528,0.006407643513538621,0.002572207236293076,0.002679290672256562,0.011617658953954611,0.0,0.0013243611375828212,0.04008575042221662,0.015363619457113845,0.009510251378878561,0.004033555283498855,0.025364766127718746,0.03680362470954602
other-mixed,11,0.011078994889150161,0.006231023817103185,0.008171078817098127,0.034412797194031314,0.04445590892096766,0.00599016996535966,0.008026321169772617,0.01711591908697344,0.000842417697381933,0.043372804788541754,0.012595508483759755,0.013579646477698737,0.03130516315134467,0.005788548301403655,0.0102052739992162,0.008154993655543952,0.00119083131299203,0.016148808774102297,0.005212501875427753,0.005684586457601162,0.03706575980505885,0.0027625439648532213,0.0023279680178973352,0.016486373983678977,0.012521954356847696,0.013333874971753295,0.01699314334030386,0.020133871127286592,0.008823382435832194,0.009267040521680703,0.0022591285673177557,0.007316190967906671,0.006625255646022621,0.0017229254325133118,0.009073197340978051,0.012952615923114918,0.014935217676949945,0.006095888041037042,0.021717399338939593,0.028475747893531345,0.009516060916010092,0.006834512958025483,0.02761149592270767,0.01902399295592905,0.011392764704270648,0.04013962575293619,0.02987642952409205,0.0180716525974488,0.006402004773286657,0.030084544942517773,0.0175890026247973,0.0034301384103375215,0.009928405260870136,0.043021442256231265,0.001445413197141495,0.03451467979301594,0.0059807957402971,0.0012908404783496213,0.00771078081073484,0.0038016545834747093,0.003837723364571528,0.009142046719082687,0.0010643420591119296,0.002146556222004968,0.027031521805219866,0.009427657384795871,0.007268545660903339,0.005773228250391512,0.02026712380959296,0.0246600573953354
other-mixed,12,0.012413230911143299,0.007365256883150692,0.0036827535045052184,0.00264479128047721,0.07757106727584201,0.006204699551725887,0.0025568308778536187,0.01802033781478337,0.001200233302788268,0.04359630393679065,0.020745464030631936,0.006733715786962335,0.038616085561890695,0.013835136714389719,0.01190282192356393,0.010254744508918306,0.0046994807250389055,0.01544359663262244,0.006001438018767145,0.0066544317608155405,0.02717308462148538,0.009937032965510092,0.002327801897669697,0.017053132029455274,0.005119144341757267,0.006379125849024881,0.025665042234938734,0.012262257394489669,0.021265306514395312,0.005384027397295546,0.00871333044834446,0.0005550527859660862,0.0049462008126836985,0.0026905849232917835,0.005004813694259822,0.007199722579533277,0.005615544422060644,0.006446690591601744,0.021447979903137585,0.02480371046998662,0.011931080893635775,0.0015856324989049204,0.03737005988744365,0.018061531457944188,0.0126662101776629,0.04814005567845455,0.021825795064809524,0.012351297168875394,0.001337004994292761,0.026737211025506562,0.021037853430717523,0.013683983935371607,0.0054416720889608325,0.03183476946323054,0.0012613119881396127,0.024528309478766604,0.009576752596505301,0.002050039616009148,0.01536607852034957,0.00270618746007311,0.006348805970627313,0.012499341721824594,0.0013861280071165154,0.0027562961520216614,0.03998918433692787,0.011405798743297538,0.013770232485934142,0.000814023772978099,0.02364951590003335,0.015951988057944143
other-mixed,13,0.010595569165517361,0.013573217591291506,0.0032405721889707663,0.0060655877455485846,0.049188275151218035,0.010212792837124656,0.002314236573781192,0.02850547171550229,0.002713793009099997,0.04587047899232938,0.010770394842731287,0.007394734547966605,0.04183283557585683,0.021650286822311644,0.018079418514527216,0.0017916077363260986,0.004643356650156706,0.010725843901776793,0.001518127914414101,0.0019487412519893503,0.012629110372146953,0.007632128637303141,0.006550575427854422,0.01517999356771873,0.007733780436111215,0.011161751296962908,0.021116847679879654,0.02405196360375422,0.005871262697891212,0.011005270716242332,0.023904454910692853,0.011236042240565538,0.00719197640746576,0.0012163175932468713,0.0060282210944996835,0.009183615222717349,0.009853217660344155,0.003402068565573831,0.03023183991227907,0.022084387830484692,0.016760984573588576,0.009649747307296857,0.03649812906794278,0.020127354250928278,0.010565692183780749,0.04027728090093707,0.014684296320389827,0.017752389520095134,0.005252852081094868,0.03280396696254703,0.02005980598867054,0.010556345540269558,0.00473227768270693,0.020487688764362817,0.0024754799438627194,0.029190195323098758,0.007306261027924648,0.006765568484975003,0.015379105672075254,0.002262083861496388,0.0022819160980490742,0.007123828206431364,0.00019337783198298628,0.0031263592453603414,0.03970153379342493,0.0034120059111693987,0.014332237805556997,0.0018262801340603642,0.023062547150432877,0.020511693504393105
other-mixed,14,0.020538849028817825,0.012353645790994712,0.013417341919774936,0.0002589469477048623,0.056678255772132854,0.0007997393366152641,0.013763269660248403,0.01660153229604863,0.0013413195794382132,0.028314832561336156,0.009951452542806336,0.014265026846728293,0.0864877642511232,0.016144529082798637,0.03157508904353677,0.002209403256614656,0.0038449106636373608,0.012123822129428195,0.0,0.0033356970540285896,0.013965807610243155,0.00795405565685153,0.016076620097846057,0.016126353049866135,0.00023163815159582397,0.004315806910178739,0.041059013101777814,0.01819346445718037,0.0045755812538502095,0.0157037418401571,0.007563783392164607,0.0027495014025794647,0.01915876180264043,0.0018574604637600146,0.0024701375049525805,0.01831190617005779,0.009837610869972195,0.005485725035494992,0.009844930422818497,0.012384283065590092,0.010611126860819785,0.00583009243023161,0.040090548092244355,0.016026768663569786,0.014392261753247662,0.04144606805069178,0.011570271592237735,0.002710798270960518,0.007392109760061755,0.028742192265056983,0.0072242334945570455,0.011132140347857814,0.002033704386566552,0.013736634697197747,0.001647137850492625,0.025381154808830044,0.01292645022558745,0.004644711639204779,0.01947727404584319,0.003992412918339482,0.001873267847015686,0.006726210160691051,0.0,0.0007670253157207484,0.03887623086097727,0.0066637350643763815,0.009235407635016112,0.000786999878918507,0.01612029142878603,0.039024789736402415
rural,0,0.009597178619597595,0.019474035835079274,0.00842380754747901,0.012082720001570233,0.030787910860102626,0.0023708168404854083,0.015564588565135285,0.020985327178714954,0.005520702370529268,0.05042862035247379,0.020708108945075816,0.05597691316195984,0.020333631105959576,0.014807613388988977,0.010209643236680317,0.0050689853224641845,0.0028346169842920826,0.018457202399620714,0.01954934607909731,0.008507443758783265,0.028780779265933008,0.006781759815879352,0.003480485932757079,0.012936143935542028,0.008162560180186688,0.03141306150553514,0.014069874416740256,0.011963334312389542,0.001945764771523692,0.01056280332307832,0.005093833258879016,0.006450315246546087,0.005463183025449512,0.004954555808328932,0.012853908910820453,0.012002808859062353,0.011370919012797975,0.0037054122379675826,0.007432115048587321,0.01157308615537532,0.021949868342382425,0.011270594103019218,0.07272021874071291,0.005672890994918039,0.01644220100447011,0.0225181810393944,0.007939340667686996,0.01818487905898621,0.005144111353179582,0.019239591521003307,0.022643386264672927,0.010444912073648952,0.002276419214748614,0.04086089944729886,0.004549213762974894,0.018690027363349192,0.004784058529776159,0.017369664531220436,0.01025298447331515,0.004208694725124103,0.0022005577845698645,0.01029645130926561,0.0011215795895627766,0.00741262128702569,0.005809213849598089,0.004917897266155451,0.005188163346924605,0.013184690916969216,0.01877591355028868,0.012741271401305076
rural,1,0.013196611505604784,0.01674470340562887,0.010563910088418916,0.017992891412959604,0.02862860713628586,0.0033560370687888115,0.01808065675107098,0.011451331898756925,0.005828479595132566,0.05534758031274295,0.027564244934710765,0.05552955365463658,0.02807006231338191,0.011058938039115765,0.007207021257597846,0.009557912896720824,0.0018707752270004565,0.014710996610674895,0.013847150886722549,0.009782118957363516,0.03109719098200905,0.00675139335978536,0.004976851518329067,0.01928367902197371,0.006503163819224212,0.037500473420555715,0.021562292425529095,0.016225347490455073,0.0031459973213452484,0.01250855866006069,0.010241997309904138,0.006977705211801409,0.005096312256210345,0.004412765300090603,0.015424033492711924,0.014637134779888015,0.014276195078700956,0.007069220768929296,0.004537870234071916,0.016053144718838317,0.02157080730301526,0.0054691943471135845,0.026893544558838575,0.003784669576538903,0.013106738344793558,0.028402444899332017,0.008277183277383833,0.01533027969872983,0.006254782422397056,0.028893101510353313,0.01990336274381313,0.009645894611031205,0.002825689734167095,0.02872413936298807,0.004098040300150175,0.010261465796862884,0.006893156977279563,0.011010802189062698,0.009925361082635734,0.005427161246166632,0.008148541786645515,0.010623374855707355,0.001550681053046112,0.006291782436576172,0.008395247162069215,0.006415058282398679,0.004414634939334347,0.014789686237755222,0.020698680136497893,0.013381535966916297
rural,2,0.012345956726052779,0.01623075145133401,0.006988313239614166,0.010516300239070653,0.033597742575406805,0.003805052843775365,0.017214435346389927,0.011968902594854511,0.003663351896825432,0.05669844636406347,0.024202293157079884,0.06397939338434669,0.0293878959611149,0.013973998531221296,0.009067533644943237,0.006451212422500117,0.0023346600417103597,0.014459712150510675,0.015425272579863775,0.015187650113295075,0.0348938579458073,0.006546387221446176,0.008654695605268707,0.020720189232059063,0.0084829501256339,0.03131621058781923,0.020809809587087367,0.016317505955127026,0.005224973551523376,0.006412452968936468,0.005938770297194804,0.00598993280666951,0.005395832657609087,0.006236459802931472,0.012509474813152576,0.011825407102313092,0.01768707930333854,0.007108522854811982,0.010443376643692093,0.01923284013797394,0.016613208936568445,0.007520702970657282,0.034604127658049225,0.0020775008563925037,0.016896576119379766,0.027185159323276666,0.00507413765976905,0.008581061365791051,0.004951143352649251,0.0300992148077138,0.020929833947231073,0.009487448414195868,0.002894773777191832,0.024014830428061868,0.0035940115795227287,0.011040408266913814,0.0046427685933028776,0.010879928357775114,0.008284378957456127,0.0049852452757936936,0.005119620599179227,0.01520315990692395,0.0015389230043185824,0.0038104989969496516,0.005695986522099071,0.004706505052446139,0.004320051405692751,0.01494300565431987,0.02380350870681079,0.017051398064826355
rural,3,0.011706667133595135,0.016054217134875398,0.00955528246269323,0.010359631610126662,0.03490273549795934,0.0028410390073064055,0.021674157576522867,0.02596934345041903,0.0027953198541575265,0.059673148700970575,0.015856862703261913,0.05130204990331976,0.026866312797528893,0.014012392897082792,0.012772986810947249,0.007372344661334046,0.0009228143554544598,0.012296149453042016,0.012097712686598362,0.011687547386523653,0.03670437801001025,0.009281176929575181,0.010724035707568996,0.017707995226209496,0.007131307875436767,0.027431457729636267,0.023293077275147477,0.011365651022790368,0.004232655950373194,0.009586952886194534,0.004532342456777191,0.006178632803162498,0.006398551106927099,0.0024674469339879554,0.01902611126044459,0.014075070834021354,0.01328933990193527,0.006222551207203184,0.008108627393514957,0.016781750438507888,0.019833340793213354,0.007617528283602084,0.02621400847454483,0.005605899683168623,0.016057541136590314,0.03221270014293587,0.007414702943055689,0.014302250142486008,0.003569786239153529,0.028270623744555076,0.011733772802862431,0.008429664804825258,0.0025863949912600403,0.03258908301709197,0.0045039050445607205,0.01299129400337233,0.004628802657359643,0.018757922272061116,0.012540283714116982,0.008423073456677184,0.005882503951913238,0.01287413857249806,0.0026691415588588987,0.003353248789106697,0.0033145725186885374,0.0037723602358826114,0.0038700595265716577,0.013360117364426105,0.019195837245376216,0.018403272355646063
rural,4,0.011566509735882125,0.015223453445291479,0.010884152584778845,0.005569683289829844,0.04086305488282315,0.003390831571406055,0.021208424561987634,0.011715237699512203,0.0029806947750228145,0.05426000922939148,0.020674391091745865,0.061452700039024505,0.03405526928950539,0.013260887181466471,0.007510628327455261,0.006351452904751667,0.0024073813639310863,0.015066119483485529,0.011035486235642652,0.006564788139259527,0.0273211378095341,0.008115864900668837,0.007974211340011646,0.01755264491671835,0.007026928926774066,0.03699628631481459,0.021164988567176125,0.01149567726017741,0.002926847533455548,0.005985074920238241,0.0046972252239791176,0.010667502841113943,0.0041044575464608485,0.0044282086056243244,0.024541885866931797,0.01118396024030464,0.011136771009565867,0.004050581630622407,0.004592538751648211,0.019320059917905044,0.017164202849061977,0.00561721943096394,0.039016618646366186,0.0027492445897760805,0.01835907466997718,0.037634609871787905,0.006510360762868337,0.021217269921822136,0.005242368856680656,0.022620555616516273,0.01390160096395388,0.006491852388688409,0.0017718448623158085,0.030666278702311287,0.005671496112431082,0.0126988043832912,0.004788392007297338,0.015505317570216628,0.014709417415513515,0.002005900375467232,0.004386665663696572,0.012109999991498595,0.0011829793180778345,0.005596161103444818,0.0053651906878873935,0.006090793282474585,0.005199975349654553,0.01362800730663395,0.021216386833585597,0.01921796725030701
rural,5,0.010958871632691188,0.018403155553138508,0.011101364617021686,0.004710077063541938,0.03814793966715106,0.004052299281204741,0.019973116431341698,0.021239035643596516,0.004046485345453859,0.06196382198192222,0.017230468673854516,0.05866881398682053,0.02991496485890868,0.011450037765035816,0.012119451178021134,0.006440433262870737,0.0034145085968886107,0.014578057931830046,0.011709135703876503,0.003724914732605609,0.027331960468505907,0.005414794186073046,0.005481520936983314,0.022167217627470627,0.007925517622284267,0.03292566866823737,0.014110180836988092,0.013597659565893767,0.00553133121976714,0.00824090691819535,0.004617608445948181,0.005997664424306891,0.0036767371041390067,0.007999377872937564,0.022077812180133844,0.011707145142347051,0.009942299273702859,0.004783233797891441,0.007231743710105372,0.01611862957594296,0.01989264815560487,0.008982244196901613,0.036370290493254534,0.003797917109166054,0.0186737887119499,0.03407878012320822,0.007120544306820572,0.015591969465090658,0.0037641687576882984,0.025179313997812588,0.012887190679116697,0.009730503528094927,0.0026566233396402303,0.030517315693113767,0.016268775070462538,0.016566720257005247,0.0060489460999480485,0.0127562215523522,0.015791444005213696,0.0033728293219192165,0.0035055305066360766,0.011907187119866406,0.001301444200381277,0.0028660545022214587,0.0046346565448576035,0.0033317100162097704,0.00702335825490159,0.007742656899499734,0.020251173755754248,0.01693077646620753
rural,6,0.010301400076128639,0.018885920152008386,0.008478971648682696,0.012461951432707542,0.027755571578998033,0.003503744595911602,0.028573107019499458,0.059102757733416875,0.0036398125408185207,0.056994335839740985,0.01869335765209165,0.05070872653833592,0.02938030550356306,0.011384578686178102,0.008784117699070488,0.007178309050372416,0.0029567086142742497,0.011680796842032859,0.01436881849583329,0.006546971786070439,0.028401236872857272,0.009076816130933524,0.0061792031115579325,0.01688864090718521,0.008976381482902222,0.021432264454366717,0.019422573073777403,0.014358497415381985,0.005720360658294847,0.00863389136380961,0.004265460296964111,0.010737216275385987,0.004670859119484169,0.00422561118569951,0.018671664708159827,0.012491142348899678,0.006882876263314608,0.005452294598086682,0.008226036654761395,0.0103198279392633,0.01700971198117361,0.008579941195468942,0.03163684301343082,0.0019217068452146364,0.011173749147220505,0.033217828240460115,0.008518647745357159,0.02275564342586117,0.0035047451337742648,0.024567223143709637,0.01063471931859573,0.008620266889673016,0.0027873268606379066,0.03039926484230734,0.006324827874397524,0.01885767180924239,0.005554996613648185,0.013711442667677478,0.014908563486429587,0.005257856972865557,0.007816368295261104,0.010095895347535005,0.0012583255816697074,0.003544734440940744,0.005439723393550562,0.003975914852884424,0.002715779855823915,0.009460198089120669,0.02125514438092099,0.01854241395399943
rural,7,0.013622296422756348,0.014311286188994063,0.010191850272805805,0.012819028627039205,0.031651802021647205,0.002786625125292751,0.020280444948936053,0.06246081087061823,0.003017101824409839,0.058847155054583294,0.011510371897506186,0.05745144827357962,0.035952034569549374,0.00933160302559061,0.01490403300553488,0.00695695812748057,0.004015277229850947,0.010196353096560055,0.01342205741801558,0.005003976491564954,0.030288841886699336,0.00358111082310047,0.0065183874098839745,0.01832698342159053,0.007897757453862751,0.025653755940706905,0.02062121596900373,0.013338787009347111,0.002634864888291228,0.005478742579933312,0.005084402419385063,0.006372838269606671,0.004574749256020303,0.004379658192782591,0.02177332339950919,0.011089177386864806,0.012487911591012996,0.0042392826428605,0.008603295209563565,0.022578008838246136,0.01501799072847838,0.006538335376148911,0.032704006902048284,0.007467681528213405,0.02011501621520049,0.027452343624754755,0.004275196207198168,0.023220579775754892,0.002702980541371795,0.01879677792437702,0.012840027029310395,0.009388912911474383,0.004473998458818124,0.021913081160789438,0.002088150317960656,0.021819413050683387,0.005153999064035934,0.014121296412899132,0.009200383033075356,0.00737992700214148,0.004170691289202842,0.010511844520473287,0.0008044200256835859,0.005381030228170767,0.004214311121759808,0.001433900036693826,0.0054789026711955955,0.013183445742204668,0.019283061639691974,0.014972678970463654
rural,8,0.01194308250729504,0.020276387349218983,0.01032875789379173,0.006241937511193071,0.03550401894129405,0.003391354572246547,0.01822297789615921,0.054462705215351875,0.0048158251819428646,0.05438648135184368,0.014723382709154933,0.06074683860678137,0.02999885700789834,0.013264526211598756,0.014966855596529337,0.007060868521334022,0.006679317485743388,0.009767017507186745,0.01064418343851209,0.0044344909192586225,0.03749407626547305,0.009842578030385603,0.008130498718966006,0.019252516354200642,0.014535868499888067,0.026296578402919817,0.020655302466405304,0.015294906962350021,0.0026190892404312402,0.006062195167073367,0.003524586905923015,0.007435495720265961,0.005080327170637808,0.0050743690388618135,0.018592441729211914,0.014924295229976967,0.01144692887650675,0.0022418555058180876,0.006202443128382361,0.012439553683374746,0.011760846066093114,0.00720600801380259,0.03308664081277289,0.008998704315523211,0.011233142611944932,0.02781445580830937,0.009258667556432117,0.014472944761789936,0.003988323261584828,0.02255398684136775,0.010831947909629182,0.007178003810454895,0.0042127113240619145,0.029431739001711178,0.004285846422170792,0.029384591621627244,0.006392715033622866,0.011125266404287846,0.011328584235822527,0.0021202916666590837,0.003173705217014268,0.009282932160692143,0.0007175370830221676,0.006080657608031744,0.004254593053534676,0.004374866666243202,0.00678359054674158,0.006824573721081158,0.020285568711553216,0.012790378258752925
rural,9,0.011797944883423754,0.020280581982160328,0.010663938689302576,0.006879571264505748,0.03449002093647783,0.0038193463248069296,0.018106017321474464,0.04366912236935196,0.003625525950489094,0.0649672876958814,0.01575599473811882,0.06457882640284278,0.03541836001396972,0.008919641096409848,0.011744875998130585,0.008637149689660525,0.0013238955316207306,0.009419720680072716,0.010988556981291312,0.005375208014025028,0.028844530219801604,0.010395138539773544,0.006842298178875934,0.016044800356495824,0.008506357606114187,0.02938393394061397,0.019701614016499287,0.01310241896000376,0.004635604168520699,0.0055559290799389,0.0034301839942879504,0.008196270599376512,0.006479449866447732,0.003924204254136922,0.02746290669743333,0.012622970630847611,0.010828979090231864,0.003412300479647008,0.0067649777685726,0.018947369034690825,0.014563256445616837,0.0037222765215774493,0.04814460923157331,0.0011602704599490204,0.010784343057965298,0.023929827445834526,0.011269327249237293,0.016370908404639166,0.0041877770489136155,0.027323845730597256,0.015617355052822903,0.008022290841113675,0.002798422328793394,0.0249408342935488,0.0052540800978950015,0.011283996620579726,0.0045835685483592075,0.010627623822027095,0.011068203484721775,0.006461096037993988,0.006273826906132985,0.012288711358159194,0.0008607360993182519,0.003798621270966866,0.004655999081347488,0.0046486614651982715,0.0047845324265513405,0.006149864602165223,0.023257600202196246,0.015670326783447337
rural,10,0.007572781225393341,0.018566918506675915,0.013512932980782011,0.005496531184955977,0.03440191193205506,0.0026884536921889407,0.01827128791545043,0.06704844964148243,0.005590815156488594,0.059497055040140245,0.01353940827503043,0.06409903887153114,0.02830213145242281,0.010289648352200186,0.01269632175599278,0.00967988960397975,0.0007537530842246941,0.010445851223222755,0.019234351413050185,0.0032434623077579896,0.03224084893449772,0.007528324793885875,0.005284462290527952,0.019317619083558456,0.011836203074539158,0.019411227904460034,0.022725794062599555,0.01132395140335794,0.003885161784001586,0.009657452733526683,0.003294960558193939,0.005704437493758378,0.004995116311417182,0.006675941241347934,0.026087213692622277,0.01359501214754739,0.01030053406027436,0.002244937941386285,0.004217117004510718,0.016141418815927233,0.01360180968111232,0.0056440204242529145,0.040061310284162883,0.0028486249422803207,0.01239001914622272,0.03224007908003412,0.012867951522417107,0.014586873806512928,0.005662098179771284,0.027399261752518212,0.008698509321076933,0.00731886571695856,0.003594060464812808,0.019305956938436578,0.008144256623131374,0.014160765640901551,0.005357546421300311,0.011347066509557177,0.006255094486803283,0.005746656357136634,0.005925212366367381,0.00783701326763395,0.0021413127036944524,0.004447309859633148,0.004375495390658394,0.004979900370709215,0.005097250017528734,0.010721218470515114,0.01754500853405382,0.01847272011601492
rural,11,0.011004833770733495,0.014024248267558591,0.010299371524308085,0.008724475977639102,0.03915299028706584,0.003848271293506324,0.01850952639024393,0.06065058356946115,0.007094508985462956,0.062411810261442144,0.0129036571296224,0.05483777783033576,0.03676166049342027,0.018890336306654983,0.023474814326360286,0.008174153366948326,0.0023592027801404556,0.009269960150080537,0.013259370479157219,0.005084432904024724,0.026566534198498925,0.007117877908946615,0.0033870679165436657,0.013891421787181382,0.008263077009924248,0.01340546283554948,0.01591174674565946,0.014044313448674675,0.005309656524543887,0.005090170368661398,0.0037353447812790855,0.003381593425318217,0.004488279359333897,0.003060946685393092,0.031875982171214484,0.015110383896006298,0.016167536788692986,0.005360671466352343,0.00361598910825539,0.01949042720196275,0.014162008783311733,0.007109302619757826,0.04182028444322537,0.0024084188573702293,0.016939265343714958,0.028094228096805278,0.01463902549255484,0.019109881858128862,0.0034452568686937457,0.02561225106825569,0.010698885602692691,0.007689103623318601,0.00331432769054639,0.0199180768996253,0.00670118951071713,0.011548831320318349,0.00525923419750322,0.011244977055444177,0.009385724914362886,0.006222020086668981,0.003671122217422094,0.007173650053966858,0.0009713496145676467,0.0037543083262460398,0.005295142527695373,0.004917490849752108,0.004855228192635744,0.008505764522013303,0.021473988416828755,0.013859329146195707
rural,12,0.013833676447829082,0.012291858738780671,0.007301554813973805,0.013585842149802985,0.04216095030802064,0.0020654364298149895,0.01983086644387698,0.036146352125445216,0.009219458868688968,0.07001002661935889,0.009019340013006496,0.05804127196597473,0.042614832282296844,0.010543209165272857,0.016538309520200665,0.0045355345675693395,0.0045566792987125375,0.009804255869957057,0.01652878849998281,0.004326246201356493,0.02790566655287757,0.00602817460017785,0.006061048145190572,0.02221902629032753,0.010713295047912201,0.02733614209171888,0.017685963510327776,0.014506278778317668,0.004175589348253394,0.0062824532609758645,0.002340246559042734,0.0025478026468195797,0.005075956865454584,0.0036920880081869165,0.025665069236544883,0.01500466919877966,0.008060113236065621,0.003503036344585,0.014240210974308103,0.02371328407501389,0.013557703979942586,0.006760842083972052,0.040837924365366825,0.0017387693311752277,0.013354084396298399,0.029529281705563997,0.006950262076325054,0.01574292087890429,0.0029396764888660067,0.02473550654258515,0.012007773230492978,0.00863898118130231,0.003256480622431238,0.024343274524058527,0.004043801706636166,0.012356462663881244,0.0046104276179189186,0.008371904924020316,0.007310714047156033,0.006394424152991853,0.003867597255533077,0.009122077549079557,0.0006988861641079623,0.0026549460003085197,0.0034435025775301385,0.005339631890130316,0.005890864865964212,0.010236730870893903,0.022814676091052716,0.01853265139867392
rural,13,0.007186903960420591,0.0099176239365774,0.0104523606077199,0.01635726855141017,0.04086672895256391,0.0034246761097645787,0.02274769831609115,0.051608137883703456,0.004962971798547218,0.07106511401575576,0.012085736107002957,0.05817660465074431,0.03482554818455664,0.010779602446702024,0.011841986075929567,0.004759409373942812,0.0014974512722718835,0.009191684434906247,0.013285966722057377,0.00350995971728413,0.030172591334011158,0.008299719067031884,0.0020570376933177993,0.02406485354850385,0.007114215845785756,0.02774593824693474,0.022262593692336047,0.014578064910460358,0.0031575367520979415,0.012902447154337403,0.004758765770597175,0.0017499155807904883,0.006109389695848021,0.002440763475661125,0.024775572707625045,0.01456542189801887,0.011715548203155565,0.0036118301474723905,0.012871491637514259,0.019295619134327615,0.013271492318773741,0.005411230979493102,0.033973719261746894,0.004462089241279421,0.013184657146468323,0.031247487907861433,0.009943160373756716,0.018618777337794774,0.002928102642133415,0.02070913879558407,0.008880203625810906,0.006571845088164673,0.004249769181583635,0.01996115364040124,0.0026548168993864203,0.01592761422764978,0.003727426199584493,0.013535094975939344,0.005787029900579255,0.005788436736804689,0.0031457385836531023,0.007430162922421684,0.0011238084847737932,0.00724297771707353,0.002291109157640887,0.003486846218194456,0.005225358488236922,0.009674543523085615,0.02099481628454076,0.02545645887607547
rural,14,0.008762094828103105,0.019041480916891857,0.016903018715782477,0.01625921537607372,0.05099572296940841,0.0024958224523678138,0.018874154192932133,0.03840595815287702,0.003678194333986576,0.05982632651573398,0.011060569394430288,0.04453285237024328,0.04688403629653603,0.015033848109782125,0.021462884755563145,0.003868544106773392,0.001969287171483893,0.009649230034015233,0.009619016783337478,0.004066061531815121,0.027111292838175233,0.004897580963172357,0.005232845792114105,0.017241216915007452,0.006240975052662142,0.02362612964728595,0.03337897716160953,0.009696705662524016,0.0031473486032628554,0.007178083967549668,0.0039254014082953995,0.0035287335040713914,0.0035740379277917544,0.005900485714100751,0.01660347657009862,0.013256061704962775,0.01169329471619314,0.006908140802810975,0.0050658078312531525,0.01243533883403007,0.012612440663829282,0.010221275177888916,0.03880452697953214,0.0023873353859374525,0.020554161466716184,0.02581684116322144,0.010114958305066587,0.02002183183896005,0.004332837533840428,0.017995657853262192,0.01084739496641587,0.01013129926195651,0.0019037392231496804,0.027279028189799773,0.007121347169493915,0.013419353684114189,0.003636823907740479,0.0104775937843897,0.010837868740483043,0.006563288261441435,0.0030113778450204702,0.012362621298679946,0.0016451236200700785,0.005117417570155674,0.00317985768125874,0.0051392811591137524,0.006173456725951425,0.009323622283880667,0.013305355457331296,0.02589016853482977
urban,0,0.025727218395121515,0.01229403427828525,0.009914544518460053,0.0028226840385661804,0.030540721388319182,0.005904039723093552,0.005039043373068104,0.00410866664905199,0.010737091434941216,0.04674686304163632,0.019777700467409065,0.014116194956959588,0.02493653407367721,0.025562212799969477,0.01041230707668299,0.005184486812100833,0.004975346692405948,0.02369158682162259,0.0027096954942560855,0.014932773031638825,0.006602380297796367,0.009559613732908145,0.007143912762462173,0.008991903313610883,0.007480501068353001,0.003019234872246013,0.022369278656670977,0.021471994149760372,0.005578225572333573,0.015247481363696785,0.017504027863438507,0.00393104848266603,0.010896678152582811,0.004438559800199658,0.0012649320690828376,0.018537451260802938,0.017298118652765402,0.012057285273099922,0.008982906141187637,0.017329974732420855,0.033290269709487785,0.010652956008036837,0.016569475578669165,0.001293879984856518,0.015618311603223307,0.04413355135957976,0.016533640934968175,0.010265694823703866,0.005974916902984866,0.02678824105373699,0.030497981751069787,0.009504860037100717,0.009015197673313453,0.05849195646425224,0.007868914100436287,0.00879500574839818,0.008718031978541296,0.015651833867323935,0.01743460261312529,0.003839731994544039,0.01205366095302926,0.012750897117747052,0.0012791078105299344,0.00317058217676735,0.008770636712120418,0.020886397203843884,0.007916382072779294,0.002865789409760996,0.025106637597449747,0.015436513701240634
urban,1,0.023464255564141154,0.014558127000228443,0.012441660209459384,0.0038789905759508436,0.03243403405355645,0.0083617479816105,0.0055069984998304625,0.0023276858869907147,0.009593049959330064,0.05634212965828352,0.021861092034483165,0.011158338154150294,0.025848057273563114,0.026957317593022972,0.012460756552393487,0.0072679339137519785,0.007587519204034783,0.018060124568687864,0.003012193050627218,0.01218134750364577,0.006828190463917676,0.008833170229993918,0.0058731236288603675,0.008980768337004485,0.007056043340989123,0.003692519552878748,0.01950994724546715,0.020872526298098503,0.004112062624310067,0.015151146348143596,0.009789074385046885,0.007517292312009769,0.013040574203065671,0.0046193199036474375,0.0011642857300516714,0.022399844760324597,0.02159859839084505,0.012198721153566242,0.008273226346387174,0.01898794743360588,0.025458163815346543,0.013143226352481847,0.015953349103940504,0.0008544107185852483,0.007924698117654146,0.057876994281040844,0.015572221576539898,0.015397970388631532,0.0048278006196644865,0.022607529420746102,0.019200642353609552,0.007655524999231867,0.006270417160177442,0.055084124509249995,0.011327789912169652,0.006453673295924993,0.008847419044653995,0.014542287350999977,0.014843860241881213,0.002477456370035493,0.015043826667108792,0.010451343801072228,0.005014744619811476,0.002957849725801688,0.008866770825062036,0.018185563453881563,0.0064019165439294715,0.002531431091228849,0.030106865637277977,0.018539685980864775
urban,2,0.02204600611615805,0.009413675267620717,0.014624615808031951,0.004396739422669936,0.03506811060566767,0.004676262513649592,0.00300744875036864,0.003568734631524355,0.008705903863680711,0.056553322843343974,0.020830016121741707,0.015231108014981431,0.028718000185191158,0.022879763053620845,0.012649089359954388,0.007745025468280523,0.005349404408825623,0.01998239193535606,0.00250355214140007,0.013477870001260807,0.00828836803869439,0.010391549415366472,0.006078573530477278,0.010939141033850939,0.005993661346636875,0.0029914555233437846,0.020330983633789518,0.01770724529996001,0.006704158639864229,0.012344636717147061,0.011668096152693992,0.004704806442014268,0.01088516917393068,0.0047665527960129616,0.0018607209998756028,0.019775696378722733,0.023875450269907506,0.009444081623886198,0.006493147519049833,0.021976147405073698,0.02251026002578364,0.015713774352171278,0.015144032895484615,0.0013844136760505575,0.008038895265733589,0.054222297091366084,0.017178705560028915,0.01549960919783301,0.006915320538295728,0.02855414455710127,0.018481584710059226,0.00801534451511436,0.007248711136561316,0.04773962823946329,0.009258324506339703,0.007430862270197372,0.009624349886591964,0.013193026519864677,0.01794652243033235,0.003350842232510648,0.01263359339299319,0.011834299493257382,0.0032465284651809565,0.004343903580882765,0.010902711197877788,0.01877657864483354,0.007891343663927476,0.0017990177653500678,0.03324452055121037,0.019123065447691226
urban,3,0.02180437442633665,0.012417613313590597,0.017066183788785664,0.003554322270757189,0.03862269342853816,0.008495467264080014,0.0054064027559495575,0.003633991730827977,0.008361647944518298,0.057211230146292785,0.02109917523517416,0.013311491684153683,0.03349980493847069,0.01980461260834058,0.013348916157971222,0.005617510297838236,0.0062793017865454765,0.013906667196756036,0.001832211295011379,0.009136617205714032,0.00893221016570348,0.014470063072876814,0.004699541148755748,0.010083888592713227,0.004518006483521788,0.005914597631819223,0.022258501454430264,0.01782942502863625,0.007638252766636065,0.013989571641720022,0.010476279928271718,0.0062003393184992765,0.012702096170742182,0.004185580389505671,0.0015112454024302621,0.023193440378363506,0.024024088528604735,0.009260123937967504,0.007298633280299973,0.020767285065429162,0.023841233163234592,0.011758667344855991,0.014136867689241864,0.001134764475338405,0.008114050016837383,0.06081733043869184,0.0180056783914266,0.012621589608199644,0.006699376342223026,0.031059161557996744,0.015636600419185433,0.006711389746145978,0.007530924886802702,0.03974189895041989,0.007981693878623882,0.00490867283299217,0.010952250504936879,0.011338852552960334,0.018521939659260436,0.004537872703521205,0.011837620683620964,0.00983414154258882,0.005237010347118193,0.004623865535726299,0.011036820651851744,0.02042121629354088,0.006556850644914264,0.003398139094860745,0.0263730739225265,0.019783364485418373
urban,4,0.021440805382268016,0.01097318943606827,0.017723839576557262,0.0036713551543602887,0.03928313754895781,0.009634066021461822,0.004845271940552683,0.0030088365277136,0.008693471926974464,0.055828984651183265,0.01893959306712844,0.014946527011643833,0.033555351825301054,0.022228189250115143,0.012481107662793036,0.005543303474628696,0.006281947009621746,0.017412951297054054,0.0047977574844105956,0.008779700885349432,0.008948997604072417,0.011489522272226875,0.005402889804032954,0.008995952189950555,0.005347963298586158,0.004519040540522641,0.02576038756800872,0.017111470034556004,0.0031336199937628704,0.014126036703142716,0.009717689364524756,0.005686173440815578,0.010377789697051198,0.00530530077365626,0.001804481229455982,0.022138766498608343,0.021770914625869223,0.008175834176381448,0.01542842931402357,0.02188227386700562,0.023349770158600798,0.013645737731547725,0.01681073765073397,0.001473604010944744,0.007973251817463875,0.059923244982267955,0.015016650855175574,0.011846935996041917,0.0050349355718207894,0.027679311842092824,0.020137021232648353,0.005495134354391293,0.007531171567562527,0.04216326751594235,0.009220881326360153,0.007693475734366901,0.008633244196675107,0.01127014987923333,0.017508881063611006,0.004702529395196804,0.012854028722407316,0.010837916219401219,0.004661042431774551,0.0019604112966241528,0.00857068391154204,0.016173240405981514,0.008863416068451428,0.0035595792491468076,0.024540548665440826,0.02348376147597563
urban,5,0.01590530269708179,0.01274140648490183,0.018157830070399235,0.002731218671844947,0.04351141690092381,0.007165284170094186,0.0027806136053109324,0.0033253700115668224,0.010285717804791572,0.057310737471116854,0.02221137781163722,0.015132378015050777,0.03374455596155866,0.0236275980496207,0.013627967341894644,0.006567215892156875,0.003712231517533277,0.01721495850783077,0.0030746696351885627,0.009212399689754548,0.008392995205634513,0.014522077758932933,0.004494603116172449,0.009495051569016252,0.004264078668251968,0.004293511626899419,0.025173614079920255,0.015493049483018499,0.007879062439846813,0.009364063010864775,0.005839232430611224,0.004652998043339639,0.011062184832747372,0.005796811059473992,0.0012488949577221019,0.024532548165491025,0.02196819148966808,0.011220156917752367,0.004371789052614735,0.02258796051612248,0.02212565448504738,0.011572647131872893,0.014967167145268216,0.0006941868216470159,0.012232118744996662,0.06775853659635542,0.015344372343067543,0.0080532974821439,0.004619188881667964,0.03193037791615529,0.018676205725044283,0.007373275582264571,0.006572200843356799,0.04466262399363597,0.0054901490879416025,0.008643474389478769,0.009893276214342217,0.0097103369024593,0.01567318259076978,0.0027405769607691545,0.010763857029590046,0.010750078917976105,0.0036989393974302008,0.002916563993823122,0.008922317785861531,0.018968976845070682,0.00916242883775867,0.006470819025632851,0.02557517307630555,0.024396856552653164
urban,6,0.016228812377250396,0.00896950307906144,0.018109981880624768,0.004760270766701894,0.038798254162107026,0.007858249439286489,0.003958242676435476,0.0028197194833607816,0.007592287642579107,0.06565876439562836,0.019592432241835572,0.016196657542337088,0.0299098730814064,0.021262504845893117,0.010192802602682502,0.005970837963999884,0.006203113542630569,0.01394939918052151,0.0032731924886449473,0.008432261134648029,0.007396979585262117,0.013227754613550198,0.005882024790014334,0.010889626087763478,0.0057111607259982275,0.0032016228071476416,0.025152388004705668,0.015872469159239365,0.0045593138659805,0.010638441060714918,0.005758227425886667,0.0049847723158237996,0.010224450641142663,0.010780295633292804,0.0027407429660838384,0.020858141575356873,0.020765582363002483,0.0114611989377987,0.009061240115172784,0.020892390786181724,0.01943828119494787,0.01237064803787823,0.016331476240190303,0.0008268720688274398,0.01333796408238648,0.06732261666244736,0.016498892489251845,0.010993856321446692,0.003592379793360163,0.03106594813017939,0.018546942050489786,0.005349953866586928,0.006844714634700879,0.03579531768703152,0.008214837130055797,0.007834442226266915,0.01102830556236636,0.012806342753137148,0.013815533898342334,0.0053549470634496246,0.01354753822828237,0.013123973661136979,0.005124958191403249,0.0018153525484115645,0.010757693668388944,0.022258443711383216,0.007859681503340566,0.0054049910691055,0.029132131624740078,0.022758508207048934
urban,7,0.01935392650072326,0.013242979238902655,0.017072985229513296,0.004965337860459642,0.0389803891328777,0.008416260604787739,0.0036788154973489023,0.0027784163940649627,0.007708937128758472,0.06543968203573208,0.015496727774598162,0.014664356581704575,0.023686335681370924,0.023822885329362647,0.012696976984742495,0.010196987156302554,0.004624939487776821,0.014237846455862792,0.0030092957111523214,0.005870960299045389,0.007437211774201721,0.013201561665088892,0.0042821544602655495,0.01547162604982612,0.005241107861344421,0.0037401722048821012,0.024158548035515145,0.015468866767069855,0.00610687682987637,0.013465347919015205,0.007580702359698318,0.0059246760724958655,0.012906953970267185,0.0053682417202244705,0.002058530896380599,0.024318585889880454,0.017778100815087402,0.016445389237592666,0.00967543510814761,0.021479994234858954,0.016911270348485333,0.014869714066524087,0.014842338623103909,0.0007102117144938806,0.010098907311014187,0.07289776388196695,0.013209738446402818,0.009194331894296066,0.005268064269411787,0.031054636703555693,0.014435372404852558,0.006498375963060248,0.003613776196355936,0.03762320998433533,0.00819907691429253,0.008651181833643579,0.008043378485095199,0.012059358110334168,0.01608360395406146,0.0034496844049587924,0.022303114847505415,0.013291997951978078,0.005993827218329925,0.0016223976634966916,0.00967279846851082,0.01414956432578518,0.00608839489928531,0.003821750961097562,0.02945977245292669,0.02278709701797739
urban,8,0.015672566007721288,0.015635197526453044,0.02007874434221816,0.004181404308344836,0.04240156343947034,0.010241228238297989,0.004307452803322844,0.0029267887092187133,0.0078049167271364815,0.060669377390540846,0.016459064338903394,0.013228519679198303,0.028746427200680953,0.024612008295495466,0.014576009957620439,0.010942455536938974,0.005783735133960967,0.013643753094204283,0.003659018284325216,0.0077007666825685845,0.006855443596404097,0.013385170580103118,0.005238673614308406,0.009750152293695311,0.005064447391807173,0.0034138307976039877,0.023862076774157925,0.01840921748149602,0.004224481315819772,0.012978503259760618,0.00632006129824041,0.0061319485622927305,0.010052972078512048,0.003196853589151671,0.0015959990810854867,0.025515161158756374,0.017502873927036377,0.01108423532645154,0.010946635627022496,0.01592790773952393,0.020156115055390694,0.010246954989104967,0.02364631455938189,0.0013221065464279421,0.01084680231782372,0.06532006555948541,0.011319895721582401,0.010388449974732575,0.0058049039303035965,0.03351114114553262,0.013746508284158568,0.00520601534472406,0.006083867038617971,0.040276526537305055,0.006608587217424774,0.011873899120153578,0.008883111955181554,0.01033543243860523,0.0170400700132804,0.0037271638671607277,0.013750087303296944,0.012820468505752095,0.004659710739661205,0.0012840299446937983,0.01184314449247561,0.01890281005951508,0.008313927577053695,0.0032215659667567064,0.026409299710150016,0.026891845687306043
urban,9,0.01943242888767201,0.012588546021109558,0.01848826556101433,0.005404932593429975,0.03904146149086067,0.012885986745434255,0.005131605604636478,0.00592291812581786,0.006810669067493581,0.07125646308483945,0.0163739130718885,0.016272692530210485,0.03409259592059108,0.019892268947700437,0.01931188194135233,0.0121464929106956,0.004076857865325114,0.015186236319137634,0.0038948238125042,0.006824443092755685,0.009069033926000725,0.011321035731842169,0.006419252512736133,0.01403229032556807,0.003869101683600244,0.0034195647593530326,0.025698756704911462,0.015508045589472145,0.006172701717996824,0.010466711620194679,0.006254718530345974,0.005110162851279827,0.010990672063373749,0.0055073603091077275,0.0018071674684558186,0.022025073798228427,0.017825867274237336,0.013795646778475052,0.006935814852663919,0.018620278667428034,0.017513929377616054,0.013506927577208299,0.016108784259405862,0.0009639293652911006,0.011948571303408527,0.0650811076833585,0.015104815029784486,0.011794323506313029,0.005396296347999959,0.03133576964931306,0.014260648204396277,0.00465333281020459,0.004215154335362467,0.03302300971541896,0.00928639322672994,0.010017206465114732,0.007234258965594833,0.008607329901218654,0.013216564658447958,0.0032747519266799843,0.013248777946037477,0.009143785619383832,0.004379608496566242,0.0023855279531783506,0.013005290402162613,0.016052776324385,0.007772295278239541,0.004044191722250082,0.025864858750116102,0.026241808330113064
urban,10,0.019665793553586535,0.011399019056378929,0.02312144366819133,0.005930317660376704,0.03712420169175642,0.008051261799752627,0.0031727522541129417,0.0023516921691390425,0.006404102207906356,0.07049734018514484,0.017983044922261295,0.015935476669005234,0.03728168121179762,0.021000053321380104,0.017215558863785594,0.008665419539712144,0.0076252437155279835,0.016776273887226127,0.002565411298289441,0.003808439934205609,0.00626254299294937,0.009352836291398397,0.007274633182184152,0.014250293598681438,0.003906986144797574,0.0035158831615349924,0.02027790674098871,0.014637283821484099,0.010824976115800501,0.009322708503744314,0.009329548466960973,0.005574048555371129,0.010616062087806022,0.004900341526873637,0.0019778417847607062,0.020589363189755683,0.017622845787799248,0.008115473588180508,0.005702863953627621,0.025053961723906365,0.01787246285830136,0.013137011900798365,0.018829666146134787,0.0011197439299716811,0.017950674707153377,0.06736657432552853,0.016612891869471277,0.011877184885169284,0.004313289738335365,0.028055705200396196,0.016551099860811398,0.005834775522663622,0.00401173202741993,0.028044979018863974,0.005519854239115188,0.011834437919980597,0.01063886599231531,0.015001160699767604,0.011193724242182275,0.002577240423504702,0.00918203878718764,0.012084093203072684,0.0034016947717336807,0.002535957918300461,0.012373712285914726,0.016551301812879105,0.008990906942259284,0.0025201301840533327,0.030378509698031922,0.02635814053599794
urban,11,0.01636565762216399,0.01265101538287839,0.01892460961519762,0.006852780666382961,0.04236509570182001,0.006777278442412091,0.004007868125733613,0.0026064076418624038,0.008059706428523324,0.06821609290716199,0.01648117192215011,0.013262187840041727,0.03783858254599146,0.025029458852791217,0.021259905028432814,0.011130483358964226,0.004671216728715338,0.017096609990071197,0.00252220919273458,0.005742703902346867,0.007502842886773821,0.011670531520624023,0.00548027816672333,0.011205005466704413,0.0050301067167317455,0.0030253209728957797,0.02602380469198289,0.014387646369221548,0.007233343862968595,0.009635419110599763,0.008957379923436468,0.005541841332006212,0.014151925252235579,0.00541392540872666,0.0020936712368008255,0.025073881536106065,0.018465377947549,0.008233777965797148,0.006233551913303276,0.023964682012780993,0.016131656402976268,0.00780872988057345,0.015822870678513366,0.0005484951443738563,0.012877780884030797,0.07077029278019532,0.012787674877824983,0.008180785312064823,0.0046269636887205584,0.030124699414317672,0.013743530142997337,0.006613729074507536,0.005002439264940794,0.030384942930382176,0.007922440200109135,0.007250746103866723,0.012544474146163323,0.00970045636178611,0.014863067125368525,0.003360882343972388,0.009292226782588456,0.011234151668290228,0.005064213695158666,0.002289350987562656,0.010803197967770607,0.0169209169312946,0.009142625957757552,0.00245394282105148,0.02883559177653817,0.03008776550736568
urban,12,0.016824087736644282,0.013190921767884696,0.018917625602985513,0.010147944216056333,0.04224596195278778,0.006440468476412359,0.00421179926201336,0.003481747228246616,0.008026920000517612,0.060525966323368964,0.01715246905818554,0.01403082433896942,0.043582064605206146,0.017213579620972197,0.019162256353796786,0.006898991351917517,0.005832277646713265,0.013207542801541725,0.004006602823840856,0.005154094970758134,0.006843222948475033,0.01401105043350393,0.007173830563986502,0.01204734794710976,0.004071497877731118,0.0029691563596203237,0.022760341396180727,0.01889545935614667,0.006072805866545122,0.00588070160545986,0.005670551575389904,0.006305778352782035,0.012911869774364211,0.0035941090112174973,0.002248505832000882,0.02629611417685844,0.019348484332351135,0.009831699797794103,0.0075943141571826155,0.022251116284656747,0.016658324788418787,0.011297067240739268,0.019480873598873294,0.000811241807596857,0.013292781013949711,0.07050321172419627,0.011598573057208298,0.008917727908474999,0.0075787911160281485,0.03093619443678643,0.01309609951283476,0.006580197282950048,0.005510611772217373,0.027437434134066723,0.009782652960123622,0.012628319418523208,0.009223288310743469,0.013606173128927413,0.009541620220626266,0.0031515973834354317,0.00874135404367373,0.009541579910053659,0.005064771857065684,0.0021785194038812677,0.009529064520777468,0.023479816974752148,0.009061745734042174,0.004005701106278024,0.03246089877084079,0.025812336690255736
urban,13,0.015656481224553417,0.012230004227185981,0.01863565307885424,0.009741445319326088,0.044379664747861876,0.0070330446178026315,0.005475056655274759,0.003389720719146299,0.0074480281569443045,0.06603346700893552,0.01321450329777396,0.014241978800275291,0.046250645042651084,0.020444213463815416,0.017500083188891066,0.007063458177229199,0.005328189661827749,0.010378788296317219,0.0025162919555054863,0.005094871113285594,0.007884255923011788,0.01483686401190098,0.008466983720924994,0.017832365016059712,0.004074754274198421,0.00400884057632552,0.028522379285357995,0.019497310711994297,0.005877924532410908,0.007213511010732933,0.0032408698573803386,0.004567840051619855,0.015286541954107648,0.003391453517777955,0.002170767075341929,0.026084168446860526,0.020225864342967324,0.007170640995494456,0.007566094940636038,0.025495178945191065,0.016072762208047712,0.0067389649818463595,0.020256220300746586,0.0016643370183485973,0.011301414133836172,0.07317918502300122,0.012826112548855054,0.008206813209019713,0.004516453083765776,0.026410603059119627,0.015793401941329215,0.0034254277605407484,0.0036216652185556515,0.0258479797686148,0.005119402669676189,0.01076357697873255,0.005503100661665983,0.012539565377095021,0.013442319161353312,0.005308069762381141,0.010247794205127071,0.009521517805893252,0.004383795825459659,0.006026526267960159,0.010601527516036343,0.023706786595284107,0.006916554192690319,0.0020247994560312573,0.02467843037061163,0.032032714285632556
urban,14,0.011681833297381936,0.009556409491160245,0.02354115028416071,0.006389147854830066,0.04828976816927185,0.006300860389093875,0.004753201204265125,0.0027423310754055024,0.007211038362063136,0.061609402222502524,0.014669688034531043,0.014355588592138997,0.059462635916118355,0.021641429542102915,0.022998015194554425,0.004742466385243722,0.0054233686071327334,0.013224585049566877,0.0020061589862344726,0.005145347372147646,0.005871217205976974,0.008704015326682421,0.00553112785297052,0.024702532497151757,0.003746635213590209,0.00403733194352789,0.030713579079417318,0.01976300814101386,0.004920345553829777,0.010226365239171864,0.0036380034094485904,0.0040219352541363655,0.014011811051173714,0.0037811706396263405,0.001819491485859957,0.02567556815759027,0.01717870828039069,0.004442548479614175,0.012219478457773018,0.021082137817111064,0.013862508477930848,0.009810934392327912,0.023883105387775085,0.0006653434244094207,0.014912514037502565,0.06604245118155255,0.008159578405789873,0.00902046620996141,0.0063962782473736615,0.022377349129520004,0.01675429515435637,0.0055655932924801475,0.004490625721036551,0.022396116968406595,0.0037079307371180445,0.010003825043522974,0.005776985877435291,0.010704977247000678,0.010540977595099974,0.004757188518211658,0.004524593252063362,0.007497401934350021,0.0022016375964490392,0.004488642310561115,0.011723143393490332,0.024349427064676427,0.006779480301723467,0.002814991119415185,0.02998299247870802,0.03857011808160923
