tc_author-short,0,1,2,3,4,5,6,7,8,9,10,11,12,13,14,15,16,17,18,19,20,21,22,23,24,25,26,27,28,29,30,31,32,33,34,35,36,37,38,39,40,41,42,43,44,45,46,47,48,49,50,51,52,53,54,55,56,57,58,59
ABEILLE,0.0119686575,0.000118054,0.0002613505,0.0048134634,0.0362356238,0.0120222966,0.0348882857,0.0025308418,0.0007787321,7.69E-05,7.16E-05,8.14E-05,0.0008746009,0.0019678452,0.0019789081,0.0002635087,0.0013319081,0.0162609687,0.0143377189,0.0035007872,0.0020766161,0.0556370228,0.0019274411,6.78E-05,0.0181376326,0.0087681669,0.000828464,0.0055862576,0.0008109742,0.0006256184,6.20E-05,0.0067149975,0.0615260633,0.0293458032,4.18E-05,0.0003262773,0.00592828,0.0175586673,0.0209105807,0.2461152233,0.0017478907,0.0001054429,0.0002388284,0.0104538899,0.0086099144,0.0392741431,7.34E-05,0.0126522138,4.83E-05,7.94E-05,3.02E-05,0.0218281901,0.0003181474,0.0056908938,0.0892884731,0.0013949676,0.0108426388,0.0038120662,0.1661097375,4.21E-05
ALLAINVAL,0.0030380114,0.0440480725,0.0003123289,0.0042143845,0.0016388297,0.0068025364,0.0163563778,0.0019808638,0.0099521498,0.0001023011,0.0005915203,0.0001083121,0.0015431899,0.0007456151,0.0735219559,0.0022609882,0.2922383454,0.0025867643,0.0032859805,0.0008547972,0.0011939721,0.0124283504,0.2770204603,0.001274035,0.0073339338,0.0001127124,0.0127731163,0.0006331862,0.0018913634,0.0002617931,0.0011460562,0.003609444,0.003760389,0.0040739086,5.55E-05,0.0038488769,0.0440382752,0.0128347975,0.0027564373,0.0058201053,0.0007785921,0.0319373613,2.52E-05,0.0023274058,0.0138043348,0.0123061746,9.77E-05,0.0005523465,0.0099232329,0.0155906541,0.0003068654,0.0105058311,0.0147692151,0.0039360692,0.0084618286,8.70E-05,0.0011558012,0.0014306631,0.0083726552,0.0005810558
AURE,0.0283592412,0.0031705225,0.003761174,0.0411597654,0.015073463,0.0145485798,0.0048874668,0.0248690372,0.0085203023,0.0038741696,0.0002345282,0.0241324726,0.0045959399,0.0040679015,0.0105608385,0.0007415163,0.0060432759,0.003405559,0.0584453392,0.0140902271,0.0002344365,0.0253560308,0.0059786755,0.0003182255,0.0130770132,0.0053854217,0.0060252353,0.035003726,0.0027193802,0.005116757,0.0002949304,0.0320040491,0.007779968,0.0137993792,0.0002055602,0.0186080133,0.0329623951,0.038325869,0.0093888725,0.0249404522,0.0193561445,0.0051480722,2.27E-05,0.0145130118,0.0007461529,0.0084659688,0.0260754005,0.0144143785,0.0013434772,0.0008081822,0.1919543907,0.0287533534,9.66E-05,0.0893425206,0.0045892431,0.0061742853,0.0031558425,0.0111995308,0.0192945664,0.0024804319
BACULARD,0.0040040384,0.0001454799,5.03E-05,0.0060962981,0.0005273709,0.0185573791,0.0062316185,0.0025147095,0.000360243,9.48E-05,8.82E-05,0.0889601406,0.0029570171,0.0061603429,0.000279693,5.37E-05,0.0002816777,0.038953417,0.0153756198,0.0254520908,0.0076465478,0.0019721359,0.000861005,0.0005239552,0.0157707537,0.0049837905,0.0049469246,0.0500692911,0.0028712855,0.0015975392,7.65E-05,0.0012897889,0.009035708,0.08707798,0.0002959617,0.001564814,0.0020790398,0.0039611177,0.0300016615,0.2412013779,0.0018972996,0.000129939,2.33E-05,0.0047797168,0.0002370545,0.0020212836,0.0003107087,0.0101401668,5.95E-05,9.79E-05,3.72E-05,0.005927335,0.00054625,0.0015000869,0.0035884397,8.06E-05,0.1829341868,0.0056494021,0.0950164209,5.19E-05
BARANTE,0.0036807854,0.0743088932,4.78E-05,0.0069213102,0.0108841768,0.0047150243,0.0049126651,0.0017655964,0.0103409172,0.051204648,8.38E-05,9.53E-05,0.0004329304,0.0835569682,0.0424908775,0.1030744195,0.1698820912,0.0002001846,0.0082352817,0.0021059147,0.0001403675,0.0022041517,0.0190277674,7.93E-05,0.0064986316,0.0006836766,0.0013466369,0.0030251806,0.000411382,0.0008356633,0.0352463302,0.0250449288,0.0037950305,0.0065297577,0.0114434186,0.021489882,0.0493706748,0.0086167943,0.0032622081,0.0046498813,0.0018734281,0.0696112833,0.0036652384,0.0077471504,0.0016920404,0.0091159911,0.0194987629,0.0011825205,0.004449399,0.0341595746,0.0002417457,0.0148727652,9.43E-05,0.0084664916,0.014412795,0.0002930022,0.0050738359,0.0016714708,0.0020863281,0.0171505308
BARANTEDUFRESNY,0.0003693914,0.0855142114,4.90E-05,0.0118748876,0.0211112461,0.0147623964,0.0022838066,0.0042205505,0.0001194601,0.0560689919,0.0012203223,9.77E-05,0.0025058422,0.042602716,0.0123064413,0.1436650184,0.0426706346,0.0002050467,0.0042750943,0.0002973422,0.0017153015,0.0120247169,0.0017966593,8.13E-05,0.0076531255,0.0106794077,0.0132059214,0.002268539,0.0001768538,0.0021584483,0.0392012596,0.033175423,0.0076275918,0.0076653897,0.0498027571,0.0586353445,0.0300656989,0.0097329078,0.010737062,0.0035505035,0.0002286298,0.1087423175,0.0031657483,0.0047431475,0.0002306724,0.0041083725,0.0088295708,0.0002678631,0.025486321,0.0044169285,3.62E-05,0.0096402692,0.0112166587,0.0058137153,0.0043342697,0.004238351,0.0048459916,0.0007750294,0.0026180949,0.0480876526
BENSERADE,0.0055633253,0.001247057,0.002684783,0.0129501364,0.0044105997,0.0067988308,0.0341976556,0.0529888626,0.0002916015,0.0004247281,0.0004339792,0.0003714764,0.0028262773,0.0017136163,0.0009988355,0.0004935029,0.0013914998,0.0117089999,0.1050119069,0.0151034715,0.0075390961,0.0052939146,0.0001766403,0.0249524897,0.0042306381,0.006290435,0.001461304,0.0313063319,0.0199919322,0.0219727344,0.0001553153,0.0102540624,0.0139734494,0.0132752921,0.0001335791,0.0077739994,0.0079434698,0.0133248248,0.1418113324,0.0306227802,0.0264380526,0.0003858981,2.16E-05,0.0382804194,0.0069120421,0.0216918306,0.0011797748,0.0050893781,5.51E-05,0.0007602528,3.45E-05,0.0984730055,0.0003845298,0.1225190535,0.0108214292,0.000683609,0.0032089554,0.0349308182,0.0034357588,0.0005992157
BERNARD,0.0023182666,0.0001322573,4.57E-05,0.0259350335,0.0033533849,0.029351897,0.0168195432,0.0068650466,0.0001116071,0.0016645475,0.0002897496,9.12E-05,0.0104166421,0.0012205422,0.0002542717,4.89E-05,0.0004713448,0.0074121431,0.0226676287,0.0452159251,0.0489976719,0.0645636688,0.0010597907,7.59E-05,0.0203783372,0.0005050994,0.0008041059,0.0014926974,0.0009873877,0.0017481993,0.0007212113,0.0046343485,0.1456552722,0.1192978238,4.68E-05,0.0001126712,0.0008321509,0.0018916616,0.0025334949,0.0708370181,0.0006255167,0.0003333977,2.12E-05,0.006788792,0.0142729949,0.0362006075,8.23E-05,0.0412446936,5.41E-05,0.0003075375,3.38E-05,0.0345506398,0.000307521,0.0054046858,0.0653899757,0.0007629661,0.0114296828,0.0184412224,0.1018402348,4.72E-05
BEYS,0.0126053105,0.0003517159,4.10E-05,0.0131013999,0.0108353819,0.0186688215,0.0206539948,0.0132074838,0.0093148622,7.72E-05,7.18E-05,0.0005153395,0.0021174444,0.0024054988,0.0004458173,4.38E-05,0.0031835006,0.0045500376,0.0287052481,0.0036016124,0.0016465387,0.0025805763,0.0010742042,6.80E-05,0.0116976367,0.0255344514,0.0133816597,0.0176406195,0.0364615373,0.0025243804,0.0005190455,0.0007000916,0.0073910781,0.0079710677,4.19E-05,0.0268357904,0.0021309068,0.069865513,0.0175447569,0.0087332841,0.0008910543,0.0022260222,0.0009519333,0.0386275237,0.0183426273,0.0709434366,0.0145006852,0.0022668021,4.84E-05,7.97E-05,3.03E-05,0.0259737327,8.09E-05,0.3990438278,0.0058543993,6.57E-05,0.0017900454,0.0170134892,0.0023868616,4.23E-05
BIANCOLELLI,0.0016058214,0.0167515436,0.0005342323,0.0229162678,0.0257214745,0.0005945784,0.030356663,0.014420139,0.0004013497,0.0444164532,8.17E-05,9.30E-05,0.0002256014,0.0364932034,0.0151239576,0.0529781798,0.0112846457,0.0001953418,0.0110955097,0.0018658282,0.0001369718,0.0361994345,0.0038757478,7.74E-05,0.2011243232,0.0021693707,0.003354402,0.0064355736,0.0031475465,0.010210515,0.0005871801,0.0437310502,0.0121390985,0.0457259768,4.77E-05,0.0103254083,0.1828194856,0.01988066,0.0015516744,0.0165149404,0.0004567155,0.0230215419,0.0049929356,0.0059417172,0.0004844636,0.0035120996,0.0067397449,0.0005519446,0.0012421643,0.0092527093,0.0002992003,0.0109908332,0.0035372831,0.010993599,0.0106641346,0.0014643632,0.0018982895,0.0009069604,0.0057651222,0.0100741194
BIANCOLLELLI,0.0151820437,0.0236772242,4.52E-05,0.0480924121,0.0117784247,0.0010053893,0.0067167764,0.0078783129,0.0001102944,0.0190097397,0.0018987386,0.0007207719,0.0025290955,0.025067031,0.0211927487,0.0223300765,0.047192977,0.0004169309,0.0031821838,0.0025696282,0.0005923724,0.1257609771,0.0250107985,7.50E-05,0.0828823111,0.0018246027,0.0245988719,0.0023493236,0.0029229435,0.0159290741,0.0053948554,0.0509642769,0.0198707053,0.0196175939,0.000272406,0.0005203353,0.1430846147,0.0041674435,0.0054401047,0.0076239675,0.001462742,0.0057423977,2.10E-05,0.0097900073,0.0002129738,0.0029237788,0.0062570687,0.0008564044,0.0005220998,0.016483992,3.34E-05,0.0252896909,8.92E-05,0.0181569695,0.0079145299,7.24E-05,0.0003054554,0.0003722505,0.0148214154,0.089173571
BIEVRE,0.0119243321,0.0033956252,0.0002365665,0.1004683032,0.016244184,0.0019630168,0.0328271112,0.0017999716,0.0003143128,0.0001093715,0.0012909199,0.0002879029,0.0026002329,0.1001651848,0.0082874305,0.0007618674,0.0167435543,0.0007513991,0.0039062432,0.001402269,0.0001704754,0.0428507545,0.1321125887,0.0002662413,0.0551114319,0.0004445898,0.0160794903,0.0048306849,0.0005513155,0.0083214664,0.0070541766,0.023717116,0.0262365082,0.166644126,0.000231476,0.0045954417,0.0077332379,0.0095051743,0.0063369023,0.0117789602,0.0025155467,0.0049578739,2.69E-05,0.0033409361,0.0071254624,0.0261557908,0.0061092951,0.0099035765,0.0285405022,0.0001129205,0.0003650197,0.0295585398,0.0005977244,0.0107967612,0.0011149553,9.30E-05,0.0104131511,0.0031933486,0.0231129366,0.0019137607
BLANC,0.0011129315,0.0001120822,0.0003881026,0.0009930365,0.0055982808,0.0009705031,0.003774622,0.0022122839,9.46E-05,0.0005903095,0.0009048245,0.0398248079,0.0006760149,0.0008474859,0.0022439343,4.14E-05,0.000217013,0.2564537418,0.002017151,0.005548007,0.0092080096,0.0192608001,0.0001468457,6.43E-05,0.013191518,8.05E-05,0.0004535249,0.0329223271,0.0001400233,0.0026121706,5.89E-05,0.0014022073,0.0352424057,0.2365969949,3.96E-05,9.55E-05,0.0011988397,0.0008374809,0.0195390392,0.0773858377,0.0001810168,0.0002646645,1.80E-05,0.0133162857,0.000869804,0.002372156,0.0006108617,0.003815541,4.58E-05,7.54E-05,2.87E-05,0.0100264789,7.65E-05,0.0041697166,0.0011871968,6.21E-05,0.1417935853,0.0049704125,0.0409778075,4.00E-05
BOHAIRE,0.0119893147,0.0001685287,5.83E-05,0.0040398076,0.0003276827,0.0077717971,0.0020171439,0.0012426176,0.0001422152,0.0001098132,0.0001021508,0.0442053279,0.0034351604,0.0017689034,0.0007312251,0.0144692329,0.002362403,0.0249851805,0.0108421797,0.0021902823,0.0005512942,0.0181478957,0.000585407,0.0019811332,0.0006218255,0.0008812496,0.0001653075,0.1349761636,0.0036161911,0.0069633328,0.0019919739,0.0286269554,0.0125145068,0.0619023518,0.0004308506,0.0001435711,0.0019858163,0.000520494,0.077599577,0.1122299449,0.0021728314,0.0001505256,2.70E-05,0.0147776409,0.0022983295,0.009086272,0.015179911,0.0179931125,6.89E-05,0.0001133765,0.004781171,0.0237666332,0.0001150494,0.0010200015,0.0008455663,9.34E-05,0.2350120917,0.0594444997,0.0081796417,0.0054789499
BOISROBERT,0.0472386481,0.0005280775,0.0004533158,0.0475660916,0.0214440811,0.02843613,0.0603792182,0.0300309985,0.0346408593,9.20E-05,0.0074067825,0.0006626103,0.0040091496,0.0028773006,0.0032879801,5.22E-05,0.0006489512,0.0020743415,0.0381520479,0.0180356464,0.0011108331,0.0216267854,0.0018036113,0.0004884976,0.0460597945,0.0011992154,0.0181093708,0.0051918435,0.0100324037,0.0163471339,0.0004657033,0.0092732432,0.0827732572,0.0108863804,0.0035953106,0.0019802781,0.0057303559,0.0312810474,0.0256215658,0.0137201292,0.0176382076,0.0002247893,2.26E-05,0.0237024449,0.0233363012,0.0124085375,8.79E-05,0.0078401331,0.001016877,0.0007818576,0.0012791948,0.0450791488,0.0020072767,0.1420607282,0.0160888053,0.0026437209,0.0031290077,0.0353987742,0.0098901031,5.04E-05
BOISSY,0.0152822024,0.01020535,0.0007071223,0.0725226043,0.0059115825,0.0012284875,0.00685138,0.0039953985,0.0005525438,0.0004174883,0.0011897117,0.0022111906,0.0039040556,0.0712025831,0.0301626593,0.0193374785,0.0218165783,0.0029525167,0.0107331909,0.0024583552,0.0002659464,0.0286677974,0.2011089922,7.86E-05,0.0900283183,0.0004244702,0.01864771,0.0185337815,0.0017505886,0.0007616884,0.0468357515,0.0180563117,0.0179872259,0.0345774226,0.0278924099,0.010362438,0.0127243711,0.0135213987,0.0079464232,0.01115572,0.0017719777,0.0007629325,0.0001543168,0.0293397165,0.0067775776,0.009184653,0.0026035193,0.0026946035,0.0036513041,0.0070011905,0.0012818113,0.0142212578,0.0033437667,0.0190382116,0.0068050375,0.0008117998,0.0110493602,0.0020433484,0.0303022127,0.0021915279
BOURSAULT,0.018226424,0.0037051379,0.0012443926,0.0300702359,0.0233105875,0.0082929726,0.042656198,0.0056281142,0.0109290621,0.0097645504,0.0008450515,0.0022648143,0.0115727964,0.0046556451,0.0086586137,0.0018298926,0.0035711944,0.005525707,0.0212938753,0.0207864783,0.0040277363,0.0175738463,0.001581327,0.0004422874,0.0504688003,0.0017179659,0.0064180284,0.0077629616,0.0024604902,0.008244115,0.0004868391,0.0217149779,0.1088088322,0.0249690712,0.0009095072,0.0012893118,0.1265293501,0.0168426638,0.0067705251,0.0372377257,0.0056619648,0.0026584475,2.63E-05,0.0321586798,0.0113154892,0.032621203,0.0002084699,0.0541330778,0.0011209565,0.0010999494,4.19E-05,0.0305661149,0.0011517793,0.0138394672,0.059357448,0.0012625809,0.0040120969,0.0187191141,0.0469154676,0.0020413566
BOYER,0.0343155026,0.0002928968,0.0015340484,0.0131155639,0.0059807582,0.0314263522,0.0150611617,0.0160083297,0.0016718611,0.0001804371,0.0004593234,0.0046693859,0.0080630747,0.0019001117,0.001089377,5.56E-05,0.0007546572,0.0151114999,0.0368474858,0.0089481469,0.0127741479,0.017301199,0.0007666505,0.0089620998,0.0301056653,0.002600388,0.0014731271,0.0165577186,0.0038968418,0.0105194154,0.000156143,0.0027541892,0.1370127575,0.0206363391,0.000151483,0.0010992474,0.0022703687,0.008636964,0.0538076244,0.1048107678,0.0060529042,0.0003773015,2.42E-05,0.0275224097,0.0164937831,0.0368751771,0.0003794683,0.0241709261,0.0006476492,0.0001666921,8.30E-05,0.0684588252,0.0003508022,0.0101799634,0.0506624949,0.0006812142,0.0038890921,0.0612225219,0.0578856451,9.72E-05
BOYERA,0.0030690476,0.0001272672,0.0015941279,0.0183548853,0.0020258104,0.0178041698,0.006875483,0.0372065554,0.0091342649,0.0005468281,7.71E-05,0.0010278186,0.0010680563,0.0468689843,0.0273601641,4.70E-05,0.0073224244,0.0007609403,0.0506622552,0.0030254305,0.1016065466,0.0059887203,0.0001667404,0.0012365146,0.0753969682,0.0042892374,0.0004082816,0.0963240831,0.0007386745,0.0038927756,0.0023473201,0.0184186987,0.0165955541,0.0757687076,0.0007570854,0.0048167129,0.0083948138,0.0146298165,0.0547602142,0.0132648189,0.0458115028,0.0023319175,0.0003321167,0.0135680591,0.0169696887,0.0020918186,0.0082682846,0.0160520305,0.0089749998,0.0019011455,3.25E-05,0.046958357,0.0003873523,0.0211139513,0.0082260991,0.0008049503,0.0432031227,0.0108525864,0.0165664121,0.0007921044
BROSSE,0.0528220643,0.0019104125,6.31E-05,0.0639853465,0.0158901056,0.0171835771,0.0179774484,0.0631958223,0.0001538809,0.0075161438,0.0049034164,0.0001258027,0.0012460983,0.0111559075,0.0180126853,6.74E-05,0.0266168473,0.0048698023,0.0090139767,0.0035600095,0.0001852041,0.0216167515,0.0031483145,0.0001046836,0.0311055904,0.0019925395,0.037597775,0.0337889861,0.002261504,0.0101418589,0.0047546836,0.0115236016,0.0353620422,0.0192934486,6.45E-05,0.048231441,0.0939284829,0.0670954403,0.0075480333,0.0178667027,0.0006671425,0.0034639019,2.92E-05,0.0044053804,0.0004829363,0.0137485472,0.0001134241,0.0031411461,0.0013019095,0.0009005591,0.0032312572,0.0201550442,0.0001244867,0.1357587731,0.0053077624,0.0224570162,0.0011395447,0.0031130891,0.0125124203,6.51E-05
BRUEYSPALAPRAT,0.0305221162,0.2031614589,5.22E-05,0.0015248326,0.005270553,0.0008362937,0.0003922356,0.001717867,0.0001274178,0.216101771,9.15E-05,0.0001041682,0.0002525845,0.0002225381,0.0040052711,0.0092498116,0.2294209756,0.0002187056,0.0051531902,0.0034220672,0.0010597721,0.0559065495,0.0024607064,0.000524033,0.0005571247,0.0001084002,0.0010545251,0.0007981446,0.0006418436,0.0002517772,7.94E-05,0.0782917299,0.0051800792,0.0015657608,0.0088041714,0.0001286326,0.03884275,0.001858576,0.001392075,0.0031675164,0.0050182964,0.0200760558,0.0004677708,0.0005296093,0.0022006064,0.0014279754,0.0149957145,0.0002857065,0.0005391633,0.0053136446,0.0013506725,0.0078201879,0.0123397193,0.0019964045,0.0058111196,8.37E-05,0.0017125045,0.0008832518,0.0021197043,0.0005070899
CAILHAVA,0.008533267,0.0225032351,0.0038942241,0.0761903675,0.0060338494,0.0065601677,0.002498558,0.0061416947,0.0001592392,0.0029015734,0.0001143788,0.0001301832,0.0007256465,0.072123453,0.0095996577,0.002354671,0.0077416912,0.0023862065,0.0053313369,0.0003963544,0.0024846742,0.010420101,0.2209323309,0.0011638543,0.0405019982,0.0003452404,0.0103238587,0.0052610784,0.006902455,0.0049544685,0.011791487,0.0186906859,0.0472521337,0.0661601518,6.67E-05,0.0011911103,0.0163092349,0.0142157361,0.0062936074,0.0153098478,0.0011030501,0.0154135033,3.03E-05,0.0471200993,0.0141687707,0.0058207482,0.0042358292,0.0098707587,0.0410769285,0.0013102082,0.0004587558,0.0175361079,0.0088833863,0.0151518897,0.0047599806,0.000104584,0.0426898647,0.0042044964,0.0214194374,0.0077507869
CAILLEAU,0.0081968976,0.0117954482,9.95E-05,0.0878009108,0.0016243647,0.0016128312,0.0086661747,0.007164451,0.0074919112,0.0028492751,0.0011672805,0.0011953469,0.0009113453,0.0344174772,0.2154413181,0.0001063315,0.0005573246,0.000807784,0.0273991542,0.0275524553,0.0015818434,0.0762209676,0.0019405469,0.0001652438,0.0113864626,0.000206648,0.0064128781,0.0097376267,0.0003596025,0.0062455183,0.0822718617,0.0175381552,0.0106070961,0.0393499165,0.0001018147,0.0215158103,0.0008655229,0.0051285297,0.0368611641,0.0247503778,0.0027417419,0.0002570961,4.62E-05,0.0258517549,0.0463792824,0.0080487012,0.0014685381,0.0014043197,0.0133228116,0.0001936459,0.0060912707,0.0101376053,0.0001965032,0.0144652033,0.0007949597,0.0001595315,0.0487240835,0.0089375914,0.0105712885,0.0001027156
CAMPISTRON,0.004539695,0.0002710186,0.000700639,0.0121010238,0.0223382567,0.0063517166,0.0101004486,0.0066570958,0.0027035948,0.0001247222,0.0001970556,0.0111261643,0.0102889665,0.0009448597,0.0023343082,8.56E-05,0.0005358682,0.0129141866,0.0239981268,0.015337808,0.0128326922,0.0197765479,0.0006620456,0.0086443617,0.0422174665,0.000524835,0.0013921057,0.0065074246,0.0033241624,0.0024323274,0.0002165983,0.0017146458,0.0605666482,0.0596449912,8.43E-05,0.0005126256,0.0009314534,0.0019094148,0.0283985742,0.1043570014,0.0020319909,0.0002692728,2.26E-05,0.0398148961,0.0035589857,0.0068789892,0.0007582941,0.0079656065,5.76E-05,0.0002050777,3.60E-05,0.0694160018,0.0002929093,0.0063620332,0.1243941513,0.0002786885,0.0199297287,0.0078512614,0.2095241219,5.03E-05
CHABANON,0.0109378953,0.0150642221,0.0016031323,0.0287518453,0.0056136195,0.0238425136,0.0090049964,0.0076479337,0.0123184717,0.0005143895,0.0018609439,0.0040495488,0.0074577175,0.01892072,0.0152566724,4.72E-05,0.0109065527,0.0073380781,0.011985213,0.0067947201,0.003122859,0.062060641,0.1537578475,0.0007011656,0.0288442679,0.0015030995,0.0053647874,0.0041741769,0.0012172717,0.0060943922,0.0006169829,0.0054712435,0.0403348116,0.1006968575,4.52E-05,0.0055746202,0.0465832585,0.0023823017,0.0178265996,0.0937209207,0.0006594059,0.0202947483,2.05E-05,0.0377182864,0.0055807897,0.0011145301,7.94E-05,0.0058419171,0.00199334,0.0010184719,0.0010494257,0.0186543746,0.0042723144,0.0046170595,0.0041098301,7.08E-05,0.0500335285,0.0208728353,0.0392400987,0.0027487277
CHAMFORT,0.0121063431,0.0001278383,4.42E-05,0.0021020827,0.0002485655,0.0578005339,0.0029868225,0.0018488651,0.0024745354,0.0002404092,7.75E-05,0.0010729344,0.0056471839,0.0001884117,0.001250267,4.72E-05,0.0004226828,0.0042059005,0.0111732252,0.0274047392,0.0013694528,0.0084050367,0.0006929771,0.0016498533,0.0203044156,0.0005740163,0.0079664452,0.0028079396,0.0048748899,0.0011474662,0.0010711915,0.0006199358,0.0225804315,0.2183173128,4.52E-05,0.0015301243,0.0003843976,0.0013953779,0.0224913933,0.0585566221,0.0003723292,0.000114182,2.05E-05,0.0164924669,0.0165753828,0.0098826103,7.95E-05,0.0264858667,0.0005641996,0.0004363279,3.27E-05,0.0109677551,8.73E-05,0.0011635999,0.0189479823,7.09E-05,0.1106102024,0.0275872346,0.2512086569,4.56E-05
CHEVALIER,0.0059333866,0.0001588727,5.49E-05,0.0180776695,0.0070798399,0.0018943869,0.0247505035,0.0094067954,0.0001340669,0.019497534,9.63E-05,0.0031382041,0.0029049831,0.015696453,0.0277208843,0.0122817945,0.0650870859,0.0002301185,0.0055851809,0.001189136,0.0001613569,0.0490996457,0.0441171859,0.0009367634,0.0392516739,0.0001140569,0.0168218405,0.001759853,0.0027482752,0.0072549793,0.0785667679,0.0212190997,0.0185822022,0.0054510176,5.62E-05,0.0052476041,0.3223762969,0.0450031241,0.0004994623,0.0050705236,0.0074669688,0.0052314039,2.55E-05,0.0053164749,0.0002588775,0.0285566329,0.0029814958,0.0003006157,6.49E-05,0.0170816235,4.06E-05,0.0167669791,0.0009320794,0.021341787,0.0025205882,8.81E-05,0.0020624104,0.0004524841,0.002348946,0.0009054814
CHEVREAU,0.0252608299,0.027684287,0.0004495318,0.0467395912,0.0066920236,0.0011956322,0.0053435325,0.0246345103,0.0001187224,0.0042787234,0.0014399913,0.0005328865,0.000421464,0.0289695517,0.0072020154,5.20E-05,0.0125162544,0.0002037805,0.0121283147,0.0065178967,0.0003459356,0.0113782696,0.0014384056,8.08E-05,0.0028385043,0.0001010026,0.0014726131,0.0010637147,0.0231210242,0.0039553573,0.0117987271,0.0334720195,0.0109425369,0.00237321,0.001045586,0.0119959927,0.0349858963,0.2108410219,0.0068514317,0.0044259569,0.003018092,0.0005265438,0.0004583859,0.0175671701,0.0051567041,0.0370222019,0.0041811523,0.0015955801,0.0002632277,0.0008567484,3.60E-05,0.0670875543,9.60E-05,0.2681556413,0.0033438746,7.80E-05,0.0005429761,0.0014311733,0.001623289,5.02E-05
COLARDEAU,0.007868063,0.0001654106,0.0024691898,0.0045766078,0.0009292098,0.0078306158,0.0023676456,0.0008733258,0.000139584,0.0001077815,0.0001002608,0.0005551733,0.0061874855,0.0010450231,0.0003180108,6.11E-05,0.0003202674,0.0207119735,0.009792275,0.0007410905,0.0003885265,0.0097454351,0.0008413132,0.010310665,0.0098629491,0.0116806021,0.0007965598,0.0165480981,0.0002066461,0.0037845343,8.69E-05,0.0003544879,0.0239163957,0.1736002173,5.85E-05,0.0012435618,0.000698843,0.0007246515,0.0040359739,0.2178639762,0.0026706793,0.0011561465,2.65E-05,0.0018723101,0.0037038804,0.0162038796,0.000102886,0.0298015748,6.76E-05,0.0003299278,4.23E-05,0.0142388302,0.001337536,0.0018920149,0.0145313294,9.17E-05,0.1791445916,0.0577211593,0.1210971349,5.90E-05
CORNEILLEP,0.0236502211,0.0024926292,0.0010946946,0.0279514446,0.0087292982,0.0129930144,0.0208378616,0.0156160737,0.0025256495,0.0008118111,0.0011603957,0.006151734,0.1135220283,0.0051516051,0.0066258758,0.0010790898,0.0059045173,0.0058064969,0.0291423458,0.0136957924,0.0089425779,0.0185545711,0.0012033608,0.0006754273,0.0249421738,0.0024866117,0.0032572601,0.0136175795,0.0043107453,0.0182180574,0.0020473106,0.0146725678,0.0806015992,0.0114191744,0.0004972397,0.005445197,0.0214034007,0.1355462895,0.0311745362,0.0578372807,0.0067916778,0.0020134967,9.66E-05,0.0371309821,0.0101522292,0.0222724205,0.001790348,0.015247115,0.0004827679,0.0005773613,0.0001818763,0.0400648096,0.0007798636,0.0265459733,0.0146194084,0.0021790594,0.0073097873,0.0310906979,0.0184175881,0.0004604416
CORNEILLET,0.0291932377,0.0043902234,0.0007437826,0.0537246817,0.0091316462,0.0087332605,0.0173159156,0.0053325021,0.0084653509,0.0011490119,0.0181670706,0.0003677702,0.0135261066,0.0051358354,0.011559256,0.0027367099,0.0108402286,0.0019337837,0.0124353571,0.0074499631,0.002025844,0.0153152528,0.0054424452,0.0020762238,0.0339662546,0.0015250229,0.0027960719,0.0026075091,0.003171553,0.0107358024,0.0011228964,0.0135614249,0.3115619403,0.0113328118,0.0037417334,0.0053231859,0.0637778548,0.037323724,0.0159463018,0.0317179828,0.0049461105,0.0060814909,0.0022521431,0.0139982003,0.0076746836,0.0174589901,0.0027723202,0.0478233322,0.0003676924,0.0009553909,0.000278204,0.0288541985,0.0013075765,0.0090551422,0.0120573597,0.0010727648,0.0023624304,0.0204678483,0.0214612877,0.0013493039
CREBILLON,0.0059163443,0.000547103,0.0003051943,0.0121631345,0.0056637572,0.0205665911,0.0187827375,0.0019813312,0.0014030772,0.0004596028,0.000244427,0.0007832742,0.003551374,0.001535498,0.0010686459,9.40E-05,0.0009532063,0.0189103399,0.0052716111,0.0076867479,0.0414599966,0.0162679312,0.0005751415,0.0012667144,0.0263971412,0.007119469,0.0007670222,0.0142902273,0.0011311997,0.0079193832,0.0002285034,0.0015380972,0.0503606603,0.1641166525,0.0002990592,0.0003878777,0.001369957,0.0037993876,0.0120003849,0.1714827104,0.0010810346,0.0002724584,5.75E-05,0.0328794768,0.0055407206,0.0225446516,0.0001950295,0.0181933141,0.0005895689,0.0001995863,0.0001580648,0.0240947982,0.0002815865,0.0048036824,0.0372055472,0.0011064312,0.0322942883,0.0256219377,0.1620456746,0.0001691537
CUBIERES-PALMEZEAUX,0.0230079349,0.0071911577,0.0010432231,0.0365564358,0.0115856062,0.0040384009,0.0085170435,0.0074996337,0.0073108649,0.0087663185,0.0005096762,0.0027843944,0.004850282,0.0550777622,0.0628108039,0.0007988103,0.0670376318,0.0019595699,0.0186057885,0.0063589252,0.0001667817,0.0260286645,0.0933204822,0.0006157532,0.0077850175,0.0001178915,0.0048963549,0.0146006115,0.0014704878,0.0041789647,0.0922863692,0.0215631985,0.0096154984,0.0437201525,0.0059248422,0.0177178799,0.0203620311,0.0113915583,0.006765946,0.0105433015,0.0037554159,0.0001466718,0.0022722272,0.0206023355,0.0010445656,0.0170287677,0.0007320664,0.0059281685,0.0070731066,0.0036916208,0.0004085519,0.0111330133,0.0101037711,0.0097739779,0.0073317068,0.0015989539,0.018107846,0.0027609154,0.0148235162,0.1323007506
CYRANO,0.0055218985,0.0145819898,0.0032911908,0.0105028612,0.0052613557,0.0162110208,0.0018683587,0.0294770595,0.0005130985,0.115839308,9.42E-05,0.0008110277,0.0071892274,0.0036556676,0.0027592025,0.0113062011,0.0348936352,0.0079545336,0.0454460917,0.0081233209,0.0112084465,0.0171458715,0.0018463741,0.0018053963,0.0071450352,0.0120872398,0.0022860145,0.0601178399,0.0079009849,0.0088152938,0.0108361602,0.0363453561,0.0088839871,0.0075212603,0.0097605099,0.0193135414,0.0885124929,0.0110737776,0.0222567786,0.053702189,0.0135400847,0.0136376381,0.0511478665,0.0098896455,0.0053260454,0.0149969016,0.0283036724,0.0260593997,0.0039659813,0.0019629627,0.0061448933,0.0102472136,0.0119526666,0.015919041,0.0058808321,0.0002526348,0.0150456871,0.0243600981,0.0082570237,0.0092438967
DANCOURT,0.0096088891,0.0823232865,0.0006358622,0.0560591327,0.0124421947,0.008098765,0.0122219938,0.0059413188,0.0082297441,0.0045663551,0.0105223722,0.0005825451,0.0038349186,0.0226155911,0.0454884257,0.0079964436,0.1494386706,0.0022654574,0.0047452055,0.0049995318,0.0011204988,0.0255288527,0.0118745495,0.0003303242,0.0305543386,0.000682161,0.0058787609,0.0037000916,0.0019515516,0.0019226385,0.0077530851,0.0195735012,0.0185448996,0.0064526153,0.0073918529,0.0074415909,0.0502956644,0.0121047668,0.0056533983,0.0047714709,0.003732172,0.0132206322,0.0110089926,0.0112814867,0.0030036521,0.0073101893,0.0051757444,0.0024892452,0.001532984,0.1746081276,0.0109183078,0.009843859,0.0229091444,0.0055401355,0.0068528329,0.0010545713,0.0041245366,0.0025089163,0.0173887002,0.0093524537
DECAUX,0.0047305242,0.0007523811,4.20E-05,0.0040709366,0.0500339988,0.022624054,0.0199053622,0.0003266476,0.0001025618,0.0002990933,7.37E-05,8.38E-05,0.0182277534,0.0003971557,0.0004510769,4.49E-05,0.00089441,0.0003965711,0.0014455468,0.0031196634,0.1009262532,0.01852465,0.0001592348,0.0035471917,0.004178688,0.0287476923,0.0001192153,0.0193441227,0.0047304488,0.0006232238,6.39E-05,0.00069595,0.0541097323,0.0144395023,4.30E-05,0.0003191246,0.0014373706,0.0005927792,0.020903745,0.1644321095,0.0001962888,0.000108555,1.95E-05,0.002651014,0.0012927161,0.0048607429,7.56E-05,0.0129553923,0.0004869774,8.18E-05,3.11E-05,0.0290898889,8.30E-05,0.0017753029,0.0874237777,6.74E-05,0.0226962928,0.0009428717,0.2691584674,4.34E-05
DESFONTAINES,0.0288394794,0.000342421,0.0024446795,0.0113450214,0.0064025586,0.0032858224,0.0154920035,0.0501738983,0.0020147264,9.07E-05,8.43E-05,0.0161034762,0.004149096,0.0032756816,0.0032184468,0.0004384833,0.0005879678,0.0043366685,0.0416350258,0.0105501346,0.0015711161,0.0049846139,0.0009855996,0.0008893338,0.02062859,0.0046376484,0.0021920859,0.0160400018,0.0084470138,0.0330767323,0.0025612695,0.0054050751,0.0419099909,0.0111356499,0.0005117902,0.0027640826,0.0024942894,0.0344119874,0.04675864,0.0656630903,0.0156866523,0.0004775476,2.23E-05,0.0778730622,0.0038051236,0.0428969017,0.0010837052,0.0108149372,0.0002778898,0.0005919443,0.0004536634,0.047685504,0.0002353191,0.1766437088,0.0181082647,0.0116611225,0.0060249374,0.048802053,0.0248335475,0.0001426027
DESHOULIERES,0.009232893,0.0005699993,4.82E-05,0.0135121598,0.0013975798,0.0296342778,0.0268685496,0.0109051166,0.0060978392,9.08E-05,8.45E-05,0.0009546576,0.0206123881,0.0017277119,0.0010478443,5.15E-05,0.0013558074,0.0008795968,0.0196586841,0.0046880658,0.0106460266,0.0398044168,0.0001826351,8.00E-05,0.0421116822,0.0059149169,0.0001367346,0.002667385,0.0063843942,0.0097014803,7.33E-05,0.0083491309,0.1140278644,0.0191274885,4.93E-05,0.0001187553,0.0020446459,0.0049075452,0.0069652069,0.0775288412,0.0091749858,0.0012772843,2.24E-05,0.0121620934,0.0165229218,0.0121264386,8.67E-05,0.007521727,0.0006913607,0.0035654758,0.0002548845,0.0854461275,0.0005131054,0.0084056619,0.215323612,0.0012037947,0.0150823087,0.0359751602,0.0743543127,4.97E-05
DESJARDINS,0.0202007292,0.0003526822,0.0010666608,0.0619042007,0.0090530388,0.0187262796,0.013285818,0.0120010297,0.0118549206,0.0001883221,0.000873534,0.0012768128,0.0106060479,0.0192703459,0.0027529617,0.0006319472,0.0008104468,0.0071563123,0.0159590527,0.0357600638,0.0361455901,0.0067075355,0.0020506516,7.37E-05,0.0790500391,9.22E-05,0.000920326,0.0055520551,0.0099823136,0.0023364363,0.0001801055,0.0058498508,0.1093473494,0.0147290219,0.0001577018,0.0032879274,0.0061343379,0.040304466,0.0328971195,0.0649449007,0.0124480745,0.0005357529,2.06E-05,0.0642408914,0.0005609922,0.0421469993,0.0082094855,0.0228664363,0.000579055,8.64E-05,3.28E-05,0.0659980204,0.0008666286,0.0227965122,0.0367443164,0.0018717066,0.0029944267,0.0138403207,0.0386400293,4.58E-05
DESMARETS,0.0077594162,0.0027756961,0.0024052728,0.0132495166,0.0004077559,0.0043693826,0.0039023993,0.0110549026,0.0039464792,0.0030470164,0.0052915234,0.0035629565,0.0015457361,0.0066870131,0.0035800364,0.0017339773,0.0037406225,0.0003578953,0.0181473204,0.0002812117,0.0015444477,0.025589692,0.000337942,0.0033974471,0.0303859454,0.0107865895,0.0017306532,0.0654033252,0.0033668114,0.0003886842,0.0364376439,0.0261034568,0.0067734482,0.0238747028,0.0026706751,0.0370775171,0.0523605627,0.0515294404,0.061802709,0.0140202845,0.0018329291,0.0178302017,2.15E-05,0.0430429635,0.0060988445,0.0174226343,0.1007752214,0.0022644944,5.47E-05,0.0011929287,0.0049913468,0.0521973844,0.0038723088,0.1667291107,0.0020787003,7.42E-05,0.0088804248,0.0120350988,0.002179802,0.002997102
DIDEROT,0.0049878896,0.0152623522,0.0008526171,0.0424171845,0.0129213443,0.03837086,0.004762421,0.013737561,0.000463196,0.0049306948,0.0002861635,0.0002399141,0.0035430234,0.0187431198,0.0603671232,0.0042156591,0.0545136246,0.0011144297,0.0109358454,0.0057878279,0.000352713,0.0203137369,0.0174640401,0.0002889298,0.0121911615,0.0041318274,0.0080858583,0.0052973496,0.002066,0.0030092919,0.0138171302,0.0294175663,0.0052402535,0.0959557519,0.0001766206,0.0077806141,0.0211118505,0.0070469987,0.0017468372,0.0110016253,0.0103249087,0.0027529445,2.47E-05,0.0116521555,0.0049255536,0.0021569418,0.0006697567,0.002286361,0.3057699057,0.02015564,0.001337076,0.0292847715,0.0057039641,0.0087434013,0.0036152002,0.0012133016,0.0152166283,0.0021204057,0.0069757838,0.0001216206
DISCRET,0.0118920515,0.0031108611,0.0007498753,0.0096733555,0.0058291553,0.0046448199,0.017530335,0.0104116994,0.0006702461,0.0052681477,0.0007353384,0.0007815176,0.0011852777,0.0014376726,0.0028558769,0.0191207605,0.0058509038,0.0092349559,0.0344137834,0.0331504263,0.0002413277,0.0147249198,0.0017476605,0.0013752186,0.0133270659,0.0112985064,0.0046503475,0.0238931971,0.0022293201,0.004350999,0.0021919485,0.0923573743,0.0062572978,0.0104356549,0.0030783453,0.0106319532,0.0627848928,0.0453196134,0.0069168364,0.0065845072,0.0116652206,0.0136897002,3.81E-05,0.0040812669,0.000387181,0.0184420898,0.1193225612,0.0009510589,0.0011833629,0.003322601,0.003183526,0.0430763152,0.0001622107,0.2620732045,0.0031286614,0.0014056685,0.0026116877,0.001160824,0.0067736469,0.000397066
DORAT,0.0083707839,0.0012526333,4.76E-05,0.0691538283,0.0077794998,0.016067715,0.0135153211,0.0025369634,0.0002361843,0.000229626,8.35E-05,0.0009334368,0.0038966844,0.0267082986,0.0466662103,0.0002708167,0.0044590122,0.0039784669,0.0198187077,0.0014996839,0.0300636085,0.0137674171,0.1435106129,0.0050535915,0.091233048,0.0037491477,0.0060341096,0.0048089789,0.0010914041,0.0012860088,0.0001939125,0.0042975784,0.0522240351,0.1594657706,4.87E-05,0.0005261391,0.023782231,0.0042006743,0.0071233934,0.0262638343,0.0003481159,0.018061265,2.21E-05,0.0071831086,0.0011909632,0.0062117743,0.0006062033,0.0024446837,0.0048207909,0.0015129462,0.0002815036,0.0286641949,0.0117220382,0.0024170878,0.0045348528,0.0018547127,0.0781691296,0.0018016266,0.0207322325,0.0011914503
DUBOSC,0.0178211289,0.0005418194,0.426922526,0.0339520539,0.0006584302,0.0009383814,0.0007725704,0.0541091202,0.0014703781,0.0002849866,0.0005212223,8.71E-05,0.0162392359,0.0014248064,0.0031509442,4.66E-05,0.0026663227,0.0015452488,0.0080874236,0.007899968,0.0054966616,0.0014988089,0.001542716,0.0004920918,0.0078724097,0.0003175083,0.001829255,0.0045160427,0.0120321405,0.0071625034,0.0007272995,0.0027289976,0.0621063582,0.0139181056,4.46E-05,0.0001075161,0.0060171211,0.0202930641,0.0375571684,0.0204242329,0.0112669151,0.0020308153,0.0008727215,0.0146863319,0.0029647457,0.0045748211,0.0005188193,0.0362773585,5.16E-05,8.49E-05,3.23E-05,0.0464722833,0.0007473645,0.0096772845,0.012122215,0.005276426,0.0121403847,0.0489903979,0.0051222533,0.0002651951
DUCHE,0.0028815615,0.0001173099,0.0002407498,0.0142844508,0.0209626046,0.0181434671,0.0010900733,0.0038610278,0.0005157163,7.64E-05,0.0002690721,0.0072753077,0.0052912896,0.002355554,0.0017273275,4.33E-05,0.0002271349,0.0015367323,0.008255089,0.0332497061,0.0001191442,0.0171391531,0.0001536948,6.73E-05,0.0083699183,8.42E-05,0.0049403726,0.0132169628,0.0001465543,0.0141716028,0.0004732878,0.0015986501,0.0121166163,0.0780300533,4.15E-05,0.0003053034,0.000949446,0.0009401908,0.0523218791,0.1445771939,0.0003948258,0.0001047783,1.88E-05,0.0086551037,0.0003837804,0.0162136636,0.0012744015,0.057260671,0.000237512,7.89E-05,3.00E-05,0.0202408402,0.0002780506,0.0139502652,0.0051813125,6.50E-05,0.0057135452,0.0314755104,0.3660377675,0.0002381955
DUFRESNY,0.0217034323,0.0328864891,0.0009858297,0.0756464303,0.0054328556,0.0096537342,0.0167743879,0.0066285041,0.0004497356,0.0052162939,0.0006028151,0.0002966127,0.0023129793,0.0310763969,0.1143466659,0.0161117048,0.0397190263,0.001691222,0.0105629014,0.0033519453,0.000762489,0.0128310234,0.0525337413,0.0005800127,0.0170824982,0.0030423841,0.0159389721,0.0054286159,0.0030195788,0.0037234185,0.0015833903,0.0172192175,0.0099591097,0.0079944637,0.0117518554,0.008514402,0.0244690478,0.0097766036,0.003528716,0.0071575206,0.0042869994,0.0420416579,0.0106389873,0.0075197824,0.0146572063,0.0178321625,0.0031767185,0.0029479103,0.005126788,0.027202706,0.0003812384,0.0102142944,0.2155138415,0.0050309651,0.0060490033,0.0003132349,0.0027086723,0.0021087812,0.0057279217,0.0041741057
DURYER,0.0117408304,0.000806008,0.000639087,0.009655332,0.012340718,0.0090999012,0.0173604087,0.0266870353,0.0011515783,0.0012146489,0.0006935094,0.0018342877,0.004516016,0.0052877878,0.004203326,0.0007487797,0.0023636675,0.0063404312,0.0194172656,0.0134631521,0.0045466924,0.0116213373,0.0012650003,0.0027627805,0.014153939,0.0069988112,0.0025459668,0.0159968156,0.2245879592,0.010113654,0.0011919791,0.0092041456,0.0342273031,0.006818779,0.0001284395,0.0028370036,0.0041721068,0.0184631944,0.0300955623,0.0416995111,0.0074496116,0.0017251114,4.52E-05,0.0327691933,0.0102481601,0.0465525208,0.0021895268,0.0205270691,0.0004975807,0.00101315,8.72E-05,0.070122727,0.0005514533,0.1496333819,0.0071919333,0.0015103668,0.0056422279,0.0343469587,0.0146392633,0.000262652
FENELON,0.001093312,0.0001286432,4.45E-05,0.0443630687,0.0122956782,0.0032481768,0.003977127,0.0131316549,0.0049295475,8.38E-05,0.0005641514,8.87E-05,0.0091760792,0.000189598,0.0108353424,4.75E-05,0.0040246617,0.0123729237,0.0164425984,0.0384378499,0.0001306548,0.0023997351,0.0074553588,0.0140101869,0.0085407762,0.0003489142,0.0035641744,0.0124559313,0.0020844519,0.0017035071,6.76E-05,0.0102121721,0.0216459698,0.0603712856,4.55E-05,0.0001095924,0.0008673911,0.0019125769,0.1144312066,0.0493405447,0.0024038444,0.0001149009,0.0002644268,0.0572594123,0.0009256767,0.0031158329,0.0005685069,0.0738392736,5.26E-05,0.0003261376,3.29E-05,0.0575608103,8.78E-05,0.0032263205,0.0681617936,0.0010493568,0.0580592138,0.0352930544,0.1502028219,0.0002827751
FOLARD,0.0033247609,0.0001234566,4.27E-05,0.0175053516,0.0014907845,0.0109773742,0.0130284954,0.0020918521,0.0001041806,8.04E-05,7.48E-05,0.0010661085,0.0008229601,0.0026064398,0.0010057679,4.56E-05,0.0006291153,0.0205243188,0.0201335979,0.0191841717,0.0004929577,0.0064107382,0.000161748,0.128381446,0.003305651,0.0029434386,0.0003068957,0.0182448459,0.0011965156,0.0227307263,6.49E-05,0.001171465,0.0407410634,0.0915964463,4.37E-05,0.0001051738,0.0009753928,0.0009546672,0.022509483,0.0974220843,0.0008074253,0.0001102683,0.0003013142,0.1122892319,0.0002011682,0.00398543,7.68E-05,0.0223761585,0.0011652568,0.0004653055,3.16E-05,0.0241810594,0.0006480418,0.0056950558,0.0089472528,0.0006434479,0.0632866278,0.0148776407,0.1852452957,4.41E-05
GENEST,0.0132878512,0.0003172426,3.97E-05,0.0037075473,0.0340759972,0.0283679249,0.0164790698,0.0050792746,9.69E-05,0.0004762925,0.0002680931,7.92E-05,0.0050075089,0.0003699249,0.0010183,4.24E-05,0.0008325274,0.0025870938,0.0108852399,0.0028532879,0.0008839936,0.0332635541,0.0005302419,0.0132867184,0.081827598,0.0441584104,0.000112593,0.0131809197,0.0043220548,0.0105298749,6.03E-05,0.0008443458,0.0613946249,0.0433898326,4.06E-05,0.0008423244,0.0010615689,0.0020920563,0.0073491544,0.0970092029,0.0024186899,0.0003507036,1.84E-05,0.0059797725,0.0013949472,0.0024243521,7.14E-05,0.0069822846,0.0006508633,0.0002779708,2.94E-05,0.1271199289,0.0002574654,0.0048592882,0.059698439,0.0006658639,0.0114857279,0.0341488967,0.199073359,4.10E-05
GILBERT,0.0049513412,0.0005527557,0.0009718498,0.007676839,0.0030935752,0.0362116854,0.0317196026,0.0863134667,0.0002307816,9.72E-05,9.04E-05,0.0010143911,0.0039802332,0.0036400184,0.0009727463,0.0001539759,0.0020652278,0.0248223863,0.040303839,0.0107607691,0.0021062843,0.0560013976,0.0003918267,0.0035678597,0.007971572,0.003145359,0.0002403622,0.0260939232,0.0113758214,0.0159455986,0.0001724281,0.0040148145,0.0075167214,0.0045726648,5.28E-05,0.0026181942,0.0012245706,0.0103404653,0.060128354,0.1834483762,0.0065038947,0.0006466576,2.39E-05,0.0463959274,0.0099015942,0.022278886,0.0007792094,0.0043888538,6.10E-05,0.0010245433,3.82E-05,0.0411170582,0.0001018592,0.0805181619,0.0151832183,0.0023699634,0.0137826915,0.0835485091,0.010730137,5.32E-05
GILLET,0.0102955689,0.0072797236,0.0008016742,0.0462842714,0.0108225319,0.0045007379,0.0222509375,0.079981295,0.0029047818,0.0195614906,0.0003347412,0.0025573707,0.0117129803,0.0113823025,0.0088893748,0.004052839,0.0157446425,0.0043152594,0.0188132029,0.0152087578,0.00304286,0.0030417016,0.0071128515,0.0024396121,0.0160811406,0.0042163401,0.0047057738,0.0239087144,0.0258300732,0.010110897,0.011725144,0.0192373633,0.0197257014,0.0103794545,0.0099642438,0.0169337328,0.131559224,0.0392323257,0.0353827932,0.0235577091,0.0187667176,0.0111445653,0.0009069531,0.0151092694,0.0031265211,0.0320989948,0.0124810635,0.0062169901,0.0003686181,0.0036817834,0.0026644562,0.0519720133,0.0025394006,0.0746985581,0.015480613,0.0055159241,0.0062227842,0.0117086052,0.0067088556,0.0027051733
GRESSET,0.0018033098,0.0001099206,0.0028814198,0.0057357748,0.018828762,0.0002859037,0.0016555675,0.0008566586,9.28E-05,0.0002591938,0.0002629607,7.58E-05,0.0012390415,0.0005510932,0.0004008889,4.06E-05,0.0004113447,0.0015035262,0.0071270234,0.0160067549,0.0018499791,0.0206530877,0.0007844272,0.0011939776,0.0196738889,0.0035532914,0.0001078196,0.006618693,0.0010880936,0.0009458237,5.78E-05,0.0015614818,0.0322302008,0.224400547,3.89E-05,9.36E-05,0.0012659125,0.0014907083,0.0037764483,0.0642246664,0.0001775257,9.82E-05,1.76E-05,0.0287259445,0.000749817,0.014554077,0.0006188544,0.0610971841,4.49E-05,7.39E-05,2.81E-05,0.0724168712,0.0009108022,0.0062402106,0.014558043,6.09E-05,0.1961872048,0.0503120679,0.1071703137,0.0002196857
GUDIN,0.0057062096,0.0001142257,0.0007003803,0.0011287372,0.009349516,0.0004732514,0.0105693993,0.0028569439,9.64E-05,0.0012439242,0.0012626446,0.0904646667,0.003901574,0.0005284248,0.0003811826,4.22E-05,0.0002211632,0.0442107499,0.0138914592,0.0369519443,0.0007690755,0.0017962371,0.0003238404,0.0002288397,0.0107694975,0.0002435818,0.0001120424,0.0188719428,0.0013374334,0.0015666485,6.00E-05,0.0004920147,0.0182145167,0.1441989209,4.04E-05,0.0011512402,0.0005129292,0.0026782966,0.0198393752,0.2208628939,0.0024704485,0.0001020235,1.83E-05,0.000570571,0.0017293175,0.0239683277,0.0002428413,0.0018101264,4.67E-05,7.68E-05,2.92E-05,0.0292910814,7.80E-05,0.0026517952,0.0103753912,6.33E-05,0.1744988003,0.0217713713,0.0620000464,4.08E-05
GUERINDEBOUSCAL,0.0518670236,0.0030679586,0.0011038888,0.0252022182,0.0109367648,0.0403567212,0.013096008,0.085532075,0.0045267563,0.0196364392,0.0096727785,0.0024459757,0.0017977648,0.0042773054,0.0056487161,0.0024073684,0.0070746759,0.0041869638,0.0164001163,0.0179511625,0.0039433771,0.0163338305,0.0033412953,0.000472213,0.020225704,0.0001086728,0.0008189931,0.0128814192,0.0125806033,0.0108821081,0.0017004963,0.0081928167,0.0250349318,0.0100456226,5.35E-05,0.0011932616,0.1191873339,0.0216784053,0.0347343441,0.0198076309,0.0170783427,0.0087489491,2.43E-05,0.0642562849,0.0043484105,0.0138564505,0.0029151293,0.0064726477,0.0032571988,0.0030131725,0.0692589576,0.0439375268,0.0016810502,0.0757694671,0.0099889568,0.0005829504,0.002343743,0.0120475761,0.0067824087,0.0032312221
GUEULLETTE,0.0252861128,0.0073907832,5.92E-05,0.0188514519,0.0088213554,0.0089059306,0.077811294,0.0008298819,0.0030814037,0.0137892034,0.0015962291,0.000118209,0.0061825816,0.0203535976,0.0916862989,0.013913338,0.0517987193,0.0002481848,0.0438734225,0.0036691253,0.0031035223,0.0064955752,0.0006026624,9.84E-05,0.0047078022,0.0049164646,0.000533795,0.0784074189,0.00943744,0.0002857141,0.0179992145,0.0182417714,0.0056337826,0.0148442056,6.06E-05,0.0100205314,0.0978191458,0.0292008551,0.0005386746,0.0053563125,0.0047290281,0.0595191492,2.75E-05,0.0096393465,0.0006485735,0.0060322384,0.000852763,0.0003242167,0.0184937545,0.0494125724,0.0015361925,0.0130374722,0.0008557896,0.0017437273,0.0227249897,9.50E-05,0.0020209102,0.0073512264,0.0051363768,0.0892490024
HAREN,0.0032717312,0.0003003461,0.0018589859,0.0114969854,0.0002334684,0.0257669317,0.0047966244,0.0031406354,0.0002866084,7.82E-05,7.28E-05,0.0066504672,0.0002008618,0.0001769681,0.0004241909,4.44E-05,0.000809179,0.0005409495,0.0139911996,0.0097241071,0.0004925163,0.031188186,0.000157316,6.89E-05,0.0269174043,0.0106258849,0.001655157,0.0267871978,0.0007013939,0.0169522295,6.31E-05,0.0032982697,0.0243614282,0.0720684172,4.25E-05,0.000102292,0.0009344269,0.0012622056,0.06115828,0.0953308594,0.0007357206,0.000288008,1.93E-05,0.0316695788,0.0047725814,0.0007524361,0.0039983323,0.0092840967,0.0046492807,0.0017623414,3.07E-05,0.0130764578,8.20E-05,0.0067196782,0.0258426346,6.65E-05,0.2276830798,0.0610709489,0.1494199032,4.28E-05
HENAULT,0.0007528303,0.0004794943,4.20E-05,0.0069863251,0.0613339661,0.0241094654,0.0051631568,0.0027654337,0.0003204723,7.91E-05,7.36E-05,8.38E-05,0.0174633173,0.0001789193,0.0004652216,4.48E-05,0.0013539582,0.0022894837,0.0007956722,0.0007048432,0.088224889,0.025041006,0.001018442,0.0051699069,0.0042015533,0.0313874169,0.0003371065,0.011284907,0.0010313217,0.0002024274,6.38E-05,0.0038352917,0.053646433,0.0087860081,4.29E-05,0.0003196107,0.0021130365,0.0021557274,0.0194398415,0.1723200315,0.0001960617,0.0001084294,1.95E-05,0.0071324013,0.0010774092,0.0079090781,7.55E-05,0.0122886175,4.96E-05,0.0007357569,0.0002490766,0.0207871217,0.0003009037,0.0017333771,0.0986672336,6.73E-05,0.0227810521,0.0005619427,0.2691088191,4.33E-05
LACALPRENEDE,0.011708103,0.0006329745,0.0011684793,0.0126745284,0.0068325666,0.0120026539,0.0217253342,0.0293959688,0.0062862862,0.0001273553,0.0009084557,0.002164019,0.0052500484,0.0019281475,0.0035136402,0.0002261653,0.0034313895,0.0051896707,0.0736673698,0.023005432,0.0044541759,0.012332709,0.0013591701,0.0003305205,0.0073952072,0.0031901556,0.0021985591,0.0148693702,0.0071867924,0.011200637,0.0002375457,0.0053062647,0.0191257353,0.0090473509,0.0003700789,0.0020668569,0.0040696045,0.0189862972,0.0365375718,0.0365025128,0.3145129306,0.0006286884,2.18E-05,0.0269218236,0.0071551213,0.0241948267,0.0033630272,0.0277798641,0.0002865658,0.0005755041,0.0013165386,0.0523393303,0.0006199457,0.0662335395,0.0047985501,0.0024430836,0.0034693542,0.034479073,0.0101635821,9.12E-05
LACHAPELLE,0.0066313951,0.0001233527,0.0044915042,0.0311237786,0.0317369544,0.0019455509,0.0118203713,0.0043825192,0.0001040929,0.000318668,0.0003826933,8.51E-05,0.0060067745,0.0022715517,0.0002371523,4.56E-05,0.0015313474,0.0084305017,0.0167775299,0.0429407385,0.000972666,0.0052161294,0.0003860011,0.0012127457,0.0542479622,0.0003246539,0.0005975778,0.0049219056,0.0006028819,0.0067546802,6.48E-05,0.0036208676,0.0946376317,0.068053086,4.36E-05,0.0019732497,0.0008353937,0.0058456743,0.0137534026,0.0119278744,0.0062929478,0.0001101756,0.0002261117,0.0705952408,0.0020725442,0.0308009952,0.0017696498,0.0197149917,0.0009948103,8.30E-05,3.15E-05,0.0445975015,0.0010594619,0.0059723058,0.1531447534,6.84E-05,0.0188088648,0.0269298959,0.1693028436,4.40E-05
LAFONTAINE,0.0077095425,0.0160217789,0.0076006714,0.0288734305,0.0463291277,0.0113262163,0.0011033533,0.0062350165,0.000111301,0.160261411,0.0003500303,0.0003180306,0.0015361161,0.017444596,0.0036520072,0.0066288587,0.0515085168,0.0017361857,0.0271080173,0.0031108809,0.005686339,0.0166619028,0.0167574316,0.0003458016,0.0433219346,9.47E-05,0.0163010868,0.0382649727,0.0031082221,0.0101466438,0.0551430116,0.0725199468,0.0112135326,0.0106941002,0.0093118364,0.0212184501,0.1249495381,0.0051066422,0.0068797926,0.0260647222,0.0002130145,0.0065017005,0.002593405,0.0031398672,0.0042443002,0.0006565319,0.001643889,0.0004621739,0.0019141431,0.0069388558,0.0008086169,0.01292836,0.0011337339,0.0034062793,0.0245285547,0.0044616958,0.0033683125,0.0008660782,0.0245984929,0.0028363093
LAFOSSE,0.0125791037,0.0010917899,0.0035810701,0.0396502847,0.0197712421,0.0014522802,0.0085023098,0.0081723856,0.0003235078,8.00E-05,7.44E-05,8.47E-05,0.0176795803,0.0010917968,0.0006958133,4.54E-05,0.0006993779,0.0008706125,0.0010669898,0.0181193119,0.0913596917,0.0129425603,0.0010853863,7.05E-05,0.0133559319,0.0003178955,0.001089752,0.0024958894,0.0026806452,0.0263506172,6.45E-05,0.0043207484,0.0367165798,0.0383689847,4.34E-05,0.0001045966,0.0014750022,0.0164942838,0.0124968983,0.1216429683,0.0030582438,0.0001096632,1.97E-05,0.0107069692,0.0004199632,0.0261317167,0.0003103122,0.0079720272,0.0005149234,8.26E-05,3.14E-05,0.0540439062,8.38E-05,0.0021535631,0.0058118095,0.0005103743,0.0166531401,0.0025304962,0.3494688173,0.000277756
LAGRANGECHANCEL,0.0109799692,0.0001331132,0.0011114224,0.016823429,0.0210072035,0.0339463765,0.0075873358,0.0068727444,0.0018925333,0.0004165987,8.07E-05,0.0008352396,0.0087295931,0.0003085617,0.0007896467,0.0002697599,0.0002577332,0.0686197359,0.0132879548,0.0017202024,0.0009856145,0.0157585598,0.0004943834,0.0051534369,0.050553411,0.0026115038,0.0009630967,0.0453902636,0.0035039581,0.0084727731,7.00E-05,0.0019561171,0.0820533368,0.0262100759,0.0001528066,0.0001134003,0.0024299069,0.0058350722,0.0200466127,0.1490386163,0.0007713633,0.0003248662,2.13E-05,0.0096721245,0.0012985059,0.0027763397,0.0004037655,0.0055669939,0.0028073817,8.96E-05,0.0002430147,0.0384568698,9.09E-05,0.005741538,0.0677699488,0.0026358712,0.0072652504,0.0447950576,0.1914528412,0.0003537544
LAHARPE,0.0131980677,0.0005294878,4.59E-05,0.0157567191,0.0059657721,0.0136621803,0.0286409291,0.0038391408,0.0005090323,8.66E-05,8.05E-05,0.0030721426,0.0003482362,0.0007286887,0.0012602365,4.91E-05,0.0002572507,0.0232032927,0.0198860578,0.0124201804,0.0003995028,0.0089708142,0.0013701385,0.0599242961,0.0203830996,0.0057296061,0.0002625324,0.0297958906,0.0039871339,0.0275817497,0.0006952208,0.0017513276,0.0437020457,0.1690105496,0.0003032141,0.0001131881,0.0006662528,0.0050904591,0.022299385,0.072110182,0.0003437818,0.0009121448,2.13E-05,0.0190348535,0.0018674606,0.0043661099,0.0093306488,0.0051957413,5.43E-05,0.0002215913,3.40E-05,0.0513232019,9.07E-05,0.0061096831,0.012375972,0.0002070085,0.1554930833,0.0201180643,0.0951668144,4.74E-05
LAIGNELOT,0.0014010264,0.0001187013,4.10E-05,0.0052336103,0.0025952686,0.0316681482,0.0106797777,0.014887859,0.0001001677,7.73E-05,7.19E-05,8.19E-05,0.0025191632,0.0006404177,0.0047862319,0.0007162335,0.0004673737,0.0456014503,0.0310343803,0.0269940991,0.0025926164,0.0409340512,0.0034862401,0.0029818098,0.0058387523,8.52E-05,0.0001164324,0.004052232,0.01185762,0.0152375328,6.24E-05,0.0053440817,0.0187701071,0.081206507,4.20E-05,0.0049305569,0.0003569234,0.0008507452,0.0442404198,0.1473390623,0.0013084445,0.0014507903,1.90E-05,0.0616458352,0.0011003396,0.0003659536,7.38E-05,0.0146881619,0.0025139304,7.99E-05,0.0004786143,0.0066798897,0.0016499313,0.0058111508,0.0005633553,0.0020829414,0.2628442244,0.0192580083,0.0473019302,4.24E-05
LAMOTTE,0.0050208256,0.0002256989,0.0005378199,0.0080630814,0.015798183,0.0384687424,0.0135928994,0.0043793775,0.0093451232,0.0001470654,0.0040564397,0.0551769444,0.0062434864,0.000563691,0.0015600149,8.34E-05,0.0009873092,0.0119184653,0.0084404784,0.0424373045,0.0012886405,0.0219193701,0.0008747254,0.0001295674,0.0338128442,0.0001620324,0.0003390975,0.0049237735,0.0012020037,0.0150150121,0.0001186241,0.0011459064,0.079155537,0.1525463175,7.98E-05,0.0004143058,0.001023564,0.0046994422,0.0308369312,0.1431643222,0.0005932087,0.0002015886,0.0001515264,0.0131310633,0.0024521813,0.0055092293,0.0001403856,0.0047409455,0.0002046753,0.0002655348,5.77E-05,0.0205995975,0.0001540778,0.006185373,0.0554592702,0.0003474273,0.0277975397,0.0276336045,0.1088779163,0.0055989577
LEBOULANGERCHALUSSAY,0.013593435,0.0024601019,0.0046995474,0.0275897386,0.0009866857,0.0032601357,0.0013539173,0.0125320146,0.0088681558,0.0210026985,0.0015715909,0.0001528413,0.0031293519,0.0138661901,0.0029519908,0.011752108,0.0094532057,0.0047091201,0.0170424157,0.0118652497,0.0013044187,0.0036082008,0.0084466997,0.0012655739,0.0080687365,0.0026171691,0.0008024945,0.0267542097,0.0055684908,0.0145600046,0.0894672563,0.0327748845,0.0156197774,0.0057160333,0.155247371,0.0159506866,0.2780556977,0.0072298719,0.0030070123,0.0168448021,0.0080076013,0.0055637212,0.0026518422,0.0241674264,0.0009356135,0.0093559745,0.0047636486,0.0018810904,0.0028581166,0.0009489477,0.0029026373,0.0227278747,0.0007188828,0.0233298328,0.0022643159,0.0001227865,0.0067110928,0.0035421958,0.0093276286,0.0014688841
LECLERC,0.0141133118,0.0001323195,4.58E-05,0.0260559779,0.0041734151,0.0027149335,0.0061219581,0.0121465021,0.0015328773,0.0005977634,0.0005383165,0.0003350849,0.0035620566,0.0018374042,0.0024538474,0.0002871034,0.0004773507,0.053189657,0.031106302,0.0012173939,0.0001343885,0.0573034572,0.0001733599,0.0785008789,0.0306656227,0.0016156245,0.0093540527,0.0122593607,0.0006302593,0.0006708501,6.95E-05,0.0002835711,0.1524202418,0.0217939754,4.68E-05,0.0003449728,0.0011125439,0.0056321883,0.0271607477,0.123733216,0.0016071922,0.0001181845,2.12E-05,0.0064786409,0.0042338531,0.0228840804,0.0007869037,0.0184361525,5.41E-05,8.90E-05,3.38E-05,0.0897331173,9.03E-05,0.0142815718,0.0612415714,0.0024313688,0.0012779805,0.0160966359,0.073512049,4.72E-05
LEFRANC,0.001091351,0.0001246807,4.31E-05,0.0023106933,0.009975524,0.0010745785,0.0141220355,0.0059873036,0.0001052135,0.0002693054,7.56E-05,0.0006502059,0.0002085683,0.000379554,0.001192857,0.0005986097,0.0006175332,0.0239026417,0.0046550284,0.0010477601,0.0014786723,0.00309541,0.0001633518,0.0606481841,0.0432686168,0.0179368847,0.0012477231,0.0485828633,0.0001557626,0.0015475649,6.55E-05,0.0002672005,0.0757974938,0.1206293344,4.41E-05,0.0001062167,0.0007522359,0.0040443863,0.0459357842,0.0344174939,0.0021119435,0.0001113617,2.00E-05,0.0043198417,0.0029074639,0.0233749265,7.76E-05,0.0004290672,5.10E-05,8.39E-05,3.19E-05,0.041592555,0.0004612427,0.0049850809,0.1099894497,0.0002659768,0.0702559559,0.076743341,0.1335260882,4.45E-05
LEGOUVE,0.0081510095,0.0001997765,0.0002433189,0.0211576153,0.0080431574,0.0262628376,0.0138749892,0.0025603689,0.0005100863,8.73E-05,0.0002157936,0.0168878154,0.0084024236,0.001637846,0.0007518656,0.0003127153,0.000599297,0.0511443986,0.030764364,0.008335853,0.0078833085,0.0384685933,0.0008563133,0.0528885053,0.0657243335,0.0045109201,0.0012719049,0.0302072212,0.0015429386,0.004135119,0.0004120564,0.0007533586,0.0339506818,0.1568563496,0.000111081,0.0007538236,0.0006051267,0.0005497837,0.0288491228,0.1159252069,0.0006882634,0.0002581155,2.15E-05,0.025664179,0.0044234985,0.005994648,0.0003744014,0.0119654475,0.0003284594,0.0002952035,3.43E-05,0.019328921,0.0003717255,0.0060129163,0.0298965653,7.42E-05,0.0832947568,0.0140115604,0.0505149629,4.78E-05
LEMIERRE,0.0110070989,0.000563095,0.002451103,0.015794718,0.0141814804,0.0164715275,0.0042873731,0.0105845838,0.000142861,0.0001966797,0.0002492058,0.0022125805,0.003599014,0.0028290437,0.0058885385,6.25E-05,0.0004857219,0.0525399344,0.0189762897,0.0202219587,0.0029242544,0.0096303765,0.0018437187,0.0003170737,0.0100065566,0.0092080922,0.0008214779,0.0185262869,0.0017555692,0.0076812875,0.0006366498,0.0037353624,0.022919444,0.1054521417,0.0004614631,0.00061946,0.0010682602,0.0074367703,0.0208994657,0.1176587313,0.0007457693,0.0006312336,2.71E-05,0.00920119,0.0199158519,0.0062654145,0.0022230646,0.0546055018,0.004991541,0.0001138914,0.0005885369,0.0443104989,0.0014884729,0.0049744209,0.0021701568,0.0001725774,0.1976876231,0.0186178757,0.1048610344,6.04E-05
LEVAYER,0.0050284457,0.0001261786,0.0002331329,0.0114693206,0.0015997754,0.0087855247,0.0282839823,0.1924565905,0.0030672009,8.22E-05,7.65E-05,0.0052144223,0.017646694,0.0001859656,0.0015956296,4.66E-05,0.0024701574,0.0021854594,0.0415105079,0.0592531131,0.0007166836,0.012772242,0.0007338217,7.24E-05,0.0044574373,0.0003025856,0.0060928718,0.016228776,0.0336202272,0.0248142994,6.63E-05,0.001440729,0.0205872564,0.0048852407,0.0002217798,0.0008160875,0.0053689736,0.0147305647,0.0191717327,0.1024782227,0.0256053092,0.0001126996,2.02E-05,0.0402506774,0.0029204822,0.0173110792,0.0002697256,0.0167987394,5.16E-05,8.49E-05,0.0007879887,0.0961329776,0.0002785579,0.0334207386,0.0054085751,0.0087362955,0.0120610126,0.0764098637,0.0123978616,4.50E-05
LINANT,0.0015948949,0.0001294323,4.48E-05,0.0194454713,0.0123675753,0.0003366539,0.003457866,0.0006645087,0.0001092233,8.43E-05,0.0043266107,8.93E-05,0.0126612309,0.000190761,0.000551128,4.78E-05,0.0008809659,0.0011495971,0.0025750394,0.0478059882,0.0001314562,0.0063727992,0.0011041371,0.0112990522,0.0026677907,9.29E-05,0.0058590662,0.0021565017,0.0043937226,0.0008531771,0.0003640513,0.0009187978,0.0206939565,0.2166436564,4.58E-05,0.0004383368,0.0003891907,0.0007484082,0.0198709174,0.1682804233,0.0027664928,0.0001156057,2.08E-05,0.0010780799,0.0002109055,0.0179355527,8.05E-05,0.0157613154,5.29E-05,0.0015985118,3.31E-05,0.0474809623,8.84E-05,0.0026876116,0.0799007809,0.000399807,0.0563655931,0.0304635931,0.1710760798,4.62E-05
LONGEPIERRE,0.0036333551,0.0005605313,5.52E-05,0.0041732391,0.019150515,0.0299219086,0.0155853287,0.000629025,0.0047595535,0.0007068681,0.0021965489,0.0001101531,0.0074261419,0.0004373219,0.0005149777,0.0006813189,0.0011087429,0.013683926,0.0120858519,0.0083806677,0.0011616569,0.0117328161,0.0018465942,0.0010025028,0.1392163345,0.0001146282,0.0003575594,0.098552161,0.0009870671,0.0055967096,0.0008876903,0.000342182,0.0508700577,0.1171671627,0.0002574196,0.0013342125,0.000480108,0.0065274294,0.0041446721,0.2295835379,0.0002578704,0.0003676576,2.56E-05,0.030200257,0.000461117,0.0057206927,9.93E-05,0.0085441032,6.53E-05,0.0001074159,4.08E-05,0.0568718273,0.0001090009,0.0088871533,0.0355538549,0.0037815647,0.0244830782,0.0110436688,0.0153590558,5.70E-05
MAGNON,0.0125530546,0.0005701643,0.0199810176,0.0339308151,0.010686381,0.0148441016,0.0149253176,0.0580992775,0.011685529,0.0004699867,0.0004207455,0.0184904398,0.0390528619,0.0041512955,0.0028665375,9.16E-05,0.0019820251,0.0061106646,0.0589776481,0.0398689753,0.002975193,0.0249328594,0.0007142132,0.0031821849,0.0281362961,0.0003899271,0.001119601,0.013702461,0.0043151227,0.0080692223,0.0002297291,0.0102657237,0.0457775341,0.0099584155,0.0005401164,0.0028181715,0.0014003067,0.0333630222,0.0415219865,0.0727496814,0.0282688396,0.0015163805,2.38E-05,0.0446243955,0.0066039273,0.0168721719,0.0032876274,0.0295664291,0.000441419,0.0022304779,0.0002414828,0.0538715895,0.0007153565,0.0350256289,0.0191980774,0.0066607711,0.0120656926,0.0561126729,0.0267002881,5.29E-05
MAIRET,0.0300810464,0.000330752,0.0005381154,0.0305702766,0.0086571994,0.0016678156,0.0156896526,0.0825649203,0.017392194,0.0021507999,0.0003984118,0.0011340148,0.0280459621,0.0009626035,0.0150116224,0.0001378938,0.006565097,0.0134477513,0.02963489,0.0086669921,0.0139295704,0.0087096354,0.0021753868,0.0015696538,0.0151523624,0.0250167529,0.0061418953,0.0201075854,0.0103202378,0.0032958347,0.0022689024,0.0324459203,0.0170425271,0.0063408545,0.0022822367,0.015879325,0.055175815,0.0297085674,0.0423312356,0.0122335494,0.0520125685,0.0038185655,0.0001148971,0.025285612,0.0104777937,0.013539201,0.0015326148,0.0032602032,5.57E-05,0.0041237841,0.001402157,0.0769345444,0.0005448149,0.1342653125,0.0227913837,0.0086448746,0.0093402209,0.0081855004,0.0078458189,4.86E-05
MARECHALA,0.0088249873,0.0014200901,0.0018300469,0.016459383,0.0073337071,0.0048008554,0.0152737908,0.0137357158,0.0024877239,0.0164797905,0.0015401003,0.0021769069,0.0056011478,0.0040246666,0.0030939011,0.0009925188,0.0055483721,0.0050204026,0.0405772674,0.0371549015,0.0109231327,0.0169041851,0.0005294336,0.00010854,0.0143910347,0.0030138346,0.0137654449,0.0245013414,0.0083647803,0.0163695504,0.0053476245,0.0405416876,0.0383121259,0.0078608647,0.002100396,0.0135220433,0.0330203875,0.0425601008,0.0802232244,0.0522310099,0.0139482468,0.001511404,0.0001191605,0.0178407929,0.0131189675,0.0132664281,0.0047083176,0.0060721174,0.0009691589,0.0009976248,0.0015590301,0.0433941534,0.0004646168,0.2297943957,0.0036556722,0.0018416602,0.0036269439,0.0112984186,0.0116326412,0.0012132314
MARIVAUX,0.0089236058,0.022390905,0.0006086627,0.0353021021,0.0106393753,0.0052206234,0.0079571983,0.005458539,0.0115749792,0.0039337519,0.0004346992,0.0002992585,0.0077141079,0.0123483749,0.5005211065,0.0019783066,0.0333937285,0.0006933916,0.0050307589,0.0043338173,0.0033864877,0.0184956665,0.0139010258,0.0004388507,0.0123758668,0.0003168903,0.0111888198,0.0019023887,0.0031826608,0.0030782687,0.0026601421,0.0080067684,0.0213707032,0.0196945088,0.0017811022,0.0067785423,0.0382290716,0.0106250132,0.0056909849,0.0049061909,0.0061457889,0.0130611494,0.0096999864,0.0119787334,0.0073954691,0.006965047,0.0023740506,0.0022258195,0.0014868106,0.005606562,0.0004440127,0.0129008992,0.010203082,0.0068821423,0.0091875804,0.00105331,0.0029389016,0.0036751539,0.0155585642,0.0034496906
MOLIERE,0.0338028609,0.0181662243,0.0020652675,0.0332218862,0.0098834911,0.0120372305,0.0081555704,0.0234780935,0.0061413327,0.0068761789,0.0043796408,0.0035827154,0.0079127869,0.0548453458,0.0185313332,0.0075000356,0.143266287,0.0028885233,0.009522134,0.0087966587,0.0008665524,0.0322549308,0.0044807236,0.000741084,0.0753592237,0.003756241,0.0066921335,0.0129981845,0.0018269358,0.0164722767,0.007033867,0.0171949293,0.050970025,0.0092222521,0.0107312719,0.0063279126,0.1075395068,0.0248724818,0.0073768665,0.0089108425,0.0207667946,0.0161763716,0.0105782645,0.0133479934,0.0088030737,0.0105665971,0.0042513574,0.0053358819,0.0016663317,0.0045802756,0.000417081,0.0191654928,0.0064702427,0.0192481784,0.0082253632,0.0027406004,0.0027520527,0.0036756023,0.0151750119,0.0053755952
NADAL,0.00660085,0.0003300569,0.0007072731,0.0124632804,0.0093576646,0.0276069569,0.0039539407,0.0030139517,0.0004345292,0.0001996679,0.0001178625,0.0288076424,0.0049992913,0.0020277738,0.0016708578,0.0002640954,0.0004518617,0.0542016672,0.0099651863,0.0108721148,0.0016753964,0.0099705099,0.0010806322,0.0004046633,0.0154406195,0.0007148905,0.0004077411,0.0231475528,0.0040068753,0.004026863,0.0001055828,0.0009980333,0.0533306703,0.0487048883,8.43E-05,0.0009399451,0.0012821228,0.0037721369,0.0184140732,0.1017166433,0.0020173652,0.0002735969,2.01E-05,0.0276555315,0.0034387853,0.0059325323,0.0001182329,0.014243769,0.0006545154,0.0002903718,0.0001542214,0.0204003525,0.0002888664,0.0064436269,0.036478335,0.0003243976,0.0214343298,0.0241806603,0.3672948389,8.48E-05
NERICAULT,0.0062587731,0.0212838675,0.0016617599,0.089340285,0.0011652296,0.0291337689,0.0087828459,0.0162538814,0.0013276386,0.0009106064,0.0002558503,9.55E-05,0.005859439,0.0365384873,0.0810262588,0.0016343686,0.0260715829,0.0003608868,0.0014748135,0.004939525,0.000140612,0.0566487222,0.1885077841,0.0002440546,0.0039213894,9.94E-05,0.0145388702,0.0036746654,0.0033833279,0.0165855801,0.0054557324,0.0072786344,0.0350416683,0.0215680738,0.001861197,0.0002847161,0.0548412445,0.034491165,0.0017860405,0.0044483393,0.0010930967,0.0211955809,0.000906182,0.0637060408,0.0029949344,0.024728359,0.0034823465,0.0053341953,5.66E-05,0.0033159173,0.0076733163,0.0223161432,0.0045704435,0.0026337131,0.0064748609,7.67E-05,0.0118414556,0.0066846068,0.0155493067,0.006189587
NIVELLE,0.0235928776,0.0191448745,0.0021715441,0.0940624036,0.0117210047,0.0131331178,0.0235750532,0.0053237066,0.0003469261,0.0005201295,0.0005726743,0.0002825684,0.0073439414,0.0331905031,0.0261599342,0.0001237847,0.0110272022,0.0008045998,0.0083942244,0.0115360967,0.0003409213,0.0487398236,0.165598099,0.0002763872,0.0356261723,0.0005012148,0.0142490061,0.0027346473,0.002446325,0.0018703281,0.0010781069,0.0073432758,0.0363294191,0.1020403948,0.0001135698,0.0050521604,0.0386645316,0.0192840074,0.006333459,0.0099539186,0.0089612585,0.0114026447,3.10E-05,0.0277835656,0.0020809029,0.0157489486,0.0004072438,0.0100827232,0.0049994861,0.0072870632,0.0018163364,0.0552242612,0.00913078,0.0100945211,0.0057058006,0.000611811,0.0106846394,0.0016409234,0.0243596768,0.000343474
OUVILLE,0.0565284496,0.0035315594,0.0007826207,0.0587503487,0.013208895,0.0012116032,0.0985534162,0.0600366284,0.0002430445,0.0010987941,0.0058291317,0.0002122813,0.0016705974,0.0072881181,0.0110326343,0.0009212894,0.0496578089,0.0011430398,0.012360056,0.0060404806,0.0004862469,0.0316348477,0.0030249044,0.000236186,0.010885285,0.0015607434,0.0184807509,0.0032259401,0.0024741558,0.0348688177,0.0008144895,0.138305703,0.012442,0.0074457246,0.0004932183,0.0069196839,0.0204337646,0.1018020195,0.010730651,0.0151221415,0.0040202695,0.0019117283,3.35E-05,0.0096037788,0.0075739313,0.0192776967,0.0010396019,0.0072311369,8.53E-05,0.0049648227,5.34E-05,0.0187491862,0.001557149,0.088156484,0.00810186,0.0044314069,0.0010801709,0.0031654714,0.0074006169,7.45E-05
PALISSOT,0.0154824867,0.0030541679,0.000199068,0.032757523,0.0036844137,0.0304181495,0.0084200066,0.0048799684,0.0003934695,0.0024296665,9.81E-05,0.0002574095,0.0013720756,0.1186823101,0.0272457887,5.98E-05,0.0036126254,0.006576151,0.0015171824,0.0067326166,0.0017766019,0.0251399187,0.1002845722,0.0013570768,0.0128528403,0.0001162393,0.0067350814,0.0093674125,0.00231367,0.0026440042,0.0311020852,0.0049621227,0.0490087275,0.1260980305,0.002419694,0.0004190299,0.0041708005,0.0083032328,0.0047762019,0.0901190932,0.001640253,0.0002993185,2.60E-05,0.0155031418,0.0002638309,0.0053028975,0.0006505605,0.0020606895,0.0044913346,0.0067484238,4.14E-05,0.0114949513,0.0049852577,0.0055413247,0.0163910682,8.97E-05,0.0685808166,0.0211652974,0.0820609369,0.0008233231
PELLEGRIN,0.0069948625,0.0003676246,4.45E-05,0.0082664055,0.0047653749,0.0330448074,0.0072422858,0.0008244436,0.0001085147,0.0003115014,0.0003177212,0.0003164247,0.0111206092,0.0009913318,0.0019566726,0.0002786342,0.0009958588,0.0090315757,0.0074318402,0.0041952715,0.0410764504,0.0361329686,0.0001684771,7.38E-05,0.0145532423,9.23E-05,0.0003659118,0.0034333563,0.0017593552,0.0056794746,6.76E-05,0.0029113025,0.0587627816,0.0305992414,4.55E-05,0.0001095493,0.000386666,0.007114282,0.0110917466,0.0817846979,0.002886224,0.0001148558,2.06E-05,0.0277713686,0.0002095373,0.0018255073,8.00E-05,0.009166827,0.0002923401,8.65E-05,3.29E-05,0.0205646804,0.0024909043,0.0061335236,0.1818002734,7.13E-05,0.0350062125,0.1002422835,0.2163433632,4.59E-05
PESSELIER,0.0032045399,0.0132410255,0.0021874297,0.0077500383,0.0024081671,0.006522482,0.0153392855,0.0134076982,0.0004437694,0.0019802489,0.0045415073,0.0024560969,0.0125489197,0.1447154154,0.0202405881,0.0229876029,0.000305225,0.0005480172,0.0016825318,0.004207074,0.0001601065,0.0199695825,0.0783871948,9.05E-05,0.0254959676,0.0001131731,0.0001546285,0.0052747768,0.001121197,0.0107418024,0.2028945573,0.0034036523,0.0139859986,0.0252610792,5.58E-05,0.0261553078,0.0606578705,0.0074795006,0.0007890098,0.0018133674,0.0020676586,0.0050224038,2.53E-05,0.0333596992,0.0036413454,0.0042149027,0.0194235231,0.0044894658,0.0171007866,0.0019197768,4.03E-05,0.0071650593,0.0047926752,0.0348487681,0.0133423921,0.0164087256,0.0361695306,0.0053915292,0.0257972172,5.63E-05
PIRON,0.0103979224,0.0239040119,0.0018257812,0.0336023625,0.0100085456,0.021008937,0.0080982902,0.0060386469,0.0004722259,0.0409315237,0.0025305381,0.0013656075,0.004126135,0.0220442217,0.0365627359,0.0105415781,0.0121898046,0.0079185719,0.007852357,0.0096110258,0.0011990241,0.0429488862,0.0860136491,0.0001327024,0.0283057035,0.0067634517,0.0078443624,0.0193951034,0.0010730529,0.0036413838,0.0502074874,0.0063172556,0.0263967775,0.0510484088,0.0003573499,0.0046854762,0.0939437148,0.0142481193,0.0118426949,0.0403714357,0.007430348,0.0111378201,0.012776862,0.0194758351,0.0063260383,0.0063924211,0.0064321973,0.0034825095,0.0063038767,0.0033367637,0.0008334116,0.0203642238,0.0085453388,0.0089762852,0.0204121676,0.0009465528,0.0292748156,0.0109606217,0.0455926616,0.0032323869
POINSINET,0.016089116,0.0001191605,0.0002453956,0.0079889374,0.0023694394,0.0013818735,0.0145280951,0.0042860357,0.0009291666,7.76E-05,7.22E-05,0.0015156483,0.0102669167,0.0020944217,0.0004362453,4.40E-05,0.000447951,0.0144458112,0.0095356487,0.0013041081,0.0001210238,0.002854829,0.0026703694,0.1080886756,0.0042993761,8.55E-05,0.0022736835,0.0369485661,0.001356741,0.0111430299,6.26E-05,0.002950555,0.0573470302,0.0627597697,4.21E-05,0.000101514,0.0021043589,0.0013973825,0.048936128,0.0911895771,0.0001924486,0.0008254327,1.91E-05,0.0307949257,0.0008019226,0.0088903517,7.41E-05,0.0153483305,4.87E-05,0.0002873173,3.05E-05,0.0398471921,8.13E-05,0.0054629999,0.0256599507,6.60E-05,0.1019387325,0.0087076003,0.2359696805,4.25E-05
PRADE,0.0173967839,0.0005515218,0.0004636158,0.0153902824,0.0022274785,0.0318254783,0.0113955689,0.0067223316,0.000715359,8.55E-05,7.96E-05,9.06E-05,0.0063350775,0.0001934872,0.0002523968,4.85E-05,0.0002541878,0.0006145997,0.0400844377,0.0858413475,0.0003283744,0.0293271749,0.0001720006,7.54E-05,0.0151651337,9.42E-05,0.0003238124,0.0023853028,0.0322524423,0.0163516535,6.90E-05,0.002629858,0.1778562794,0.0047763553,4.64E-05,0.0001118404,0.000603863,0.0351215608,0.0288378853,0.1017416172,0.0034467314,0.0005278931,2.11E-05,0.0166056564,0.0566263344,0.0166722473,0.0005065421,0.0746757517,0.0002813406,8.83E-05,3.36E-05,0.017615007,8.96E-05,0.0029310013,0.0175301522,0.003056284,0.0003068118,0.114434394,0.0056660955,4.68E-05
PRADON,0.0057732771,0.0003170177,0.0006456852,0.0219787569,0.0233901921,0.0185907189,0.0082999071,0.003132044,0.0002432476,0.0002637231,0.0001821851,0.0006134663,0.0192331124,0.0012895379,0.0011923289,0.0001903799,0.0014261676,0.0069824968,0.0224082244,0.0029438649,0.0227883105,0.0193669303,0.0011997272,0.0010355337,0.0254915887,0.0037005451,0.0003040152,0.016866448,0.001518892,0.0044871598,0.0001980555,0.0040605388,0.0485027187,0.0299539123,9.99E-05,0.0003847289,0.0014680104,0.0031924834,0.079705082,0.1003491537,0.0021451187,0.0003918489,6.73E-05,0.016242806,0.0020547346,0.0190138847,0.0003051029,0.008741236,0.0001464006,0.0001959183,3.83E-05,0.0191302188,0.0005147453,0.0028495108,0.3223259802,0.0002020942,0.0117339726,0.0155973814,0.0744387072,9.47E-05
PUGETDELASERRE,0.0003161887,0.0033601097,4.19E-05,0.0119665362,0.0339896579,0.0005941983,0.0152600663,0.1093671392,0.0001022545,0.0057875275,7.34E-05,0.0006250265,0.0122652048,0.0007200199,0.0091345857,0.0003154774,0.0010266735,0.0236603607,0.0464815377,0.0465507188,0.0141141372,0.0296890691,0.0001587576,0.0050901871,0.0007261241,0.0006112499,0.0022085407,0.0030631632,0.0017678492,0.0024377149,6.37E-05,0.0086725077,0.0107366387,0.0034152617,4.29E-05,0.0001032294,0.0033996546,0.0020191386,0.1400855741,0.0704444405,0.1857551106,0.0104570366,1.94E-05,0.014372452,0.0004799412,0.0021209957,0.0008851611,0.0205170911,0.0003202459,0.0034891913,3.10E-05,0.0952346505,8.27E-05,0.0254572539,0.0005894364,0.000339495,0.0119433875,0.0057943244,0.0015794273,4.32E-05
QUINAULT,0.0329163186,0.0022923644,0.0009467009,0.0763400081,0.0219011968,0.0138496312,0.0346017916,0.0047159625,0.0229859175,0.0010567469,0.0018283002,0.0006431006,0.0102922558,0.0091796809,0.0059751227,0.000105058,0.0230084609,0.0007360637,0.0433174724,0.0078797481,0.0002046634,0.0469938197,0.0116913106,0.000310235,0.0327348151,0.0026339475,0.0036459994,0.0122114568,0.0020525172,0.007004347,7.17E-05,0.0304742985,0.1388457005,0.0157283327,0.0009717781,0.006143917,0.0395497958,0.0357304992,0.007078661,0.029780784,0.0031605578,0.0022448971,0.0002335249,0.0055630106,0.0031649834,0.1075247695,0.0010213435,0.014474086,0.0001654985,0.0040571338,3.49E-05,0.0428850038,0.0026497504,0.0158316608,0.0173256896,0.0003448194,0.0014175237,0.0144785796,0.0249431648,4.87E-05
RACINE,0.0092773063,0.0110433685,0.0005717149,0.0152386604,0.030884795,0.0270386161,0.0247197163,0.003516848,0.0020124015,0.0026258753,0.0006767269,0.0174782507,0.0117631137,0.0010965778,0.0020304643,0.0006561237,0.0082423624,0.0289885754,0.0278016263,0.0093330795,0.0071992046,0.0276778169,0.0017052677,0.0160835108,0.0214279689,0.003335781,0.0025010382,0.0256812297,0.0036595733,0.0069343724,0.0004449763,0.0083992346,0.0339214183,0.0432514245,0.0004304124,0.0011338743,0.0116290716,0.0077641168,0.0386624063,0.0749399134,0.0024905408,0.000436445,8.43E-05,0.0128390158,0.0115410196,0.0121867646,0.0011036864,0.0093454942,0.0007540142,0.0011445019,0.0003807064,0.023689513,0.0027169738,0.0094571427,0.1468511862,0.0005646556,0.0263143393,0.0291296049,0.1349707327,0.0022205838
REGNARD,0.0120732994,0.0635791455,0.0004896162,0.0131911571,0.0118121711,0.0050971694,0.0121996396,0.0068980158,0.0042155349,0.0456316629,0.0007810912,0.0006267595,0.002733556,0.0308930608,0.0286255131,0.0237736775,0.1021903708,0.0031785252,0.0112866628,0.0046869629,0.003708297,0.0230395629,0.0342261077,0.0006457861,0.0391950541,0.0036400396,0.0130266887,0.0159127447,0.0015005335,0.002724047,0.0134580049,0.0219978448,0.0148795449,0.0142532836,0.0101458063,0.0119477232,0.1059641298,0.0094918062,0.0102769499,0.0253872579,0.0033271905,0.0478432504,0.0008144292,0.0103036982,0.0070146261,0.0197421897,0.0051457981,0.0026297514,0.0024809656,0.0158905418,0.0013027386,0.0129477238,0.0330815456,0.0113749899,0.0179348236,0.000770039,0.0055265796,0.0056962935,0.0270533029,0.0097347183
ROSIMOND,0.0256141009,0.0163016528,4.91E-05,0.0331306796,0.0164933053,0.0003690493,0.0284126433,0.0560477487,0.0001197336,9.25E-05,0.0379891706,9.79E-05,0.0037781466,0.0458551579,0.0076580745,0.0047082213,0.0266836525,0.0013810591,0.0079939569,0.0126776608,0.0040109072,0.02751975,0.0016012052,0.0003027241,0.0582734906,0.0058763685,0.0016439327,0.0293540196,0.0074184669,0.0053063523,0.0003176846,0.0170712489,0.0292380913,0.012158193,0.0086557229,0.0001208751,0.2073797513,0.0255023889,0.0178813158,0.0674582721,0.0209071647,0.0035475235,2.28E-05,0.0009617768,0.0030215591,0.0090664382,0.0022473476,0.0211109938,0.0030111264,9.55E-05,3.63E-05,0.0394233103,0.0003577304,0.0112018909,0.0016034967,7.86E-05,0.0010277568,0.0004041083,0.0075563914,0.0217740781
ROTROU,0.0176421525,0.0007025465,0.002909452,0.0150171578,0.0065407672,0.0118479771,0.0108358097,0.0207469883,0.0088865205,0.0009667612,0.0028847122,0.0140807215,0.0102579112,0.0050531421,0.0022788874,0.0006545371,0.0021063163,0.0098708428,0.0364601198,0.0199075656,0.0013294748,0.0133760601,0.0015472057,0.000933237,0.0143016082,0.0049739356,0.003127733,0.0361147369,0.0095567437,0.0143042824,0.0040512627,0.0167072344,0.0298106461,0.0083155696,0.0005357202,0.0084246203,0.0104763734,0.0315125737,0.0375570606,0.0513914427,0.0142909731,0.0005499467,1.97E-05,0.0439422821,0.0074900108,0.0256150882,0.0039131385,0.0071234015,0.0003639832,0.000861915,5.42E-05,0.0337678218,0.0006845473,0.1208287496,0.0074615911,0.1608474639,0.0047438254,0.0461841207,0.0219956487,0.0012631687
SAINTEVREMOND,0.0010242774,0.00270479,0.0073179205,0.0246897627,0.0026664799,0.0027372504,0.0039332801,0.0118206985,0.0001758336,0.0001357721,0.0001262983,0.0229362958,0.0009138949,0.1658903949,0.0200912483,7.70E-05,0.0098898462,0.0027982316,0.0231242695,0.0163419933,0.0007360462,0.0149514828,0.0002729947,0.0001196178,0.0042998936,0.0001495898,0.0002043847,0.0365132696,0.0041515999,0.024250928,0.2033205843,0.0259240006,0.0121318652,0.0052917393,7.37E-05,0.0412234382,0.0978308354,0.0209999285,0.0012203971,0.0025939237,0.0009018548,0.0001861085,3.34E-05,0.0352217365,0.0008200965,0.0297032023,0.0047907264,0.0003942685,8.52E-05,0.0001401777,0.0073039228,0.0066065267,0.0011408152,0.0445583698,0.0005754609,0.0001154828,0.0088274225,0.0196163775,0.0118222712,0.0115008654
SALLEBRAY,0.029308341,0.0164734334,0.0058719666,0.032799798,0.0020457871,0.0059126532,0.0028573403,0.0283649752,0.0001289878,0.0025383119,0.0020917092,0.0096071886,0.0077656723,0.0089164072,0.0145708545,0.0107619477,0.0155804654,0.0010865136,0.011186931,0.0076108207,0.00260863,0.0321522793,0.0028972369,8.77E-05,0.0267571315,0.0009577991,0.0085174635,0.0212557269,0.0087688919,0.0094807816,0.0156299303,0.0279335387,0.0180920993,0.0074570357,0.0051313666,0.0041060869,0.0347719857,0.0417019859,0.0140501007,0.0181953276,0.0098830294,0.000469039,2.45E-05,0.0870928172,0.0010012625,0.0174967408,0.013972743,0.0214938037,0.0011616904,0.0020095918,0.002756328,0.0328840879,0.0002827039,0.2559649263,0.0027209001,0.0133682995,0.002158328,0.0029818354,0.0160199542,0.0002241575
SAURIN,0.0086347989,0.0004219264,0.0021413576,0.0096703553,0.0027491007,0.0172285588,0.0149417513,0.0039112258,0.0009864461,0.0002313233,0.000224978,0.0002431745,0.0138298351,0.004640148,0.0009818912,0.0002206052,0.0009190584,0.0137210972,0.019881401,0.0111862466,0.0576254109,0.0480927809,0.002303198,0.0002196194,0.0189396624,0.0003730207,0.0066221554,0.0312509653,0.0055424309,0.0196498181,0.0007890123,0.0108338328,0.0413620824,0.1506994867,6.61E-05,0.0022442287,0.0015989414,0.0037142504,0.0562521778,0.0758518589,0.0055557414,0.0003860801,2.99E-05,0.0472815715,0.0045542838,0.0111109039,0.0005670952,0.0054286804,0.00212848,0.0008244253,4.78E-05,0.0054788564,0.0018151109,0.0066003298,0.0195032972,0.0003270761,0.1398167889,0.0230576309,0.0646230484,6.66E-05
SCARRON,0.0119298243,0.0065137151,0.0003013324,0.0311524689,0.006503371,0.0149632215,0.0392173587,0.0265936907,0.0133774743,0.0205504871,0.1138001755,0.0018010435,0.0067542781,0.0056738191,0.0175910158,0.0010567393,0.0130794976,0.002362428,0.0192531795,0.004935037,0.0008311404,0.017983823,0.0037022821,0.0005670639,0.0081913125,0.0059832564,0.0070260873,0.0071458366,0.0085678426,0.0193466907,0.0027421215,0.0498756066,0.0182016058,0.0085005543,0.0006431332,0.0131922052,0.1734677897,0.0150305448,0.0236306973,0.0216914386,0.0122583452,0.0200195469,0.0008382066,0.0114832684,0.0155579696,0.0295532068,0.0067806049,0.0038804093,0.0016739998,0.0034656986,0.0012571072,0.0478358002,0.0049785804,0.0472499545,0.0089006785,0.0010439097,0.0037398046,0.0061950138,0.007496194,0.0020605106
SCUDERY,0.0144273155,0.0016473252,0.000340199,0.0121160607,0.0154642747,0.0057116549,0.0268059268,0.1052064387,0.009027599,0.003681256,0.0007877107,0.0003704778,0.0071607037,0.0071659435,0.0063217924,0.0003854977,0.0061635504,0.0072228186,0.0484365729,0.0242054624,0.0098547066,0.0105306866,0.0016387948,0.0013344559,0.0065918783,0.0072666613,0.0046860056,0.0261482941,0.0081604367,0.0081022938,0.0086573513,0.0171330655,0.0208993128,0.0113604853,0.0013283604,0.0107524231,0.0132228371,0.0172134608,0.050421538,0.0365602815,0.0174452521,0.0012040746,9.57E-05,0.0204860374,0.0065792339,0.0424128224,0.011576194,0.0025597792,0.0004134646,0.0005956295,0.001175845,0.0688489665,0.0005810507,0.1761326559,0.0166305559,0.0023305794,0.0074237476,0.0374279511,0.0099273555,0.0016411508
SEDAINE,0.0008999016,0.0001515631,5.24E-05,0.0096542819,0.0092303632,0.0119056809,0.003413564,0.0004073425,0.0001278986,0.0228664132,9.19E-05,0.0063525945,0.0002535377,0.0002233779,0.0547742169,0.0607701636,0.0469425746,0.0177441164,0.0025088703,0.0013696012,0.000153933,0.0133856364,0.0069739338,8.70E-05,0.0591523357,0.0001088093,0.0250233816,0.0185028622,0.0036280061,0.0002527274,7.97E-05,0.1204455978,0.0045209321,0.0466914692,5.36E-05,0.0025632203,0.019278532,0.0031416662,0.0472435312,0.0050317349,0.0091963228,0.0367812462,2.43E-05,0.0073944284,0.0006767993,0.0080192302,0.0094227891,0.001684236,0.0299713005,0.0018699283,0.2154317763,0.0119207992,0.0001034676,0.0049728486,0.0055600162,0.0005372093,0.0109883364,0.0036184581,0.01066933,0.0050982512
SOMMERIVE,0.0035608166,0.0001244601,0.0004585469,0.0017071707,0.0008580952,0.009854533,0.0063833627,0.0013439174,0.0017155428,8.11E-05,7.54E-05,8.59E-05,0.0051756621,0.0011640546,0.0002392813,4.60E-05,0.000657702,0.0003776934,0.0142771237,0.0192854361,0.0003317723,0.0212043695,0.0001630628,0.0049519532,0.0272267044,0.0008856324,0.0001220813,0.0007105141,0.0011706365,0.024738339,6.54E-05,0.0002667278,0.1037175245,0.149046657,4.40E-05,0.0001060287,0.0007897505,0.0018227615,0.0378054914,0.1787750018,0.0016097277,0.0001111647,2.00E-05,0.0480716597,0.001854739,0.0158559332,7.74E-05,0.000235501,5.09E-05,8.37E-05,3.18E-05,0.0577030485,8.50E-05,0.0010838663,0.1357959319,0.0004857019,0.0306767341,0.0151065522,0.0696000342,4.44E-05
TANEVOT,0.0041809699,0.0009916537,4.19E-05,0.0048206314,0.0023092405,0.0053249734,0.002275159,0.018936725,0.0001022543,7.90E-05,0.0013053724,0.1624232875,0.0016320962,0.0186482282,0.0007609312,4.48E-05,0.0004241122,0.0020092753,0.002969159,0.0108925978,0.000303341,0.0038838651,0.0001587574,6.96E-05,0.093352102,8.70E-05,0.0003110856,0.1797447264,0.0156548172,0.0070520148,0.0005614338,0.0009692322,0.0066381365,0.0468523899,4.29E-05,0.0044222367,0.000886677,0.0012555847,0.0207962401,0.0272006743,0.0007195198,0.0002982654,1.94E-05,0.044048048,0.0001974488,0.0079102304,0.0371340962,0.0141626765,4.95E-05,8.15E-05,3.10E-05,0.0368822882,8.27E-05,0.0106364618,0.0005056767,0.0051723581,0.0830857139,0.0413169567,0.0672078113,4.32E-05
THIBOUVILLE,0.011035976,0.000121483,4.20E-05,0.0138341652,0.0002362084,0.017545493,0.0190337557,0.000326499,0.0030648866,7.92E-05,7.36E-05,0.0012575107,0.0090619044,0.0001790451,0.0002335576,4.49E-05,0.0002352149,0.0192044651,0.0033290664,0.0178457957,0.0007243243,0.0042722794,0.0016274365,6.97E-05,0.0747940568,8.72E-05,0.0024786276,0.0041153149,0.0052827358,0.0007946167,0.0003598733,0.0038065978,0.124636791,0.2048914891,4.30E-05,0.0001034925,0.0006587057,0.0022295117,0.0023940671,0.0976213704,0.0007864991,0.0001085056,1.95E-05,0.0153451823,0.0008255368,0.02983396,0.0003689807,0.0119371368,0.0006408304,0.0003831033,3.11E-05,0.0469475583,8.29E-05,0.0054640059,0.0649825104,0.0024462231,0.0032180887,0.0322790675,0.1364800613,4.34E-05
TRISTAN,0.0234676151,0.0078078304,0.0060424777,0.021744768,0.0080013329,0.014448909,0.0083867515,0.1354133601,0.0036803312,0.0170894299,0.0005123981,0.0026986327,0.0058429247,0.0156861542,0.0030957747,0.0011324014,0.0037190128,0.0063995432,0.0580206303,0.0154908641,0.010386672,0.007858454,0.001018088,0.0002907157,0.008394802,0.0133218842,0.0047763048,0.0520760986,0.0029235658,0.0099926198,0.0011382686,0.0224582339,0.0153788729,0.0111308414,0.0026727571,0.0181021908,0.0713004665,0.0193919149,0.0348803641,0.02269623,0.0255279149,0.0050807087,0.0003170555,0.0232801625,0.0022093544,0.0198590573,0.0069281456,0.0238277575,0.0008258267,0.0030972864,0.0008494497,0.0396959345,0.0019095574,0.0593423618,0.011033017,0.0040187474,0.0133502561,0.0145807108,0.0390857582,0.0163104504
VILLIERS,0.0039794072,0.0005513635,0.0018625874,0.020414355,0.0021735235,0.0111386977,0.0077123357,0.0339757816,0.0001146137,0.0024284401,0.0112440863,0.0027665735,0.0031439642,0.0015583719,0.0010733082,0.0041476709,0.0179812427,0.0040946724,0.027074463,0.0229933228,0.0007495281,0.0151796214,0.0012269299,7.80E-05,0.0078673045,0.0193438797,0.0009692609,0.053704162,0.0007753011,0.0145273704,0.0055384644,0.0702792888,0.0209913948,0.0124818354,4.80E-05,0.0005077883,0.2397278303,0.0078767733,0.0136853261,0.0732694308,0.0224537131,0.0045273631,2.18E-05,0.0047650361,0.0025014553,0.0186683599,0.0183615318,0.0083768665,0.0051783121,0.001101462,0.0041170448,0.0614897873,0.0019390265,0.0569328781,0.0069673205,0.0033895199,0.0053765518,0.0018871735,0.0093063137,0.0233822227
VOLTAIRE,0.0070151555,0.0119277696,0.0012742454,0.0165943887,0.0070665401,0.0250681867,0.0151576751,0.004852419,0.0014347312,0.000634594,0.0005200585,0.017879943,0.0078265629,0.0176887228,0.0120777955,0.000483553,0.0129755292,0.0510935363,0.0139490101,0.0162794978,0.0184550438,0.0245730276,0.021122589,0.0017066965,0.0161522257,0.0015202756,0.0047278125,0.0153546122,0.003308058,0.0067567882,0.0006123629,0.0067315894,0.0217530854,0.1373200252,0.0016217948,0.0013406238,0.0163043316,0.0043609717,0.0137841603,0.0935310903,0.0026432677,0.0343018498,0.000142507,0.0230221569,0.0095780229,0.0150399027,0.0017439325,0.0096821025,0.0023326521,0.0049211548,0.0003566347,0.0166806461,0.0031842351,0.0059278968,0.015334146,0.0007148348,0.1462171342,0.0201840159,0.0344825342,0.0006732946
